2026-05-31T06:30:19: PM2 log: ===============================================================================
2026-05-31T06:30:19: PM2 log: --- New PM2 Daemon started ----------------------------------------------------
2026-05-31T06:30:19: PM2 log: Time                 : Sun May 31 2026 06:30:19 GMT+0500 (Pakistan Standard Time)
2026-05-31T06:30:19: PM2 log: PM2 version          : 7.0.1
2026-05-31T06:30:19: PM2 log: Node.js version      : 26.2.0
2026-05-31T06:30:19: PM2 log: Current arch         : arm64
2026-05-31T06:30:19: PM2 log: PM2 home             : /data/data/com.termux/files/home/.pm2
2026-05-31T06:30:19: PM2 log: PM2 PID file         : /data/data/com.termux/files/home/.pm2/pm2.pid
2026-05-31T06:30:19: PM2 log: RPC socket file      : /data/data/com.termux/files/home/.pm2/rpc.sock
2026-05-31T06:30:19: PM2 log: BUS socket file      : /data/data/com.termux/files/home/.pm2/pub.sock
2026-05-31T06:30:19: PM2 log: Application log path : /data/data/com.termux/files/home/.pm2/logs
2026-05-31T06:30:19: PM2 log: Worker Interval      : 30000
2026-05-31T06:30:19: PM2 log: Process dump file    : /data/data/com.termux/files/home/.pm2/dump.pm2
2026-05-31T06:30:19: PM2 log: Concurrent actions   : 2
2026-05-31T06:30:19: PM2 log: SIGTERM timeout      : 1600
2026-05-31T06:30:19: PM2 log: Runtime Binary       : /data/data/com.termux/files/usr/bin/node
2026-05-31T06:30:19: PM2 log: ===============================================================================
2026-05-31T06:30:19: PM2 log: App [sofa-website:0] starting in -fork mode-
2026-05-31T06:30:19: PM2 log: App [sofa-website:0] online
2026-05-31T06:30:19: PM2 warn: [pidusage] We couldn't find uptime from /proc/uptime, using os.uptime() value
2026-05-31T06:30:49: PM2 warn: [pidusage] We couldn't find uptime from /proc/uptime, using os.uptime() value
2026-05-31T06:31:19: PM2 warn: [pidusage] We couldn't find uptime from /proc/uptime, using os.uptime() value
2026-05-31T06:31:49: PM2 warn: [pidusage] We couldn't find uptime from /proc/uptime, using os.uptime() value
2026-05-31T06:32:19: PM2 warn: [pidusage] We couldn't find uptime from /proc/uptime, using os.uptime() value
2026-05-31T06:32:49: PM2 warn: [pidusage] We couldn't find uptime from /proc/uptime, using os.uptime() value
2026-05-31T06:33:19: PM2 warn: [pidusage] We couldn't find uptime from /proc/uptime, using os.uptime() value
2026-05-31T06:33:49: PM2 warn: [pidusage] We couldn't find uptime from /proc/uptime, using os.uptime() value
2026-05-31T06:34:19: PM2 warn: [pidusage] We couldn't find uptime from /proc/uptime, using os.uptime() value
2026-05-31T06:34:49: PM2 warn: [pidusage] We couldn't find uptime from /proc/uptime, using os.uptime() value
2026-05-31T06:35:19: PM2 warn: [pidusage] We couldn't find uptime from /proc/uptime, using os.uptime() value
2026-05-31T06:35:49: PM2 warn: [pidusage] We couldn't find uptime from /proc/uptime, using os.uptime() value
2026-05-31T06:36:19: PM2 warn: [pidusage] We couldn't find uptime from /proc/uptime, using os.uptime() value
2026-05-31T06:36:49: PM2 warn: [pidusage] We couldn't find uptime from /proc/uptime, using os.uptime() value
2026-05-31T06:37:19: PM2 warn: [pidusage] We couldn't find uptime from /proc/uptime, using os.uptime() value
2026-05-31T06:37:49: PM2 warn: [pidusage] We couldn't find uptime from /proc/uptime, using os.uptime() value
2026-05-31T06:37:53: PM2 warn: [pidusage] We couldn't find uptime from /proc/uptime, using os.uptime() value
2026-05-31T06:37:53: PM2 log: Stopping app:sofa-website id:0
2026-05-31T06:37:53: PM2 log: App [sofa-website:0] exited with code [0] via signal [SIGINT]
2026-05-31T06:37:53: PM2 log: pid=13302 msg=process tree killed (1 pids)
2026-05-31T06:37:53: PM2 log: App [sofa-website:0] starting in -fork mode-
2026-05-31T06:37:53: PM2 log: App [sofa-website:0] online
2026-05-31T06:37:53: PM2 warn: [pidusage] We couldn't find uptime from /proc/uptime, using os.uptime() value
2026-05-31T06:38:19: PM2 warn: [pidusage] We couldn't find uptime from /proc/uptime, using os.uptime() value
2026-05-31T06:38:49: PM2 warn: [pidusage] We couldn't find uptime from /proc/uptime, using os.uptime() value
2026-05-31T06:39:19: PM2 warn: [pidusage] We couldn't find uptime from /proc/uptime, using os.uptime() value
2026-05-31T06:39:49: PM2 warn: [pidusage] We couldn't find uptime from /proc/uptime, using os.uptime() value
2026-05-31T06:40:13: PM2 warn: [pidusage] We couldn't find uptime from /proc/uptime, using os.uptime() value
2026-05-31T06:40:19: PM2 warn: [pidusage] We couldn't find uptime from /proc/uptime, using os.uptime() value
2026-05-31T06:40:49: PM2 warn: [pidusage] We couldn't find uptime from /proc/uptime, using os.uptime() value
2026-05-31T06:41:19: PM2 warn: [pidusage] We couldn't find uptime from /proc/uptime, using os.uptime() value
2026-05-31T06:41:49: PM2 warn: [pidusage] We couldn't find uptime from /proc/uptime, using os.uptime() value
2026-05-31T06:42:19: PM2 warn: [pidusage] We couldn't find uptime from /proc/uptime, using os.uptime() value
2026-05-31T06:42:49: PM2 warn: [pidusage] We couldn't find uptime from /proc/uptime, using os.uptime() value
2026-05-31T06:43:19: PM2 warn: [pidusage] We couldn't find uptime from /proc/uptime, using os.uptime() value
2026-05-31T06:43:49: PM2 warn: [pidusage] We couldn't find uptime from /proc/uptime, using os.uptime() value
2026-05-31T06:44:19: PM2 warn: [pidusage] We couldn't find uptime from /proc/uptime, using os.uptime() value
2026-05-31T06:44:49: PM2 warn: [pidusage] We couldn't find uptime from /proc/uptime, using os.uptime() value
2026-05-31T06:45:19: PM2 warn: [pidusage] We couldn't find uptime from /proc/uptime, using os.uptime() value
2026-05-31T06:45:49: PM2 warn: [pidusage] We couldn't find uptime from /proc/uptime, using os.uptime() value
2026-05-31T06:46:19: PM2 warn: [pidusage] We couldn't find uptime from /proc/uptime, using os.uptime() value
2026-05-31T06:46:49: PM2 warn: [pidusage] We couldn't find uptime from /proc/uptime, using os.uptime() value
2026-05-31T06:47:19: PM2 warn: [pidusage] We couldn't find uptime from /proc/uptime, using os.uptime() value
2026-05-31T06:47:49: PM2 warn: [pidusage] We couldn't find uptime from /proc/uptime, using os.uptime() value
2026-05-31T06:48:19: PM2 warn: [pidusage] We couldn't find uptime from /proc/uptime, using os.uptime() value
2026-05-31T06:48:49: PM2 warn: [pidusage] We couldn't find uptime from /proc/uptime, using os.uptime() value
2026-05-31T06:49:19: PM2 warn: [pidusage] We couldn't find uptime from /proc/uptime, using os.uptime() value
2026-05-31T06:49:49: PM2 warn: [pidusage] We couldn't find uptime from /proc/uptime, using os.uptime() value
2026-05-31T06:50:19: PM2 warn: [pidusage] We couldn't find uptime from /proc/uptime, using os.uptime() value
2026-05-31T06:50:49: PM2 warn: [pidusage] We couldn't find uptime from /proc/uptime, using os.uptime() value
2026-05-31T06:51:19: PM2 warn: [pidusage] We couldn't find uptime from /proc/uptime, using os.uptime() value
2026-05-31T06:51:49: PM2 warn: [pidusage] We couldn't find uptime from /proc/uptime, using os.uptime() value
2026-05-31T06:52:19: PM2 warn: [pidusage] We couldn't find uptime from /proc/uptime, using os.uptime() value
2026-05-31T06:52:49: PM2 warn: [pidusage] We couldn't find uptime from /proc/uptime, using os.uptime() value
2026-05-31T06:53:19: PM2 warn: [pidusage] We couldn't find uptime from /proc/uptime, using os.uptime() value
2026-05-31T06:53:49: PM2 warn: [pidusage] We couldn't find uptime from /proc/uptime, using os.uptime() value
2026-05-31T06:54:19: PM2 warn: [pidusage] We couldn't find uptime from /proc/uptime, using os.uptime() value
2026-05-31T06:54:49: PM2 warn: [pidusage] We couldn't find uptime from /proc/uptime, using os.uptime() value
2026-05-31T06:55:19: PM2 warn: [pidusage] We couldn't find uptime from /proc/uptime, using os.uptime() value
2026-05-31T06:55:49: PM2 warn: [pidusage] We couldn't find uptime from /proc/uptime, using os.uptime() value
2026-05-31T06:56:19: PM2 warn: [pidusage] We couldn't find uptime from /proc/uptime, using os.uptime() value
2026-05-31T06:56:49: PM2 warn: [pidusage] We couldn't find uptime from /proc/uptime, using os.uptime() value
2026-05-31T06:57:19: PM2 warn: [pidusage] We couldn't find uptime from /proc/uptime, using os.uptime() value
2026-05-31T06:57:49: PM2 warn: [pidusage] We couldn't find uptime from /proc/uptime, using os.uptime() value
2026-05-31T06:58:19: PM2 warn: [pidusage] We couldn't find uptime from /proc/uptime, using os.uptime() value
2026-05-31T06:58:49: PM2 warn: [pidusage] We couldn't find uptime from /proc/uptime, using os.uptime() value
2026-05-31T06:59:19: PM2 warn: [pidusage] We couldn't find uptime from /proc/uptime, using os.uptime() value
2026-05-31T06:59:49: PM2 warn: [pidusage] We couldn't find uptime from /proc/uptime, using os.uptime() value
2026-05-31T07:00:19: PM2 warn: [pidusage] We couldn't find uptime from /proc/uptime, using os.uptime() value
2026-05-31T07:00:49: PM2 warn: [pidusage] We couldn't find uptime from /proc/uptime, using os.uptime() value
2026-05-31T07:01:19: PM2 warn: [pidusage] We couldn't find uptime from /proc/uptime, using os.uptime() value
2026-05-31T07:01:49: PM2 warn: [pidusage] We couldn't find uptime from /proc/uptime, using os.uptime() value
2026-05-31T07:02:19: PM2 warn: [pidusage] We couldn't find uptime from /proc/uptime, using os.uptime() value
2026-05-31T07:02:49: PM2 warn: [pidusage] We couldn't find uptime from /proc/uptime, using os.uptime() value
2026-05-31T07:03:19: PM2 warn: [pidusage] We couldn't find uptime from /proc/uptime, using os.uptime() value
2026-05-31T07:03:49: PM2 warn: [pidusage] We couldn't find uptime from /proc/uptime, using os.uptime() value
2026-05-31T07:04:19: PM2 warn: [pidusage] We couldn't find uptime from /proc/uptime, using os.uptime() value
2026-05-31T07:04:49: PM2 warn: [pidusage] We couldn't find uptime from /proc/uptime, using os.uptime() value
2026-05-31T07:05:19: PM2 warn: [pidusage] We couldn't find uptime from /proc/uptime, using os.uptime() value
2026-05-31T07:05:49: PM2 warn: [pidusage] We couldn't find uptime from /proc/uptime, using os.uptime() value
2026-05-31T07:06:19: PM2 warn: [pidusage] We couldn't find uptime from /proc/uptime, using os.uptime() value
2026-05-31T07:06:49: PM2 warn: [pidusage] We couldn't find uptime from /proc/uptime, using os.uptime() value
2026-05-31T07:07:19: PM2 warn: [pidusage] We couldn't find uptime from /proc/uptime, using os.uptime() value
2026-05-31T07:07:49: PM2 warn: [pidusage] We couldn't find uptime from /proc/uptime, using os.uptime() value
2026-05-31T07:08:19: PM2 warn: [pidusage] We couldn't find uptime from /proc/uptime, using os.uptime() value
2026-05-31T07:08:49: PM2 warn: [pidusage] We couldn't find uptime from /proc/uptime, using os.uptime() value
2026-05-31T07:09:19: PM2 warn: [pidusage] We couldn't find uptime from /proc/uptime, using os.uptime() value
2026-05-31T07:09:49: PM2 warn: [pidusage] We couldn't find uptime from /proc/uptime, using os.uptime() value
2026-05-31T07:10:19: PM2 warn: [pidusage] We couldn't find uptime from /proc/uptime, using os.uptime() value
2026-05-31T07:10:50: PM2 warn: [pidusage] We couldn't find uptime from /proc/uptime, using os.uptime() value
2026-05-31T07:11:19: PM2 warn: [pidusage] We couldn't find uptime from /proc/uptime, using os.uptime() value
2026-05-31T07:11:49: PM2 warn: [pidusage] We couldn't find uptime from /proc/uptime, using os.uptime() value
2026-05-31T07:12:19: PM2 warn: [pidusage] We couldn't find uptime from /proc/uptime, using os.uptime() value
2026-05-31T07:12:49: PM2 warn: [pidusage] We couldn't find uptime from /proc/uptime, using os.uptime() value
2026-05-31T07:13:19: PM2 warn: [pidusage] We couldn't find uptime from /proc/uptime, using os.uptime() value
2026-05-31T07:13:49: PM2 warn: [pidusage] We couldn't find uptime from /proc/uptime, using os.uptime() value
2026-05-31T07:14:19: PM2 warn: [pidusage] We couldn't find uptime from /proc/uptime, using os.uptime() value
2026-05-31T07:14:49: PM2 warn: [pidusage] We couldn't find uptime from /proc/uptime, using os.uptime() value
2026-05-31T07:15:19: PM2 warn: [pidusage] We couldn't find uptime from /proc/uptime, using os.uptime() value
2026-05-31T07:15:49: PM2 warn: [pidusage] We couldn't find uptime from /proc/uptime, using os.uptime() value
2026-05-31T07:16:19: PM2 warn: [pidusage] We couldn't find uptime from /proc/uptime, using os.uptime() value
2026-05-31T07:16:49: PM2 warn: [pidusage] We couldn't find uptime from /proc/uptime, using os.uptime() value
2026-05-31T07:17:19: PM2 warn: [pidusage] We couldn't find uptime from /proc/uptime, using os.uptime() value
2026-05-31T07:17:49: PM2 warn: [pidusage] We couldn't find uptime from /proc/uptime, using os.uptime() value
2026-05-31T07:18:19: PM2 warn: [pidusage] We couldn't find uptime from /proc/uptime, using os.uptime() value
2026-05-31T07:18:49: PM2 warn: [pidusage] We couldn't find uptime from /proc/uptime, using os.uptime() value
2026-05-31T07:19:20: PM2 warn: [pidusage] We couldn't find uptime from /proc/uptime, using os.uptime() value
2026-05-31T07:19:50: PM2 warn: [pidusage] We couldn't find uptime from /proc/uptime, using os.uptime() value
2026-05-31T07:20:19: PM2 warn: [pidusage] We couldn't find uptime from /proc/uptime, using os.uptime() value
2026-05-31T07:20:49: PM2 warn: [pidusage] We couldn't find uptime from /proc/uptime, using os.uptime() value
2026-05-31T07:21:20: PM2 warn: [pidusage] We couldn't find uptime from /proc/uptime, using os.uptime() value
2026-05-31T07:21:50: PM2 warn: [pidusage] We couldn't find uptime from /proc/uptime, using os.uptime() value
2026-05-31T07:22:20: PM2 warn: [pidusage] We couldn't find uptime from /proc/uptime, using os.uptime() value
2026-05-31T07:22:50: PM2 warn: [pidusage] We couldn't find uptime from /proc/uptime, using os.uptime() value
2026-05-31T07:23:20: PM2 warn: [pidusage] We couldn't find uptime from /proc/uptime, using os.uptime() value
2026-05-31T07:23:50: PM2 warn: [pidusage] We couldn't find uptime from /proc/uptime, using os.uptime() value
2026-05-31T07:24:20: PM2 warn: [pidusage] We couldn't find uptime from /proc/uptime, using os.uptime() value
2026-05-31T07:24:50: PM2 warn: [pidusage] We couldn't find uptime from /proc/uptime, using os.uptime() value
2026-05-31T07:25:20: PM2 warn: [pidusage] We couldn't find uptime from /proc/uptime, using os.uptime() value
2026-05-31T07:25:50: PM2 warn: [pidusage] We couldn't find uptime from /proc/uptime, using os.uptime() value
2026-05-31T07:26:20: PM2 warn: [pidusage] We couldn't find uptime from /proc/uptime, using os.uptime() value
2026-05-31T07:26:50: PM2 warn: [pidusage] We couldn't find uptime from /proc/uptime, using os.uptime() value
2026-05-31T07:27:20: PM2 warn: [pidusage] We couldn't find uptime from /proc/uptime, using os.uptime() value
2026-05-31T07:27:50: PM2 warn: [pidusage] We couldn't find uptime from /proc/uptime, using os.uptime() value
2026-05-31T07:28:20: PM2 warn: [pidusage] We couldn't find uptime from /proc/uptime, using os.uptime() value
2026-05-31T07:28:50: PM2 warn: [pidusage] We couldn't find uptime from /proc/uptime, using os.uptime() value
2026-05-31T07:29:20: PM2 warn: [pidusage] We couldn't find uptime from /proc/uptime, using os.uptime() value
2026-05-31T07:29:50: PM2 warn: [pidusage] We couldn't find uptime from /proc/uptime, using os.uptime() value
2026-05-31T07:30:20: PM2 warn: [pidusage] We couldn't find uptime from /proc/uptime, using os.uptime() value
2026-05-31T07:30:50: PM2 warn: [pidusage] We couldn't find uptime from /proc/uptime, using os.uptime() value
2026-05-31T07:31:20: PM2 warn: [pidusage] We couldn't find uptime from /proc/uptime, using os.uptime() value
2026-05-31T07:31:50: PM2 warn: [pidusage] We couldn't find uptime from /proc/uptime, using os.uptime() value
2026-05-31T07:32:20: PM2 warn: [pidusage] We couldn't find uptime from /proc/uptime, using os.uptime() value
2026-05-31T07:32:50: PM2 warn: [pidusage] We couldn't find uptime from /proc/uptime, using os.uptime() value
2026-05-31T07:33:20: PM2 warn: [pidusage] We couldn't find uptime from /proc/uptime, using os.uptime() value
2026-05-31T07:33:50: PM2 warn: [pidusage] We couldn't find uptime from /proc/uptime, using os.uptime() value
2026-05-31T07:34:20: PM2 warn: [pidusage] We couldn't find uptime from /proc/uptime, using os.uptime() value
2026-05-31T07:34:50: PM2 warn: [pidusage] We couldn't find uptime from /proc/uptime, using os.uptime() value
2026-05-31T07:35:20: PM2 warn: [pidusage] We couldn't find uptime from /proc/uptime, using os.uptime() value
2026-05-31T07:35:50: PM2 warn: [pidusage] We couldn't find uptime from /proc/uptime, using os.uptime() value
2026-05-31T07:36:20: PM2 warn: [pidusage] We couldn't find uptime from /proc/uptime, using os.uptime() value
2026-05-31T07:36:50: PM2 warn: [pidusage] We couldn't find uptime from /proc/uptime, using os.uptime() value
2026-05-31T07:37:20: PM2 warn: [pidusage] We couldn't find uptime from /proc/uptime, using os.uptime() value
2026-05-31T07:37:50: PM2 warn: [pidusage] We couldn't find uptime from /proc/uptime, using os.uptime() value
2026-05-31T07:38:20: PM2 warn: [pidusage] We couldn't find uptime from /proc/uptime, using os.uptime() value
2026-05-31T07:38:50: PM2 warn: [pidusage] We couldn't find uptime from /proc/uptime, using os.uptime() value
2026-05-31T07:39:20: PM2 warn: [pidusage] We couldn't find uptime from /proc/uptime, using os.uptime() value
2026-05-31T07:39:50: PM2 warn: [pidusage] We couldn't find uptime from /proc/uptime, using os.uptime() value
2026-05-31T07:40:20: PM2 warn: [pidusage] We couldn't find uptime from /proc/uptime, using os.uptime() value
2026-05-31T07:40:50: PM2 warn: [pidusage] We couldn't find uptime from /proc/uptime, using os.uptime() value
2026-05-31T07:41:20: PM2 warn: [pidusage] We couldn't find uptime from /proc/uptime, using os.uptime() value
2026-05-31T07:41:50: PM2 warn: [pidusage] We couldn't find uptime from /proc/uptime, using os.uptime() value
2026-05-31T07:42:20: PM2 warn: [pidusage] We couldn't find uptime from /proc/uptime, using os.uptime() value
2026-05-31T07:42:50: PM2 warn: [pidusage] We couldn't find uptime from /proc/uptime, using os.uptime() value
2026-05-31T07:43:20: PM2 warn: [pidusage] We couldn't find uptime from /proc/uptime, using os.uptime() value
2026-05-31T07:43:50: PM2 warn: [pidusage] We couldn't find uptime from /proc/uptime, using os.uptime() value
2026-05-31T07:44:20: PM2 warn: [pidusage] We couldn't find uptime from /proc/uptime, using os.uptime() value
2026-05-31T07:44:50: PM2 warn: [pidusage] We couldn't find uptime from /proc/uptime, using os.uptime() value
2026-05-31T07:45:20: PM2 warn: [pidusage] We couldn't find uptime from /proc/uptime, using os.uptime() value
2026-05-31T07:45:50: PM2 warn: [pidusage] We couldn't find uptime from /proc/uptime, using os.uptime() value
2026-05-31T07:46:20: PM2 warn: [pidusage] We couldn't find uptime from /proc/uptime, using os.uptime() value
2026-05-31T07:46:50: PM2 warn: [pidusage] We couldn't find uptime from /proc/uptime, using os.uptime() value
2026-05-31T07:47:20: PM2 warn: [pidusage] We couldn't find uptime from /proc/uptime, using os.uptime() value
2026-05-31T07:47:50: PM2 warn: [pidusage] We couldn't find uptime from /proc/uptime, using os.uptime() value
2026-05-31T07:48:20: PM2 warn: [pidusage] We couldn't find uptime from /proc/uptime, using os.uptime() value
2026-05-31T07:48:50: PM2 warn: [pidusage] We couldn't find uptime from /proc/uptime, using os.uptime() value
2026-05-31T07:49:20: PM2 warn: [pidusage] We couldn't find uptime from /proc/uptime, using os.uptime() value
2026-05-31T07:49:50: PM2 warn: [pidusage] We couldn't find uptime from /proc/uptime, using os.uptime() value
2026-05-31T07:50:20: PM2 warn: [pidusage] We couldn't find uptime from /proc/uptime, using os.uptime() value
2026-05-31T07:50:50: PM2 warn: [pidusage] We couldn't find uptime from /proc/uptime, using os.uptime() value
2026-05-31T07:51:20: PM2 warn: [pidusage] We couldn't find uptime from /proc/uptime, using os.uptime() value
2026-05-31T07:51:50: PM2 warn: [pidusage] We couldn't find uptime from /proc/uptime, using os.uptime() value
2026-05-31T07:52:20: PM2 warn: [pidusage] We couldn't find uptime from /proc/uptime, using os.uptime() value
2026-05-31T07:52:50: PM2 warn: [pidusage] We couldn't find uptime from /proc/uptime, using os.uptime() value
2026-05-31T07:53:20: PM2 warn: [pidusage] We couldn't find uptime from /proc/uptime, using os.uptime() value
2026-05-31T07:53:50: PM2 warn: [pidusage] We couldn't find uptime from /proc/uptime, using os.uptime() value
2026-05-31T07:54:20: PM2 warn: [pidusage] We couldn't find uptime from /proc/uptime, using os.uptime() value
2026-05-31T07:54:50: PM2 warn: [pidusage] We couldn't find uptime from /proc/uptime, using os.uptime() value
2026-05-31T07:55:20: PM2 warn: [pidusage] We couldn't find uptime from /proc/uptime, using os.uptime() value
2026-05-31T07:55:50: PM2 warn: [pidusage] We couldn't find uptime from /proc/uptime, using os.uptime() value
2026-05-31T07:56:20: PM2 warn: [pidusage] We couldn't find uptime from /proc/uptime, using os.uptime() value
2026-05-31T07:56:50: PM2 warn: [pidusage] We couldn't find uptime from /proc/uptime, using os.uptime() value
2026-05-31T07:57:20: PM2 warn: [pidusage] We couldn't find uptime from /proc/uptime, using os.uptime() value
2026-05-31T07:57:50: PM2 warn: [pidusage] We couldn't find uptime from /proc/uptime, using os.uptime() value
2026-05-31T07:58:20: PM2 warn: [pidusage] We couldn't find uptime from /proc/uptime, using os.uptime() value
2026-05-31T07:58:50: PM2 warn: [pidusage] We couldn't find uptime from /proc/uptime, using os.uptime() value
2026-05-31T07:59:20: PM2 warn: [pidusage] We couldn't find uptime from /proc/uptime, using os.uptime() value
2026-05-31T07:59:50: PM2 warn: [pidusage] We couldn't find uptime from /proc/uptime, using os.uptime() value
2026-05-31T08:00:20: PM2 warn: [pidusage] We couldn't find uptime from /proc/uptime, using os.uptime() value
2026-05-31T08:00:50: PM2 warn: [pidusage] We couldn't find uptime from /proc/uptime, using os.uptime() value
2026-05-31T08:01:20: PM2 warn: [pidusage] We couldn't find uptime from /proc/uptime, using os.uptime() value
2026-05-31T08:01:50: PM2 warn: [pidusage] We couldn't find uptime from /proc/uptime, using os.uptime() value
2026-05-31T08:02:20: PM2 warn: [pidusage] We couldn't find uptime from /proc/uptime, using os.uptime() value
2026-05-31T08:02:50: PM2 warn: [pidusage] We couldn't find uptime from /proc/uptime, using os.uptime() value
2026-05-31T08:03:20: PM2 warn: [pidusage] We couldn't find uptime from /proc/uptime, using os.uptime() value
2026-05-31T08:03:50: PM2 warn: [pidusage] We couldn't find uptime from /proc/uptime, using os.uptime() value
2026-05-31T08:04:20: PM2 warn: [pidusage] We couldn't find uptime from /proc/uptime, using os.uptime() value
2026-05-31T08:04:50: PM2 warn: [pidusage] We couldn't find uptime from /proc/uptime, using os.uptime() value
2026-05-31T08:05:20: PM2 warn: [pidusage] We couldn't find uptime from /proc/uptime, using os.uptime() value
2026-05-31T08:05:50: PM2 warn: [pidusage] We couldn't find uptime from /proc/uptime, using os.uptime() value
2026-05-31T08:06:20: PM2 warn: [pidusage] We couldn't find uptime from /proc/uptime, using os.uptime() value
2026-05-31T08:06:50: PM2 warn: [pidusage] We couldn't find uptime from /proc/uptime, using os.uptime() value
2026-05-31T08:07:20: PM2 warn: [pidusage] We couldn't find uptime from /proc/uptime, using os.uptime() value
2026-05-31T08:07:50: PM2 warn: [pidusage] We couldn't find uptime from /proc/uptime, using os.uptime() value
2026-05-31T08:08:20: PM2 warn: [pidusage] We couldn't find uptime from /proc/uptime, using os.uptime() value
2026-05-31T08:08:50: PM2 warn: [pidusage] We couldn't find uptime from /proc/uptime, using os.uptime() value
2026-05-31T08:09:20: PM2 warn: [pidusage] We couldn't find uptime from /proc/uptime, using os.uptime() value
2026-05-31T08:09:50: PM2 warn: [pidusage] We couldn't find uptime from /proc/uptime, using os.uptime() value
2026-05-31T08:10:20: PM2 warn: [pidusage] We couldn't find uptime from /proc/uptime, using os.uptime() value
2026-05-31T08:10:50: PM2 warn: [pidusage] We couldn't find uptime from /proc/uptime, using os.uptime() value
2026-05-31T08:11:20: PM2 warn: [pidusage] We couldn't find uptime from /proc/uptime, using os.uptime() value
2026-05-31T08:11:50: PM2 warn: [pidusage] We couldn't find uptime from /proc/uptime, using os.uptime() value
2026-05-31T08:12:20: PM2 warn: [pidusage] We couldn't find uptime from /proc/uptime, using os.uptime() value
2026-05-31T08:12:50: PM2 warn: [pidusage] We couldn't find uptime from /proc/uptime, using os.uptime() value
2026-05-31T08:13:20: PM2 warn: [pidusage] We couldn't find uptime from /proc/uptime, using os.uptime() value
2026-05-31T08:13:50: PM2 warn: [pidusage] We couldn't find uptime from /proc/uptime, using os.uptime() value
2026-05-31T08:14:20: PM2 warn: [pidusage] We couldn't find uptime from /proc/uptime, using os.uptime() value
2026-05-31T08:14:50: PM2 warn: [pidusage] We couldn't find uptime from /proc/uptime, using os.uptime() value
2026-05-31T08:15:20: PM2 warn: [pidusage] We couldn't find uptime from /proc/uptime, using os.uptime() value
2026-05-31T08:15:50: PM2 warn: [pidusage] We couldn't find uptime from /proc/uptime, using os.uptime() value
2026-05-31T08:16:20: PM2 warn: [pidusage] We couldn't find uptime from /proc/uptime, using os.uptime() value
2026-05-31T08:16:50: PM2 warn: [pidusage] We couldn't find uptime from /proc/uptime, using os.uptime() value
2026-05-31T08:17:20: PM2 warn: [pidusage] We couldn't find uptime from /proc/uptime, using os.uptime() value
2026-05-31T08:17:50: PM2 warn: [pidusage] We couldn't find uptime from /proc/uptime, using os.uptime() value
2026-05-31T08:18:20: PM2 warn: [pidusage] We couldn't find uptime from /proc/uptime, using os.uptime() value
2026-05-31T08:18:50: PM2 warn: [pidusage] We couldn't find uptime from /proc/uptime, using os.uptime() value
2026-05-31T08:19:20: PM2 warn: [pidusage] We couldn't find uptime from /proc/uptime, using os.uptime() value
2026-05-31T08:19:50: PM2 warn: [pidusage] We couldn't find uptime from /proc/uptime, using os.uptime() value
2026-05-31T08:20:20: PM2 warn: [pidusage] We couldn't find uptime from /proc/uptime, using os.uptime() value
2026-05-31T08:20:50: PM2 warn: [pidusage] We couldn't find uptime from /proc/uptime, using os.uptime() value
2026-05-31T08:21:20: PM2 warn: [pidusage] We couldn't find uptime from /proc/uptime, using os.uptime() value
2026-05-31T08:21:50: PM2 warn: [pidusage] We couldn't find uptime from /proc/uptime, using os.uptime() value
2026-05-31T08:22:20: PM2 warn: [pidusage] We couldn't find uptime from /proc/uptime, using os.uptime() value
2026-05-31T08:22:50: PM2 warn: [pidusage] We couldn't find uptime from /proc/uptime, using os.uptime() value
2026-05-31T08:23:20: PM2 warn: [pidusage] We couldn't find uptime from /proc/uptime, using os.uptime() value
2026-05-31T08:23:50: PM2 warn: [pidusage] We couldn't find uptime from /proc/uptime, using os.uptime() value
2026-05-31T08:24:20: PM2 warn: [pidusage] We couldn't find uptime from /proc/uptime, using os.uptime() value
2026-05-31T08:24:50: PM2 warn: [pidusage] We couldn't find uptime from /proc/uptime, using os.uptime() value
2026-05-31T08:25:20: PM2 warn: [pidusage] We couldn't find uptime from /proc/uptime, using os.uptime() value
2026-05-31T08:25:50: PM2 warn: [pidusage] We couldn't find uptime from /proc/uptime, using os.uptime() value
2026-05-31T08:26:20: PM2 warn: [pidusage] We couldn't find uptime from /proc/uptime, using os.uptime() value
2026-05-31T08:26:50: PM2 warn: [pidusage] We couldn't find uptime from /proc/uptime, using os.uptime() value
2026-05-31T08:27:20: PM2 warn: [pidusage] We couldn't find uptime from /proc/uptime, using os.uptime() value
2026-05-31T08:27:50: PM2 warn: [pidusage] We couldn't find uptime from /proc/uptime, using os.uptime() value
2026-05-31T08:28:20: PM2 warn: [pidusage] We couldn't find uptime from /proc/uptime, using os.uptime() value
2026-05-31T08:28:50: PM2 warn: [pidusage] We couldn't find uptime from /proc/uptime, using os.uptime() value
2026-05-31T08:29:20: PM2 warn: [pidusage] We couldn't find uptime from /proc/uptime, using os.uptime() value
2026-05-31T08:29:50: PM2 warn: [pidusage] We couldn't find uptime from /proc/uptime, using os.uptime() value
2026-05-31T08:30:20: PM2 warn: [pidusage] We couldn't find uptime from /proc/uptime, using os.uptime() value
2026-05-31T08:30:50: PM2 warn: [pidusage] We couldn't find uptime from /proc/uptime, using os.uptime() value
2026-05-31T08:31:20: PM2 warn: [pidusage] We couldn't find uptime from /proc/uptime, using os.uptime() value
2026-05-31T08:31:50: PM2 warn: [pidusage] We couldn't find uptime from /proc/uptime, using os.uptime() value
2026-05-31T08:32:20: PM2 warn: [pidusage] We couldn't find uptime from /proc/uptime, using os.uptime() value
2026-05-31T08:32:50: PM2 warn: [pidusage] We couldn't find uptime from /proc/uptime, using os.uptime() value
2026-05-31T08:33:20: PM2 warn: [pidusage] We couldn't find uptime from /proc/uptime, using os.uptime() value
2026-05-31T08:33:50: PM2 warn: [pidusage] We couldn't find uptime from /proc/uptime, using os.uptime() value
2026-05-31T08:34:20: PM2 warn: [pidusage] We couldn't find uptime from /proc/uptime, using os.uptime() value
2026-05-31T08:34:50: PM2 warn: [pidusage] We couldn't find uptime from /proc/uptime, using os.uptime() value
2026-05-31T08:35:20: PM2 warn: [pidusage] We couldn't find uptime from /proc/uptime, using os.uptime() value
2026-05-31T08:35:50: PM2 warn: [pidusage] We couldn't find uptime from /proc/uptime, using os.uptime() value
2026-05-31T08:36:20: PM2 warn: [pidusage] We couldn't find uptime from /proc/uptime, using os.uptime() value
2026-05-31T08:36:50: PM2 warn: [pidusage] We couldn't find uptime from /proc/uptime, using os.uptime() value
2026-05-31T08:37:20: PM2 warn: [pidusage] We couldn't find uptime from /proc/uptime, using os.uptime() value
2026-05-31T08:37:50: PM2 warn: [pidusage] We couldn't find uptime from /proc/uptime, using os.uptime() value
2026-05-31T08:38:20: PM2 warn: [pidusage] We couldn't find uptime from /proc/uptime, using os.uptime() value
2026-05-31T08:38:50: PM2 warn: [pidusage] We couldn't find uptime from /proc/uptime, using os.uptime() value
2026-05-31T08:39:20: PM2 warn: [pidusage] We couldn't find uptime from /proc/uptime, using os.uptime() value
2026-05-31T08:39:50: PM2 warn: [pidusage] We couldn't find uptime from /proc/uptime, using os.uptime() value
2026-05-31T08:40:20: PM2 warn: [pidusage] We couldn't find uptime from /proc/uptime, using os.uptime() value
2026-05-31T08:40:50: PM2 warn: [pidusage] We couldn't find uptime from /proc/uptime, using os.uptime() value
2026-05-31T08:41:20: PM2 warn: [pidusage] We couldn't find uptime from /proc/uptime, using os.uptime() value
2026-05-31T08:41:50: PM2 warn: [pidusage] We couldn't find uptime from /proc/uptime, using os.uptime() value
2026-05-31T08:42:20: PM2 warn: [pidusage] We couldn't find uptime from /proc/uptime, using os.uptime() value
2026-05-31T08:42:50: PM2 warn: [pidusage] We couldn't find uptime from /proc/uptime, using os.uptime() value
2026-05-31T08:43:20: PM2 warn: [pidusage] We couldn't find uptime from /proc/uptime, using os.uptime() value
2026-05-31T08:43:50: PM2 warn: [pidusage] We couldn't find uptime from /proc/uptime, using os.uptime() value
2026-05-31T08:44:20: PM2 warn: [pidusage] We couldn't find uptime from /proc/uptime, using os.uptime() value
2026-05-31T08:44:50: PM2 warn: [pidusage] We couldn't find uptime from /proc/uptime, using os.uptime() value
2026-05-31T08:45:20: PM2 warn: [pidusage] We couldn't find uptime from /proc/uptime, using os.uptime() value
2026-05-31T08:45:50: PM2 warn: [pidusage] We couldn't find uptime from /proc/uptime, using os.uptime() value
2026-05-31T08:46:20: PM2 warn: [pidusage] We couldn't find uptime from /proc/uptime, using os.uptime() value
2026-05-31T08:46:50: PM2 warn: [pidusage] We couldn't find uptime from /proc/uptime, using os.uptime() value
2026-05-31T08:47:20: PM2 warn: [pidusage] We couldn't find uptime from /proc/uptime, using os.uptime() value
2026-05-31T08:47:50: PM2 warn: [pidusage] We couldn't find uptime from /proc/uptime, using os.uptime() value
2026-05-31T08:48:20: PM2 warn: [pidusage] We couldn't find uptime from /proc/uptime, using os.uptime() value
2026-05-31T08:48:50: PM2 warn: [pidusage] We couldn't find uptime from /proc/uptime, using os.uptime() value
2026-05-31T08:49:20: PM2 warn: [pidusage] We couldn't find uptime from /proc/uptime, using os.uptime() value
2026-05-31T08:49:50: PM2 warn: [pidusage] We couldn't find uptime from /proc/uptime, using os.uptime() value
2026-05-31T08:50:20: PM2 warn: [pidusage] We couldn't find uptime from /proc/uptime, using os.uptime() value
2026-05-31T08:50:50: PM2 warn: [pidusage] We couldn't find uptime from /proc/uptime, using os.uptime() value
2026-05-31T08:51:20: PM2 warn: [pidusage] We couldn't find uptime from /proc/uptime, using os.uptime() value
2026-05-31T08:51:50: PM2 warn: [pidusage] We couldn't find uptime from /proc/uptime, using os.uptime() value
2026-05-31T08:52:20: PM2 warn: [pidusage] We couldn't find uptime from /proc/uptime, using os.uptime() value
2026-05-31T08:52:50: PM2 warn: [pidusage] We couldn't find uptime from /proc/uptime, using os.uptime() value
2026-05-31T08:53:20: PM2 warn: [pidusage] We couldn't find uptime from /proc/uptime, using os.uptime() value
2026-05-31T08:53:50: PM2 warn: [pidusage] We couldn't find uptime from /proc/uptime, using os.uptime() value
2026-05-31T08:54:20: PM2 warn: [pidusage] We couldn't find uptime from /proc/uptime, using os.uptime() value
2026-05-31T08:54:50: PM2 warn: [pidusage] We couldn't find uptime from /proc/uptime, using os.uptime() value
2026-05-31T08:55:20: PM2 warn: [pidusage] We couldn't find uptime from /proc/uptime, using os.uptime() value
2026-05-31T08:55:50: PM2 warn: [pidusage] We couldn't find uptime from /proc/uptime, using os.uptime() value
2026-05-31T08:56:20: PM2 warn: [pidusage] We couldn't find uptime from /proc/uptime, using os.uptime() value
2026-05-31T08:56:50: PM2 warn: [pidusage] We couldn't find uptime from /proc/uptime, using os.uptime() value
2026-05-31T08:57:20: PM2 warn: [pidusage] We couldn't find uptime from /proc/uptime, using os.uptime() value
2026-05-31T08:57:50: PM2 warn: [pidusage] We couldn't find uptime from /proc/uptime, using os.uptime() value
2026-05-31T08:58:20: PM2 warn: [pidusage] We couldn't find uptime from /proc/uptime, using os.uptime() value
2026-05-31T08:58:50: PM2 warn: [pidusage] We couldn't find uptime from /proc/uptime, using os.uptime() value
2026-05-31T08:59:20: PM2 warn: [pidusage] We couldn't find uptime from /proc/uptime, using os.uptime() value
2026-05-31T08:59:50: PM2 warn: [pidusage] We couldn't find uptime from /proc/uptime, using os.uptime() value
2026-05-31T09:00:20: PM2 warn: [pidusage] We couldn't find uptime from /proc/uptime, using os.uptime() value
2026-05-31T09:00:50: PM2 warn: [pidusage] We couldn't find uptime from /proc/uptime, using os.uptime() value
2026-05-31T09:01:20: PM2 warn: [pidusage] We couldn't find uptime from /proc/uptime, using os.uptime() value
2026-05-31T09:01:50: PM2 warn: [pidusage] We couldn't find uptime from /proc/uptime, using os.uptime() value
2026-05-31T09:02:20: PM2 warn: [pidusage] We couldn't find uptime from /proc/uptime, using os.uptime() value
2026-05-31T09:02:50: PM2 warn: [pidusage] We couldn't find uptime from /proc/uptime, using os.uptime() value
2026-05-31T09:03:20: PM2 warn: [pidusage] We couldn't find uptime from /proc/uptime, using os.uptime() value
2026-05-31T09:03:50: PM2 warn: [pidusage] We couldn't find uptime from /proc/uptime, using os.uptime() value
2026-05-31T09:04:20: PM2 warn: [pidusage] We couldn't find uptime from /proc/uptime, using os.uptime() value
2026-05-31T09:04:50: PM2 warn: [pidusage] We couldn't find uptime from /proc/uptime, using os.uptime() value
2026-05-31T09:05:20: PM2 warn: [pidusage] We couldn't find uptime from /proc/uptime, using os.uptime() value
2026-05-31T09:05:50: PM2 warn: [pidusage] We couldn't find uptime from /proc/uptime, using os.uptime() value
2026-05-31T09:06:20: PM2 warn: [pidusage] We couldn't find uptime from /proc/uptime, using os.uptime() value
2026-05-31T09:06:50: PM2 warn: [pidusage] We couldn't find uptime from /proc/uptime, using os.uptime() value
2026-05-31T09:07:20: PM2 warn: [pidusage] We couldn't find uptime from /proc/uptime, using os.uptime() value
2026-05-31T09:07:50: PM2 warn: [pidusage] We couldn't find uptime from /proc/uptime, using os.uptime() value
2026-05-31T09:08:20: PM2 warn: [pidusage] We couldn't find uptime from /proc/uptime, using os.uptime() value
2026-05-31T09:08:50: PM2 warn: [pidusage] We couldn't find uptime from /proc/uptime, using os.uptime() value
2026-05-31T09:09:20: PM2 warn: [pidusage] We couldn't find uptime from /proc/uptime, using os.uptime() value
2026-05-31T09:09:50: PM2 warn: [pidusage] We couldn't find uptime from /proc/uptime, using os.uptime() value
2026-05-31T09:10:20: PM2 warn: [pidusage] We couldn't find uptime from /proc/uptime, using os.uptime() value
2026-05-31T09:10:50: PM2 warn: [pidusage] We couldn't find uptime from /proc/uptime, using os.uptime() value
2026-05-31T09:11:20: PM2 warn: [pidusage] We couldn't find uptime from /proc/uptime, using os.uptime() value
2026-05-31T09:11:50: PM2 warn: [pidusage] We couldn't find uptime from /proc/uptime, using os.uptime() value
2026-05-31T09:12:20: PM2 warn: [pidusage] We couldn't find uptime from /proc/uptime, using os.uptime() value
2026-05-31T09:12:50: PM2 warn: [pidusage] We couldn't find uptime from /proc/uptime, using os.uptime() value
2026-05-31T09:13:20: PM2 warn: [pidusage] We couldn't find uptime from /proc/uptime, using os.uptime() value
2026-05-31T09:13:50: PM2 warn: [pidusage] We couldn't find uptime from /proc/uptime, using os.uptime() value
2026-05-31T09:14:20: PM2 warn: [pidusage] We couldn't find uptime from /proc/uptime, using os.uptime() value
2026-05-31T09:14:50: PM2 warn: [pidusage] We couldn't find uptime from /proc/uptime, using os.uptime() value
2026-05-31T09:15:20: PM2 warn: [pidusage] We couldn't find uptime from /proc/uptime, using os.uptime() value
2026-05-31T09:15:50: PM2 warn: [pidusage] We couldn't find uptime from /proc/uptime, using os.uptime() value
2026-05-31T09:16:20: PM2 warn: [pidusage] We couldn't find uptime from /proc/uptime, using os.uptime() value
2026-05-31T09:16:50: PM2 warn: [pidusage] We couldn't find uptime from /proc/uptime, using os.uptime() value
2026-05-31T09:17:20: PM2 warn: [pidusage] We couldn't find uptime from /proc/uptime, using os.uptime() value
2026-05-31T09:17:50: PM2 warn: [pidusage] We couldn't find uptime from /proc/uptime, using os.uptime() value
2026-05-31T09:18:20: PM2 warn: [pidusage] We couldn't find uptime from /proc/uptime, using os.uptime() value
2026-05-31T09:18:50: PM2 warn: [pidusage] We couldn't find uptime from /proc/uptime, using os.uptime() value
2026-05-31T09:19:20: PM2 warn: [pidusage] We couldn't find uptime from /proc/uptime, using os.uptime() value
2026-05-31T09:19:50: PM2 warn: [pidusage] We couldn't find uptime from /proc/uptime, using os.uptime() value
2026-05-31T09:20:20: PM2 warn: [pidusage] We couldn't find uptime from /proc/uptime, using os.uptime() value
2026-05-31T09:20:50: PM2 warn: [pidusage] We couldn't find uptime from /proc/uptime, using os.uptime() value
2026-05-31T09:21:20: PM2 warn: [pidusage] We couldn't find uptime from /proc/uptime, using os.uptime() value
2026-05-31T09:21:50: PM2 warn: [pidusage] We couldn't find uptime from /proc/uptime, using os.uptime() value
2026-05-31T09:22:20: PM2 warn: [pidusage] We couldn't find uptime from /proc/uptime, using os.uptime() value
2026-05-31T09:22:50: PM2 warn: [pidusage] We couldn't find uptime from /proc/uptime, using os.uptime() value
2026-05-31T09:23:20: PM2 warn: [pidusage] We couldn't find uptime from /proc/uptime, using os.uptime() value
2026-05-31T09:23:50: PM2 warn: [pidusage] We couldn't find uptime from /proc/uptime, using os.uptime() value
2026-05-31T09:24:20: PM2 warn: [pidusage] We couldn't find uptime from /proc/uptime, using os.uptime() value
2026-05-31T09:24:50: PM2 warn: [pidusage] We couldn't find uptime from /proc/uptime, using os.uptime() value
2026-05-31T09:25:20: PM2 warn: [pidusage] We couldn't find uptime from /proc/uptime, using os.uptime() value
2026-05-31T09:25:50: PM2 warn: [pidusage] We couldn't find uptime from /proc/uptime, using os.uptime() value
2026-05-31T09:26:20: PM2 warn: [pidusage] We couldn't find uptime from /proc/uptime, using os.uptime() value
2026-05-31T09:26:50: PM2 warn: [pidusage] We couldn't find uptime from /proc/uptime, using os.uptime() value
2026-05-31T09:27:20: PM2 warn: [pidusage] We couldn't find uptime from /proc/uptime, using os.uptime() value
2026-05-31T09:27:50: PM2 warn: [pidusage] We couldn't find uptime from /proc/uptime, using os.uptime() value
2026-05-31T09:28:20: PM2 warn: [pidusage] We couldn't find uptime from /proc/uptime, using os.uptime() value
2026-05-31T09:28:50: PM2 warn: [pidusage] We couldn't find uptime from /proc/uptime, using os.uptime() value
2026-05-31T09:29:20: PM2 warn: [pidusage] We couldn't find uptime from /proc/uptime, using os.uptime() value
2026-05-31T09:29:50: PM2 warn: [pidusage] We couldn't find uptime from /proc/uptime, using os.uptime() value
2026-05-31T09:30:20: PM2 warn: [pidusage] We couldn't find uptime from /proc/uptime, using os.uptime() value
2026-05-31T09:30:50: PM2 warn: [pidusage] We couldn't find uptime from /proc/uptime, using os.uptime() value
2026-05-31T09:31:20: PM2 warn: [pidusage] We couldn't find uptime from /proc/uptime, using os.uptime() value
2026-05-31T09:31:50: PM2 warn: [pidusage] We couldn't find uptime from /proc/uptime, using os.uptime() value
2026-05-31T09:32:20: PM2 warn: [pidusage] We couldn't find uptime from /proc/uptime, using os.uptime() value
2026-05-31T09:32:50: PM2 warn: [pidusage] We couldn't find uptime from /proc/uptime, using os.uptime() value
2026-05-31T09:33:20: PM2 warn: [pidusage] We couldn't find uptime from /proc/uptime, using os.uptime() value
2026-05-31T09:33:50: PM2 warn: [pidusage] We couldn't find uptime from /proc/uptime, using os.uptime() value
2026-05-31T09:34:20: PM2 warn: [pidusage] We couldn't find uptime from /proc/uptime, using os.uptime() value
2026-05-31T09:34:50: PM2 warn: [pidusage] We couldn't find uptime from /proc/uptime, using os.uptime() value
2026-05-31T09:35:20: PM2 warn: [pidusage] We couldn't find uptime from /proc/uptime, using os.uptime() value
2026-05-31T09:35:50: PM2 warn: [pidusage] We couldn't find uptime from /proc/uptime, using os.uptime() value
2026-05-31T09:36:20: PM2 warn: [pidusage] We couldn't find uptime from /proc/uptime, using os.uptime() value
2026-05-31T09:36:50: PM2 warn: [pidusage] We couldn't find uptime from /proc/uptime, using os.uptime() value
2026-05-31T09:37:20: PM2 warn: [pidusage] We couldn't find uptime from /proc/uptime, using os.uptime() value
2026-05-31T09:37:50: PM2 warn: [pidusage] We couldn't find uptime from /proc/uptime, using os.uptime() value
2026-05-31T09:38:20: PM2 warn: [pidusage] We couldn't find uptime from /proc/uptime, using os.uptime() value
2026-05-31T09:38:50: PM2 warn: [pidusage] We couldn't find uptime from /proc/uptime, using os.uptime() value
2026-05-31T09:39:20: PM2 warn: [pidusage] We couldn't find uptime from /proc/uptime, using os.uptime() value
2026-05-31T09:39:50: PM2 warn: [pidusage] We couldn't find uptime from /proc/uptime, using os.uptime() value
2026-05-31T09:40:20: PM2 warn: [pidusage] We couldn't find uptime from /proc/uptime, using os.uptime() value
2026-05-31T09:40:50: PM2 warn: [pidusage] We couldn't find uptime from /proc/uptime, using os.uptime() value
2026-05-31T09:41:20: PM2 warn: [pidusage] We couldn't find uptime from /proc/uptime, using os.uptime() value
2026-05-31T09:41:50: PM2 warn: [pidusage] We couldn't find uptime from /proc/uptime, using os.uptime() value
2026-05-31T09:42:20: PM2 warn: [pidusage] We couldn't find uptime from /proc/uptime, using os.uptime() value
2026-05-31T09:42:50: PM2 warn: [pidusage] We couldn't find uptime from /proc/uptime, using os.uptime() value
2026-05-31T09:43:20: PM2 warn: [pidusage] We couldn't find uptime from /proc/uptime, using os.uptime() value
2026-05-31T09:43:50: PM2 warn: [pidusage] We couldn't find uptime from /proc/uptime, using os.uptime() value
2026-05-31T09:44:20: PM2 warn: [pidusage] We couldn't find uptime from /proc/uptime, using os.uptime() value
2026-05-31T09:44:50: PM2 warn: [pidusage] We couldn't find uptime from /proc/uptime, using os.uptime() value
2026-05-31T09:45:20: PM2 warn: [pidusage] We couldn't find uptime from /proc/uptime, using os.uptime() value
2026-05-31T09:45:50: PM2 warn: [pidusage] We couldn't find uptime from /proc/uptime, using os.uptime() value
2026-05-31T09:46:20: PM2 warn: [pidusage] We couldn't find uptime from /proc/uptime, using os.uptime() value
2026-05-31T09:46:50: PM2 warn: [pidusage] We couldn't find uptime from /proc/uptime, using os.uptime() value
2026-05-31T09:47:20: PM2 warn: [pidusage] We couldn't find uptime from /proc/uptime, using os.uptime() value
2026-05-31T09:47:50: PM2 warn: [pidusage] We couldn't find uptime from /proc/uptime, using os.uptime() value
2026-05-31T09:48:20: PM2 warn: [pidusage] We couldn't find uptime from /proc/uptime, using os.uptime() value
2026-05-31T09:48:50: PM2 warn: [pidusage] We couldn't find uptime from /proc/uptime, using os.uptime() value
2026-05-31T09:49:20: PM2 warn: [pidusage] We couldn't find uptime from /proc/uptime, using os.uptime() value
2026-05-31T09:49:50: PM2 warn: [pidusage] We couldn't find uptime from /proc/uptime, using os.uptime() value
2026-05-31T09:50:20: PM2 warn: [pidusage] We couldn't find uptime from /proc/uptime, using os.uptime() value
2026-05-31T09:50:50: PM2 warn: [pidusage] We couldn't find uptime from /proc/uptime, using os.uptime() value
2026-05-31T09:51:20: PM2 warn: [pidusage] We couldn't find uptime from /proc/uptime, using os.uptime() value
2026-05-31T09:51:50: PM2 warn: [pidusage] We couldn't find uptime from /proc/uptime, using os.uptime() value
2026-05-31T09:52:20: PM2 warn: [pidusage] We couldn't find uptime from /proc/uptime, using os.uptime() value
2026-05-31T09:52:50: PM2 warn: [pidusage] We couldn't find uptime from /proc/uptime, using os.uptime() value
2026-05-31T09:53:20: PM2 warn: [pidusage] We couldn't find uptime from /proc/uptime, using os.uptime() value
2026-05-31T09:53:50: PM2 warn: [pidusage] We couldn't find uptime from /proc/uptime, using os.uptime() value
2026-05-31T09:54:20: PM2 warn: [pidusage] We couldn't find uptime from /proc/uptime, using os.uptime() value
2026-05-31T09:54:50: PM2 warn: [pidusage] We couldn't find uptime from /proc/uptime, using os.uptime() value
2026-05-31T09:55:20: PM2 warn: [pidusage] We couldn't find uptime from /proc/uptime, using os.uptime() value
2026-05-31T09:55:50: PM2 warn: [pidusage] We couldn't find uptime from /proc/uptime, using os.uptime() value
2026-05-31T09:56:20: PM2 warn: [pidusage] We couldn't find uptime from /proc/uptime, using os.uptime() value
2026-05-31T09:56:50: PM2 warn: [pidusage] We couldn't find uptime from /proc/uptime, using os.uptime() value
2026-05-31T09:57:20: PM2 warn: [pidusage] We couldn't find uptime from /proc/uptime, using os.uptime() value
2026-05-31T09:57:50: PM2 warn: [pidusage] We couldn't find uptime from /proc/uptime, using os.uptime() value
2026-05-31T09:58:20: PM2 warn: [pidusage] We couldn't find uptime from /proc/uptime, using os.uptime() value
2026-05-31T09:58:50: PM2 warn: [pidusage] We couldn't find uptime from /proc/uptime, using os.uptime() value
2026-05-31T09:59:20: PM2 warn: [pidusage] We couldn't find uptime from /proc/uptime, using os.uptime() value
2026-05-31T09:59:50: PM2 warn: [pidusage] We couldn't find uptime from /proc/uptime, using os.uptime() value
2026-05-31T10:00:20: PM2 warn: [pidusage] We couldn't find uptime from /proc/uptime, using os.uptime() value
2026-05-31T10:00:50: PM2 warn: [pidusage] We couldn't find uptime from /proc/uptime, using os.uptime() value
2026-05-31T10:01:20: PM2 warn: [pidusage] We couldn't find uptime from /proc/uptime, using os.uptime() value
2026-05-31T10:01:50: PM2 warn: [pidusage] We couldn't find uptime from /proc/uptime, using os.uptime() value
2026-05-31T10:02:20: PM2 warn: [pidusage] We couldn't find uptime from /proc/uptime, using os.uptime() value
2026-05-31T10:02:50: PM2 warn: [pidusage] We couldn't find uptime from /proc/uptime, using os.uptime() value
2026-05-31T10:03:20: PM2 warn: [pidusage] We couldn't find uptime from /proc/uptime, using os.uptime() value
2026-05-31T10:03:50: PM2 warn: [pidusage] We couldn't find uptime from /proc/uptime, using os.uptime() value
2026-05-31T10:04:20: PM2 warn: [pidusage] We couldn't find uptime from /proc/uptime, using os.uptime() value
2026-05-31T10:04:50: PM2 warn: [pidusage] We couldn't find uptime from /proc/uptime, using os.uptime() value
2026-05-31T10:05:20: PM2 warn: [pidusage] We couldn't find uptime from /proc/uptime, using os.uptime() value
2026-05-31T10:05:50: PM2 warn: [pidusage] We couldn't find uptime from /proc/uptime, using os.uptime() value
2026-05-31T10:06:20: PM2 warn: [pidusage] We couldn't find uptime from /proc/uptime, using os.uptime() value
2026-05-31T10:06:50: PM2 warn: [pidusage] We couldn't find uptime from /proc/uptime, using os.uptime() value
2026-05-31T10:07:20: PM2 warn: [pidusage] We couldn't find uptime from /proc/uptime, using os.uptime() value
2026-05-31T10:07:50: PM2 warn: [pidusage] We couldn't find uptime from /proc/uptime, using os.uptime() value
2026-05-31T10:08:20: PM2 warn: [pidusage] We couldn't find uptime from /proc/uptime, using os.uptime() value
2026-05-31T10:08:50: PM2 warn: [pidusage] We couldn't find uptime from /proc/uptime, using os.uptime() value
2026-05-31T10:09:20: PM2 warn: [pidusage] We couldn't find uptime from /proc/uptime, using os.uptime() value
2026-05-31T10:09:50: PM2 warn: [pidusage] We couldn't find uptime from /proc/uptime, using os.uptime() value
2026-05-31T10:10:20: PM2 warn: [pidusage] We couldn't find uptime from /proc/uptime, using os.uptime() value
2026-05-31T10:10:50: PM2 warn: [pidusage] We couldn't find uptime from /proc/uptime, using os.uptime() value
2026-05-31T10:11:20: PM2 warn: [pidusage] We couldn't find uptime from /proc/uptime, using os.uptime() value
2026-05-31T10:11:50: PM2 warn: [pidusage] We couldn't find uptime from /proc/uptime, using os.uptime() value
2026-05-31T10:12:20: PM2 warn: [pidusage] We couldn't find uptime from /proc/uptime, using os.uptime() value
2026-05-31T10:12:50: PM2 warn: [pidusage] We couldn't find uptime from /proc/uptime, using os.uptime() value
2026-05-31T10:13:20: PM2 warn: [pidusage] We couldn't find uptime from /proc/uptime, using os.uptime() value
2026-05-31T10:13:50: PM2 warn: [pidusage] We couldn't find uptime from /proc/uptime, using os.uptime() value
2026-05-31T10:14:20: PM2 warn: [pidusage] We couldn't find uptime from /proc/uptime, using os.uptime() value
2026-05-31T10:14:51: PM2 warn: [pidusage] We couldn't find uptime from /proc/uptime, using os.uptime() value
2026-05-31T10:15:20: PM2 warn: [pidusage] We couldn't find uptime from /proc/uptime, using os.uptime() value
2026-05-31T10:15:50: PM2 warn: [pidusage] We couldn't find uptime from /proc/uptime, using os.uptime() value
2026-05-31T10:16:20: PM2 warn: [pidusage] We couldn't find uptime from /proc/uptime, using os.uptime() value
2026-05-31T10:16:50: PM2 warn: [pidusage] We couldn't find uptime from /proc/uptime, using os.uptime() value
2026-05-31T10:17:20: PM2 warn: [pidusage] We couldn't find uptime from /proc/uptime, using os.uptime() value
2026-05-31T10:17:50: PM2 warn: [pidusage] We couldn't find uptime from /proc/uptime, using os.uptime() value
2026-05-31T10:18:20: PM2 warn: [pidusage] We couldn't find uptime from /proc/uptime, using os.uptime() value
2026-05-31T10:18:50: PM2 warn: [pidusage] We couldn't find uptime from /proc/uptime, using os.uptime() value
2026-05-31T10:19:20: PM2 warn: [pidusage] We couldn't find uptime from /proc/uptime, using os.uptime() value
2026-05-31T10:19:50: PM2 warn: [pidusage] We couldn't find uptime from /proc/uptime, using os.uptime() value
2026-05-31T10:20:20: PM2 warn: [pidusage] We couldn't find uptime from /proc/uptime, using os.uptime() value
2026-05-31T10:20:50: PM2 warn: [pidusage] We couldn't find uptime from /proc/uptime, using os.uptime() value
2026-05-31T10:21:20: PM2 warn: [pidusage] We couldn't find uptime from /proc/uptime, using os.uptime() value
2026-05-31T10:21:50: PM2 warn: [pidusage] We couldn't find uptime from /proc/uptime, using os.uptime() value
2026-05-31T10:22:20: PM2 warn: [pidusage] We couldn't find uptime from /proc/uptime, using os.uptime() value
2026-05-31T10:22:50: PM2 warn: [pidusage] We couldn't find uptime from /proc/uptime, using os.uptime() value
2026-05-31T10:23:21: PM2 warn: [pidusage] We couldn't find uptime from /proc/uptime, using os.uptime() value
2026-05-31T10:23:51: PM2 warn: [pidusage] We couldn't find uptime from /proc/uptime, using os.uptime() value
2026-05-31T10:24:21: PM2 warn: [pidusage] We couldn't find uptime from /proc/uptime, using os.uptime() value
2026-05-31T10:24:51: PM2 warn: [pidusage] We couldn't find uptime from /proc/uptime, using os.uptime() value
2026-05-31T10:25:21: PM2 warn: [pidusage] We couldn't find uptime from /proc/uptime, using os.uptime() value
2026-05-31T10:25:50: PM2 warn: [pidusage] We couldn't find uptime from /proc/uptime, using os.uptime() value
2026-05-31T10:26:21: PM2 warn: [pidusage] We couldn't find uptime from /proc/uptime, using os.uptime() value
2026-05-31T10:26:51: PM2 warn: [pidusage] We couldn't find uptime from /proc/uptime, using os.uptime() value
2026-05-31T10:27:21: PM2 warn: [pidusage] We couldn't find uptime from /proc/uptime, using os.uptime() value
2026-05-31T10:27:51: PM2 warn: [pidusage] We couldn't find uptime from /proc/uptime, using os.uptime() value
2026-05-31T10:28:21: PM2 warn: [pidusage] We couldn't find uptime from /proc/uptime, using os.uptime() value
2026-05-31T10:28:51: PM2 warn: [pidusage] We couldn't find uptime from /proc/uptime, using os.uptime() value
2026-05-31T10:29:21: PM2 warn: [pidusage] We couldn't find uptime from /proc/uptime, using os.uptime() value
2026-05-31T10:29:51: PM2 warn: [pidusage] We couldn't find uptime from /proc/uptime, using os.uptime() value
2026-05-31T10:30:21: PM2 warn: [pidusage] We couldn't find uptime from /proc/uptime, using os.uptime() value
2026-05-31T10:30:51: PM2 warn: [pidusage] We couldn't find uptime from /proc/uptime, using os.uptime() value
2026-05-31T10:31:21: PM2 warn: [pidusage] We couldn't find uptime from /proc/uptime, using os.uptime() value
2026-05-31T10:31:51: PM2 warn: [pidusage] We couldn't find uptime from /proc/uptime, using os.uptime() value
2026-05-31T10:32:21: PM2 warn: [pidusage] We couldn't find uptime from /proc/uptime, using os.uptime() value
2026-05-31T10:32:51: PM2 warn: [pidusage] We couldn't find uptime from /proc/uptime, using os.uptime() value
2026-05-31T10:33:21: PM2 warn: [pidusage] We couldn't find uptime from /proc/uptime, using os.uptime() value
2026-05-31T10:33:51: PM2 warn: [pidusage] We couldn't find uptime from /proc/uptime, using os.uptime() value
2026-05-31T10:34:21: PM2 warn: [pidusage] We couldn't find uptime from /proc/uptime, using os.uptime() value
2026-05-31T10:34:51: PM2 warn: [pidusage] We couldn't find uptime from /proc/uptime, using os.uptime() value
2026-05-31T10:35:21: PM2 warn: [pidusage] We couldn't find uptime from /proc/uptime, using os.uptime() value
2026-05-31T10:35:51: PM2 warn: [pidusage] We couldn't find uptime from /proc/uptime, using os.uptime() value
2026-05-31T10:36:21: PM2 warn: [pidusage] We couldn't find uptime from /proc/uptime, using os.uptime() value
2026-05-31T10:36:51: PM2 warn: [pidusage] We couldn't find uptime from /proc/uptime, using os.uptime() value
2026-05-31T10:37:21: PM2 warn: [pidusage] We couldn't find uptime from /proc/uptime, using os.uptime() value
2026-05-31T10:37:51: PM2 warn: [pidusage] We couldn't find uptime from /proc/uptime, using os.uptime() value
2026-05-31T10:38:21: PM2 warn: [pidusage] We couldn't find uptime from /proc/uptime, using os.uptime() value
2026-05-31T10:38:51: PM2 warn: [pidusage] We couldn't find uptime from /proc/uptime, using os.uptime() value
2026-05-31T10:39:21: PM2 warn: [pidusage] We couldn't find uptime from /proc/uptime, using os.uptime() value
2026-05-31T10:39:51: PM2 warn: [pidusage] We couldn't find uptime from /proc/uptime, using os.uptime() value
2026-05-31T10:40:21: PM2 warn: [pidusage] We couldn't find uptime from /proc/uptime, using os.uptime() value
2026-05-31T10:40:51: PM2 warn: [pidusage] We couldn't find uptime from /proc/uptime, using os.uptime() value
2026-05-31T10:41:21: PM2 warn: [pidusage] We couldn't find uptime from /proc/uptime, using os.uptime() value
2026-05-31T10:41:51: PM2 warn: [pidusage] We couldn't find uptime from /proc/uptime, using os.uptime() value
2026-05-31T10:42:21: PM2 warn: [pidusage] We couldn't find uptime from /proc/uptime, using os.uptime() value
2026-05-31T10:42:51: PM2 warn: [pidusage] We couldn't find uptime from /proc/uptime, using os.uptime() value
2026-05-31T10:43:21: PM2 warn: [pidusage] We couldn't find uptime from /proc/uptime, using os.uptime() value
2026-05-31T10:43:51: PM2 warn: [pidusage] We couldn't find uptime from /proc/uptime, using os.uptime() value
2026-05-31T10:44:21: PM2 warn: [pidusage] We couldn't find uptime from /proc/uptime, using os.uptime() value
2026-05-31T10:44:51: PM2 warn: [pidusage] We couldn't find uptime from /proc/uptime, using os.uptime() value
2026-05-31T10:45:21: PM2 warn: [pidusage] We couldn't find uptime from /proc/uptime, using os.uptime() value
2026-05-31T10:45:51: PM2 warn: [pidusage] We couldn't find uptime from /proc/uptime, using os.uptime() value
2026-05-31T10:46:21: PM2 warn: [pidusage] We couldn't find uptime from /proc/uptime, using os.uptime() value
2026-05-31T10:46:51: PM2 warn: [pidusage] We couldn't find uptime from /proc/uptime, using os.uptime() value
2026-05-31T10:47:21: PM2 warn: [pidusage] We couldn't find uptime from /proc/uptime, using os.uptime() value
2026-05-31T10:47:51: PM2 warn: [pidusage] We couldn't find uptime from /proc/uptime, using os.uptime() value
2026-05-31T10:48:21: PM2 warn: [pidusage] We couldn't find uptime from /proc/uptime, using os.uptime() value
2026-05-31T10:48:51: PM2 warn: [pidusage] We couldn't find uptime from /proc/uptime, using os.uptime() value
2026-05-31T10:49:21: PM2 warn: [pidusage] We couldn't find uptime from /proc/uptime, using os.uptime() value
2026-05-31T10:49:51: PM2 warn: [pidusage] We couldn't find uptime from /proc/uptime, using os.uptime() value
2026-05-31T10:50:21: PM2 warn: [pidusage] We couldn't find uptime from /proc/uptime, using os.uptime() value
2026-05-31T10:50:51: PM2 warn: [pidusage] We couldn't find uptime from /proc/uptime, using os.uptime() value
2026-05-31T10:51:21: PM2 warn: [pidusage] We couldn't find uptime from /proc/uptime, using os.uptime() value
2026-05-31T10:51:51: PM2 warn: [pidusage] We couldn't find uptime from /proc/uptime, using os.uptime() value
2026-05-31T10:52:21: PM2 warn: [pidusage] We couldn't find uptime from /proc/uptime, using os.uptime() value
2026-05-31T10:52:51: PM2 warn: [pidusage] We couldn't find uptime from /proc/uptime, using os.uptime() value
2026-05-31T10:53:21: PM2 warn: [pidusage] We couldn't find uptime from /proc/uptime, using os.uptime() value
2026-05-31T10:53:51: PM2 warn: [pidusage] We couldn't find uptime from /proc/uptime, using os.uptime() value
2026-05-31T10:54:21: PM2 warn: [pidusage] We couldn't find uptime from /proc/uptime, using os.uptime() value
2026-05-31T10:54:51: PM2 warn: [pidusage] We couldn't find uptime from /proc/uptime, using os.uptime() value
2026-05-31T10:55:21: PM2 warn: [pidusage] We couldn't find uptime from /proc/uptime, using os.uptime() value
2026-05-31T10:55:51: PM2 warn: [pidusage] We couldn't find uptime from /proc/uptime, using os.uptime() value
2026-05-31T10:56:21: PM2 warn: [pidusage] We couldn't find uptime from /proc/uptime, using os.uptime() value
2026-05-31T10:56:51: PM2 warn: [pidusage] We couldn't find uptime from /proc/uptime, using os.uptime() value
2026-05-31T10:57:21: PM2 warn: [pidusage] We couldn't find uptime from /proc/uptime, using os.uptime() value
2026-05-31T10:57:51: PM2 warn: [pidusage] We couldn't find uptime from /proc/uptime, using os.uptime() value
2026-05-31T10:58:21: PM2 warn: [pidusage] We couldn't find uptime from /proc/uptime, using os.uptime() value
2026-05-31T10:58:51: PM2 warn: [pidusage] We couldn't find uptime from /proc/uptime, using os.uptime() value
2026-05-31T10:59:21: PM2 warn: [pidusage] We couldn't find uptime from /proc/uptime, using os.uptime() value
2026-05-31T10:59:51: PM2 warn: [pidusage] We couldn't find uptime from /proc/uptime, using os.uptime() value
2026-05-31T11:00:21: PM2 warn: [pidusage] We couldn't find uptime from /proc/uptime, using os.uptime() value
2026-05-31T11:00:51: PM2 warn: [pidusage] We couldn't find uptime from /proc/uptime, using os.uptime() value
2026-05-31T11:01:21: PM2 warn: [pidusage] We couldn't find uptime from /proc/uptime, using os.uptime() value
2026-05-31T11:01:51: PM2 warn: [pidusage] We couldn't find uptime from /proc/uptime, using os.uptime() value
2026-05-31T11:02:21: PM2 warn: [pidusage] We couldn't find uptime from /proc/uptime, using os.uptime() value
2026-05-31T11:02:51: PM2 warn: [pidusage] We couldn't find uptime from /proc/uptime, using os.uptime() value
2026-05-31T11:03:21: PM2 warn: [pidusage] We couldn't find uptime from /proc/uptime, using os.uptime() value
2026-05-31T11:03:51: PM2 warn: [pidusage] We couldn't find uptime from /proc/uptime, using os.uptime() value
2026-05-31T11:04:21: PM2 warn: [pidusage] We couldn't find uptime from /proc/uptime, using os.uptime() value
2026-05-31T11:04:51: PM2 warn: [pidusage] We couldn't find uptime from /proc/uptime, using os.uptime() value
2026-05-31T11:05:21: PM2 warn: [pidusage] We couldn't find uptime from /proc/uptime, using os.uptime() value
2026-05-31T11:05:51: PM2 warn: [pidusage] We couldn't find uptime from /proc/uptime, using os.uptime() value
2026-05-31T11:06:21: PM2 warn: [pidusage] We couldn't find uptime from /proc/uptime, using os.uptime() value
2026-05-31T11:06:51: PM2 warn: [pidusage] We couldn't find uptime from /proc/uptime, using os.uptime() value
2026-05-31T11:07:21: PM2 warn: [pidusage] We couldn't find uptime from /proc/uptime, using os.uptime() value
2026-05-31T11:07:51: PM2 warn: [pidusage] We couldn't find uptime from /proc/uptime, using os.uptime() value
2026-05-31T11:08:21: PM2 warn: [pidusage] We couldn't find uptime from /proc/uptime, using os.uptime() value
2026-05-31T11:08:51: PM2 warn: [pidusage] We couldn't find uptime from /proc/uptime, using os.uptime() value
2026-05-31T11:09:21: PM2 warn: [pidusage] We couldn't find uptime from /proc/uptime, using os.uptime() value
2026-05-31T11:09:51: PM2 warn: [pidusage] We couldn't find uptime from /proc/uptime, using os.uptime() value
2026-05-31T11:10:21: PM2 warn: [pidusage] We couldn't find uptime from /proc/uptime, using os.uptime() value
2026-05-31T11:10:51: PM2 warn: [pidusage] We couldn't find uptime from /proc/uptime, using os.uptime() value
2026-05-31T11:11:21: PM2 warn: [pidusage] We couldn't find uptime from /proc/uptime, using os.uptime() value
2026-05-31T11:11:51: PM2 warn: [pidusage] We couldn't find uptime from /proc/uptime, using os.uptime() value
2026-05-31T11:12:21: PM2 warn: [pidusage] We couldn't find uptime from /proc/uptime, using os.uptime() value
2026-05-31T11:12:51: PM2 warn: [pidusage] We couldn't find uptime from /proc/uptime, using os.uptime() value
2026-05-31T11:13:21: PM2 warn: [pidusage] We couldn't find uptime from /proc/uptime, using os.uptime() value
2026-05-31T11:13:51: PM2 warn: [pidusage] We couldn't find uptime from /proc/uptime, using os.uptime() value
2026-05-31T11:14:21: PM2 warn: [pidusage] We couldn't find uptime from /proc/uptime, using os.uptime() value
2026-05-31T11:14:51: PM2 warn: [pidusage] We couldn't find uptime from /proc/uptime, using os.uptime() value
2026-05-31T11:15:21: PM2 warn: [pidusage] We couldn't find uptime from /proc/uptime, using os.uptime() value
2026-05-31T11:15:51: PM2 warn: [pidusage] We couldn't find uptime from /proc/uptime, using os.uptime() value
2026-05-31T11:16:21: PM2 warn: [pidusage] We couldn't find uptime from /proc/uptime, using os.uptime() value
2026-05-31T11:16:51: PM2 warn: [pidusage] We couldn't find uptime from /proc/uptime, using os.uptime() value
2026-05-31T11:17:21: PM2 warn: [pidusage] We couldn't find uptime from /proc/uptime, using os.uptime() value
2026-05-31T11:17:51: PM2 warn: [pidusage] We couldn't find uptime from /proc/uptime, using os.uptime() value
2026-05-31T11:18:21: PM2 warn: [pidusage] We couldn't find uptime from /proc/uptime, using os.uptime() value
2026-05-31T11:18:51: PM2 warn: [pidusage] We couldn't find uptime from /proc/uptime, using os.uptime() value
2026-05-31T11:19:21: PM2 warn: [pidusage] We couldn't find uptime from /proc/uptime, using os.uptime() value
2026-05-31T11:19:51: PM2 warn: [pidusage] We couldn't find uptime from /proc/uptime, using os.uptime() value
2026-05-31T11:20:21: PM2 warn: [pidusage] We couldn't find uptime from /proc/uptime, using os.uptime() value
2026-05-31T11:20:51: PM2 warn: [pidusage] We couldn't find uptime from /proc/uptime, using os.uptime() value
2026-05-31T11:21:21: PM2 warn: [pidusage] We couldn't find uptime from /proc/uptime, using os.uptime() value
2026-05-31T11:21:51: PM2 warn: [pidusage] We couldn't find uptime from /proc/uptime, using os.uptime() value
2026-05-31T11:22:21: PM2 warn: [pidusage] We couldn't find uptime from /proc/uptime, using os.uptime() value
2026-05-31T11:22:51: PM2 warn: [pidusage] We couldn't find uptime from /proc/uptime, using os.uptime() value
2026-05-31T11:23:21: PM2 warn: [pidusage] We couldn't find uptime from /proc/uptime, using os.uptime() value
2026-05-31T11:23:51: PM2 warn: [pidusage] We couldn't find uptime from /proc/uptime, using os.uptime() value
2026-05-31T11:24:21: PM2 warn: [pidusage] We couldn't find uptime from /proc/uptime, using os.uptime() value
2026-05-31T11:24:51: PM2 warn: [pidusage] We couldn't find uptime from /proc/uptime, using os.uptime() value
2026-05-31T11:25:21: PM2 warn: [pidusage] We couldn't find uptime from /proc/uptime, using os.uptime() value
2026-05-31T11:25:51: PM2 warn: [pidusage] We couldn't find uptime from /proc/uptime, using os.uptime() value
2026-05-31T11:26:21: PM2 warn: [pidusage] We couldn't find uptime from /proc/uptime, using os.uptime() value
2026-05-31T11:26:51: PM2 warn: [pidusage] We couldn't find uptime from /proc/uptime, using os.uptime() value
2026-05-31T11:27:21: PM2 warn: [pidusage] We couldn't find uptime from /proc/uptime, using os.uptime() value
2026-05-31T11:27:51: PM2 warn: [pidusage] We couldn't find uptime from /proc/uptime, using os.uptime() value
2026-05-31T11:28:21: PM2 warn: [pidusage] We couldn't find uptime from /proc/uptime, using os.uptime() value
2026-05-31T11:28:51: PM2 warn: [pidusage] We couldn't find uptime from /proc/uptime, using os.uptime() value
2026-05-31T11:29:21: PM2 warn: [pidusage] We couldn't find uptime from /proc/uptime, using os.uptime() value
2026-05-31T11:29:51: PM2 warn: [pidusage] We couldn't find uptime from /proc/uptime, using os.uptime() value
2026-05-31T11:30:21: PM2 warn: [pidusage] We couldn't find uptime from /proc/uptime, using os.uptime() value
2026-05-31T11:30:51: PM2 warn: [pidusage] We couldn't find uptime from /proc/uptime, using os.uptime() value
2026-05-31T11:31:21: PM2 warn: [pidusage] We couldn't find uptime from /proc/uptime, using os.uptime() value
2026-05-31T11:31:51: PM2 warn: [pidusage] We couldn't find uptime from /proc/uptime, using os.uptime() value
2026-05-31T11:32:21: PM2 warn: [pidusage] We couldn't find uptime from /proc/uptime, using os.uptime() value
2026-05-31T11:32:51: PM2 warn: [pidusage] We couldn't find uptime from /proc/uptime, using os.uptime() value
2026-05-31T11:33:21: PM2 warn: [pidusage] We couldn't find uptime from /proc/uptime, using os.uptime() value
2026-05-31T11:33:51: PM2 warn: [pidusage] We couldn't find uptime from /proc/uptime, using os.uptime() value
2026-05-31T11:34:21: PM2 warn: [pidusage] We couldn't find uptime from /proc/uptime, using os.uptime() value
2026-05-31T11:34:51: PM2 warn: [pidusage] We couldn't find uptime from /proc/uptime, using os.uptime() value
2026-05-31T11:35:21: PM2 warn: [pidusage] We couldn't find uptime from /proc/uptime, using os.uptime() value
2026-05-31T11:35:51: PM2 warn: [pidusage] We couldn't find uptime from /proc/uptime, using os.uptime() value
2026-05-31T11:36:21: PM2 warn: [pidusage] We couldn't find uptime from /proc/uptime, using os.uptime() value
2026-05-31T11:36:51: PM2 warn: [pidusage] We couldn't find uptime from /proc/uptime, using os.uptime() value
2026-05-31T11:37:21: PM2 warn: [pidusage] We couldn't find uptime from /proc/uptime, using os.uptime() value
2026-05-31T11:37:51: PM2 warn: [pidusage] We couldn't find uptime from /proc/uptime, using os.uptime() value
2026-05-31T11:38:21: PM2 warn: [pidusage] We couldn't find uptime from /proc/uptime, using os.uptime() value
2026-05-31T11:38:51: PM2 warn: [pidusage] We couldn't find uptime from /proc/uptime, using os.uptime() value
2026-05-31T11:39:21: PM2 warn: [pidusage] We couldn't find uptime from /proc/uptime, using os.uptime() value
2026-05-31T11:39:51: PM2 warn: [pidusage] We couldn't find uptime from /proc/uptime, using os.uptime() value
2026-05-31T11:40:21: PM2 warn: [pidusage] We couldn't find uptime from /proc/uptime, using os.uptime() value
2026-05-31T11:40:51: PM2 warn: [pidusage] We couldn't find uptime from /proc/uptime, using os.uptime() value
2026-05-31T11:41:21: PM2 warn: [pidusage] We couldn't find uptime from /proc/uptime, using os.uptime() value
2026-05-31T11:41:51: PM2 warn: [pidusage] We couldn't find uptime from /proc/uptime, using os.uptime() value
2026-05-31T11:42:21: PM2 warn: [pidusage] We couldn't find uptime from /proc/uptime, using os.uptime() value
2026-05-31T11:42:51: PM2 warn: [pidusage] We couldn't find uptime from /proc/uptime, using os.uptime() value
2026-05-31T11:43:21: PM2 warn: [pidusage] We couldn't find uptime from /proc/uptime, using os.uptime() value
2026-05-31T11:43:51: PM2 warn: [pidusage] We couldn't find uptime from /proc/uptime, using os.uptime() value
2026-05-31T11:44:21: PM2 warn: [pidusage] We couldn't find uptime from /proc/uptime, using os.uptime() value
2026-05-31T11:44:51: PM2 warn: [pidusage] We couldn't find uptime from /proc/uptime, using os.uptime() value
2026-05-31T11:45:21: PM2 warn: [pidusage] We couldn't find uptime from /proc/uptime, using os.uptime() value
2026-05-31T11:45:51: PM2 warn: [pidusage] We couldn't find uptime from /proc/uptime, using os.uptime() value
2026-05-31T11:46:21: PM2 warn: [pidusage] We couldn't find uptime from /proc/uptime, using os.uptime() value
2026-05-31T11:46:51: PM2 warn: [pidusage] We couldn't find uptime from /proc/uptime, using os.uptime() value
2026-05-31T11:47:21: PM2 warn: [pidusage] We couldn't find uptime from /proc/uptime, using os.uptime() value
2026-05-31T11:47:51: PM2 warn: [pidusage] We couldn't find uptime from /proc/uptime, using os.uptime() value
2026-05-31T11:48:21: PM2 warn: [pidusage] We couldn't find uptime from /proc/uptime, using os.uptime() value
2026-05-31T11:48:51: PM2 warn: [pidusage] We couldn't find uptime from /proc/uptime, using os.uptime() value
2026-05-31T11:49:21: PM2 warn: [pidusage] We couldn't find uptime from /proc/uptime, using os.uptime() value
2026-05-31T11:49:51: PM2 warn: [pidusage] We couldn't find uptime from /proc/uptime, using os.uptime() value
2026-05-31T11:50:21: PM2 warn: [pidusage] We couldn't find uptime from /proc/uptime, using os.uptime() value
2026-05-31T11:50:51: PM2 warn: [pidusage] We couldn't find uptime from /proc/uptime, using os.uptime() value
2026-05-31T11:51:21: PM2 warn: [pidusage] We couldn't find uptime from /proc/uptime, using os.uptime() value
2026-05-31T11:51:51: PM2 warn: [pidusage] We couldn't find uptime from /proc/uptime, using os.uptime() value
2026-05-31T11:52:21: PM2 warn: [pidusage] We couldn't find uptime from /proc/uptime, using os.uptime() value
2026-05-31T11:52:51: PM2 warn: [pidusage] We couldn't find uptime from /proc/uptime, using os.uptime() value
2026-05-31T11:53:21: PM2 warn: [pidusage] We couldn't find uptime from /proc/uptime, using os.uptime() value
2026-05-31T11:53:51: PM2 warn: [pidusage] We couldn't find uptime from /proc/uptime, using os.uptime() value
2026-05-31T11:54:21: PM2 warn: [pidusage] We couldn't find uptime from /proc/uptime, using os.uptime() value
2026-05-31T11:54:51: PM2 warn: [pidusage] We couldn't find uptime from /proc/uptime, using os.uptime() value
2026-05-31T11:55:21: PM2 warn: [pidusage] We couldn't find uptime from /proc/uptime, using os.uptime() value
2026-05-31T11:55:51: PM2 warn: [pidusage] We couldn't find uptime from /proc/uptime, using os.uptime() value
2026-05-31T11:56:21: PM2 warn: [pidusage] We couldn't find uptime from /proc/uptime, using os.uptime() value
2026-05-31T11:56:51: PM2 warn: [pidusage] We couldn't find uptime from /proc/uptime, using os.uptime() value
2026-05-31T11:57:21: PM2 warn: [pidusage] We couldn't find uptime from /proc/uptime, using os.uptime() value
2026-05-31T11:57:51: PM2 warn: [pidusage] We couldn't find uptime from /proc/uptime, using os.uptime() value
2026-05-31T11:58:21: PM2 warn: [pidusage] We couldn't find uptime from /proc/uptime, using os.uptime() value
2026-05-31T11:58:51: PM2 warn: [pidusage] We couldn't find uptime from /proc/uptime, using os.uptime() value
2026-05-31T11:59:21: PM2 warn: [pidusage] We couldn't find uptime from /proc/uptime, using os.uptime() value
2026-05-31T11:59:51: PM2 warn: [pidusage] We couldn't find uptime from /proc/uptime, using os.uptime() value
2026-05-31T12:00:21: PM2 warn: [pidusage] We couldn't find uptime from /proc/uptime, using os.uptime() value
2026-05-31T12:00:51: PM2 warn: [pidusage] We couldn't find uptime from /proc/uptime, using os.uptime() value
2026-05-31T12:01:21: PM2 warn: [pidusage] We couldn't find uptime from /proc/uptime, using os.uptime() value
2026-05-31T12:01:51: PM2 warn: [pidusage] We couldn't find uptime from /proc/uptime, using os.uptime() value
2026-05-31T12:02:21: PM2 warn: [pidusage] We couldn't find uptime from /proc/uptime, using os.uptime() value
2026-05-31T12:02:51: PM2 warn: [pidusage] We couldn't find uptime from /proc/uptime, using os.uptime() value
2026-05-31T12:03:21: PM2 warn: [pidusage] We couldn't find uptime from /proc/uptime, using os.uptime() value
2026-05-31T12:03:51: PM2 warn: [pidusage] We couldn't find uptime from /proc/uptime, using os.uptime() value
2026-05-31T12:04:21: PM2 warn: [pidusage] We couldn't find uptime from /proc/uptime, using os.uptime() value
2026-05-31T12:04:51: PM2 warn: [pidusage] We couldn't find uptime from /proc/uptime, using os.uptime() value
2026-05-31T12:05:21: PM2 warn: [pidusage] We couldn't find uptime from /proc/uptime, using os.uptime() value
2026-05-31T12:05:51: PM2 warn: [pidusage] We couldn't find uptime from /proc/uptime, using os.uptime() value
2026-05-31T12:06:21: PM2 warn: [pidusage] We couldn't find uptime from /proc/uptime, using os.uptime() value
2026-05-31T12:06:51: PM2 warn: [pidusage] We couldn't find uptime from /proc/uptime, using os.uptime() value
2026-05-31T12:07:21: PM2 warn: [pidusage] We couldn't find uptime from /proc/uptime, using os.uptime() value
2026-05-31T12:07:51: PM2 warn: [pidusage] We couldn't find uptime from /proc/uptime, using os.uptime() value
2026-05-31T12:08:21: PM2 warn: [pidusage] We couldn't find uptime from /proc/uptime, using os.uptime() value
2026-05-31T12:08:51: PM2 warn: [pidusage] We couldn't find uptime from /proc/uptime, using os.uptime() value
2026-05-31T12:09:21: PM2 warn: [pidusage] We couldn't find uptime from /proc/uptime, using os.uptime() value
2026-05-31T12:09:51: PM2 warn: [pidusage] We couldn't find uptime from /proc/uptime, using os.uptime() value
2026-05-31T12:10:21: PM2 warn: [pidusage] We couldn't find uptime from /proc/uptime, using os.uptime() value
2026-05-31T12:10:51: PM2 warn: [pidusage] We couldn't find uptime from /proc/uptime, using os.uptime() value
2026-05-31T12:11:21: PM2 warn: [pidusage] We couldn't find uptime from /proc/uptime, using os.uptime() value
2026-05-31T12:11:51: PM2 warn: [pidusage] We couldn't find uptime from /proc/uptime, using os.uptime() value
2026-05-31T12:12:21: PM2 warn: [pidusage] We couldn't find uptime from /proc/uptime, using os.uptime() value
2026-05-31T12:12:51: PM2 warn: [pidusage] We couldn't find uptime from /proc/uptime, using os.uptime() value
2026-05-31T12:13:21: PM2 warn: [pidusage] We couldn't find uptime from /proc/uptime, using os.uptime() value
2026-05-31T12:13:51: PM2 warn: [pidusage] We couldn't find uptime from /proc/uptime, using os.uptime() value
2026-05-31T12:14:21: PM2 warn: [pidusage] We couldn't find uptime from /proc/uptime, using os.uptime() value
2026-05-31T12:14:51: PM2 warn: [pidusage] We couldn't find uptime from /proc/uptime, using os.uptime() value
2026-05-31T12:15:21: PM2 warn: [pidusage] We couldn't find uptime from /proc/uptime, using os.uptime() value
2026-05-31T12:15:51: PM2 warn: [pidusage] We couldn't find uptime from /proc/uptime, using os.uptime() value
2026-05-31T12:16:21: PM2 warn: [pidusage] We couldn't find uptime from /proc/uptime, using os.uptime() value
2026-05-31T12:16:51: PM2 warn: [pidusage] We couldn't find uptime from /proc/uptime, using os.uptime() value
2026-05-31T12:17:21: PM2 warn: [pidusage] We couldn't find uptime from /proc/uptime, using os.uptime() value
2026-05-31T12:17:51: PM2 warn: [pidusage] We couldn't find uptime from /proc/uptime, using os.uptime() value
2026-05-31T12:18:21: PM2 warn: [pidusage] We couldn't find uptime from /proc/uptime, using os.uptime() value
2026-05-31T12:18:51: PM2 warn: [pidusage] We couldn't find uptime from /proc/uptime, using os.uptime() value
2026-05-31T12:19:21: PM2 warn: [pidusage] We couldn't find uptime from /proc/uptime, using os.uptime() value
2026-05-31T12:19:51: PM2 warn: [pidusage] We couldn't find uptime from /proc/uptime, using os.uptime() value
2026-05-31T12:20:21: PM2 warn: [pidusage] We couldn't find uptime from /proc/uptime, using os.uptime() value
2026-05-31T12:20:51: PM2 warn: [pidusage] We couldn't find uptime from /proc/uptime, using os.uptime() value
2026-05-31T12:21:21: PM2 warn: [pidusage] We couldn't find uptime from /proc/uptime, using os.uptime() value
2026-05-31T12:21:51: PM2 warn: [pidusage] We couldn't find uptime from /proc/uptime, using os.uptime() value
2026-05-31T12:22:21: PM2 warn: [pidusage] We couldn't find uptime from /proc/uptime, using os.uptime() value
2026-05-31T12:22:51: PM2 warn: [pidusage] We couldn't find uptime from /proc/uptime, using os.uptime() value
2026-05-31T12:23:21: PM2 warn: [pidusage] We couldn't find uptime from /proc/uptime, using os.uptime() value
2026-05-31T12:23:51: PM2 warn: [pidusage] We couldn't find uptime from /proc/uptime, using os.uptime() value
2026-05-31T12:24:21: PM2 warn: [pidusage] We couldn't find uptime from /proc/uptime, using os.uptime() value
2026-05-31T12:24:51: PM2 warn: [pidusage] We couldn't find uptime from /proc/uptime, using os.uptime() value
2026-05-31T12:25:21: PM2 warn: [pidusage] We couldn't find uptime from /proc/uptime, using os.uptime() value
2026-05-31T12:25:51: PM2 warn: [pidusage] We couldn't find uptime from /proc/uptime, using os.uptime() value
2026-05-31T12:26:21: PM2 warn: [pidusage] We couldn't find uptime from /proc/uptime, using os.uptime() value
2026-05-31T12:26:51: PM2 warn: [pidusage] We couldn't find uptime from /proc/uptime, using os.uptime() value
2026-05-31T12:27:21: PM2 warn: [pidusage] We couldn't find uptime from /proc/uptime, using os.uptime() value
2026-05-31T12:27:51: PM2 warn: [pidusage] We couldn't find uptime from /proc/uptime, using os.uptime() value
2026-05-31T12:28:21: PM2 warn: [pidusage] We couldn't find uptime from /proc/uptime, using os.uptime() value
2026-05-31T12:28:51: PM2 warn: [pidusage] We couldn't find uptime from /proc/uptime, using os.uptime() value
2026-05-31T12:29:21: PM2 warn: [pidusage] We couldn't find uptime from /proc/uptime, using os.uptime() value
2026-05-31T12:29:51: PM2 warn: [pidusage] We couldn't find uptime from /proc/uptime, using os.uptime() value
2026-05-31T12:30:21: PM2 warn: [pidusage] We couldn't find uptime from /proc/uptime, using os.uptime() value
2026-05-31T12:30:51: PM2 warn: [pidusage] We couldn't find uptime from /proc/uptime, using os.uptime() value
2026-05-31T12:31:21: PM2 warn: [pidusage] We couldn't find uptime from /proc/uptime, using os.uptime() value
2026-05-31T12:31:51: PM2 warn: [pidusage] We couldn't find uptime from /proc/uptime, using os.uptime() value
2026-05-31T12:32:21: PM2 warn: [pidusage] We couldn't find uptime from /proc/uptime, using os.uptime() value
2026-05-31T12:32:51: PM2 warn: [pidusage] We couldn't find uptime from /proc/uptime, using os.uptime() value
2026-05-31T12:33:21: PM2 warn: [pidusage] We couldn't find uptime from /proc/uptime, using os.uptime() value
2026-05-31T12:33:51: PM2 warn: [pidusage] We couldn't find uptime from /proc/uptime, using os.uptime() value
2026-05-31T12:34:21: PM2 warn: [pidusage] We couldn't find uptime from /proc/uptime, using os.uptime() value
2026-05-31T12:34:51: PM2 warn: [pidusage] We couldn't find uptime from /proc/uptime, using os.uptime() value
2026-05-31T12:35:21: PM2 warn: [pidusage] We couldn't find uptime from /proc/uptime, using os.uptime() value
2026-05-31T12:35:51: PM2 warn: [pidusage] We couldn't find uptime from /proc/uptime, using os.uptime() value
2026-05-31T12:36:21: PM2 warn: [pidusage] We couldn't find uptime from /proc/uptime, using os.uptime() value
2026-05-31T12:36:51: PM2 warn: [pidusage] We couldn't find uptime from /proc/uptime, using os.uptime() value
2026-05-31T12:37:21: PM2 warn: [pidusage] We couldn't find uptime from /proc/uptime, using os.uptime() value
2026-05-31T12:37:51: PM2 warn: [pidusage] We couldn't find uptime from /proc/uptime, using os.uptime() value
2026-05-31T12:38:21: PM2 warn: [pidusage] We couldn't find uptime from /proc/uptime, using os.uptime() value
2026-05-31T12:38:51: PM2 warn: [pidusage] We couldn't find uptime from /proc/uptime, using os.uptime() value
2026-05-31T12:39:21: PM2 warn: [pidusage] We couldn't find uptime from /proc/uptime, using os.uptime() value
2026-05-31T12:39:51: PM2 warn: [pidusage] We couldn't find uptime from /proc/uptime, using os.uptime() value
2026-05-31T12:40:21: PM2 warn: [pidusage] We couldn't find uptime from /proc/uptime, using os.uptime() value
2026-05-31T12:40:51: PM2 warn: [pidusage] We couldn't find uptime from /proc/uptime, using os.uptime() value
2026-05-31T12:41:21: PM2 warn: [pidusage] We couldn't find uptime from /proc/uptime, using os.uptime() value
2026-05-31T12:41:51: PM2 warn: [pidusage] We couldn't find uptime from /proc/uptime, using os.uptime() value
2026-05-31T12:42:21: PM2 warn: [pidusage] We couldn't find uptime from /proc/uptime, using os.uptime() value
2026-05-31T12:42:51: PM2 warn: [pidusage] We couldn't find uptime from /proc/uptime, using os.uptime() value
2026-05-31T12:43:21: PM2 warn: [pidusage] We couldn't find uptime from /proc/uptime, using os.uptime() value
2026-05-31T12:43:51: PM2 warn: [pidusage] We couldn't find uptime from /proc/uptime, using os.uptime() value
2026-05-31T12:44:21: PM2 warn: [pidusage] We couldn't find uptime from /proc/uptime, using os.uptime() value
2026-05-31T12:44:51: PM2 warn: [pidusage] We couldn't find uptime from /proc/uptime, using os.uptime() value
2026-05-31T12:45:21: PM2 warn: [pidusage] We couldn't find uptime from /proc/uptime, using os.uptime() value
2026-05-31T12:45:51: PM2 warn: [pidusage] We couldn't find uptime from /proc/uptime, using os.uptime() value
2026-05-31T12:46:21: PM2 warn: [pidusage] We couldn't find uptime from /proc/uptime, using os.uptime() value
2026-05-31T12:46:51: PM2 warn: [pidusage] We couldn't find uptime from /proc/uptime, using os.uptime() value
2026-05-31T12:47:21: PM2 warn: [pidusage] We couldn't find uptime from /proc/uptime, using os.uptime() value
2026-05-31T12:47:51: PM2 warn: [pidusage] We couldn't find uptime from /proc/uptime, using os.uptime() value
2026-05-31T12:48:21: PM2 warn: [pidusage] We couldn't find uptime from /proc/uptime, using os.uptime() value
2026-05-31T12:48:51: PM2 warn: [pidusage] We couldn't find uptime from /proc/uptime, using os.uptime() value
2026-05-31T12:49:21: PM2 warn: [pidusage] We couldn't find uptime from /proc/uptime, using os.uptime() value
2026-05-31T12:49:51: PM2 warn: [pidusage] We couldn't find uptime from /proc/uptime, using os.uptime() value
2026-05-31T12:50:21: PM2 warn: [pidusage] We couldn't find uptime from /proc/uptime, using os.uptime() value
2026-05-31T12:50:51: PM2 warn: [pidusage] We couldn't find uptime from /proc/uptime, using os.uptime() value
2026-05-31T12:51:21: PM2 warn: [pidusage] We couldn't find uptime from /proc/uptime, using os.uptime() value
2026-05-31T12:51:51: PM2 warn: [pidusage] We couldn't find uptime from /proc/uptime, using os.uptime() value
2026-05-31T12:52:21: PM2 warn: [pidusage] We couldn't find uptime from /proc/uptime, using os.uptime() value
2026-05-31T12:52:51: PM2 warn: [pidusage] We couldn't find uptime from /proc/uptime, using os.uptime() value
2026-05-31T12:53:21: PM2 warn: [pidusage] We couldn't find uptime from /proc/uptime, using os.uptime() value
2026-05-31T12:53:51: PM2 warn: [pidusage] We couldn't find uptime from /proc/uptime, using os.uptime() value
2026-05-31T12:54:21: PM2 warn: [pidusage] We couldn't find uptime from /proc/uptime, using os.uptime() value
2026-05-31T12:54:51: PM2 warn: [pidusage] We couldn't find uptime from /proc/uptime, using os.uptime() value
2026-05-31T12:55:21: PM2 warn: [pidusage] We couldn't find uptime from /proc/uptime, using os.uptime() value
2026-05-31T12:55:51: PM2 warn: [pidusage] We couldn't find uptime from /proc/uptime, using os.uptime() value
2026-05-31T12:56:21: PM2 warn: [pidusage] We couldn't find uptime from /proc/uptime, using os.uptime() value
2026-05-31T12:56:51: PM2 warn: [pidusage] We couldn't find uptime from /proc/uptime, using os.uptime() value
2026-05-31T12:57:21: PM2 warn: [pidusage] We couldn't find uptime from /proc/uptime, using os.uptime() value
2026-05-31T12:57:51: PM2 warn: [pidusage] We couldn't find uptime from /proc/uptime, using os.uptime() value
2026-05-31T12:58:21: PM2 warn: [pidusage] We couldn't find uptime from /proc/uptime, using os.uptime() value
2026-05-31T12:58:51: PM2 warn: [pidusage] We couldn't find uptime from /proc/uptime, using os.uptime() value
2026-05-31T12:59:21: PM2 warn: [pidusage] We couldn't find uptime from /proc/uptime, using os.uptime() value
2026-05-31T12:59:51: PM2 warn: [pidusage] We couldn't find uptime from /proc/uptime, using os.uptime() value
2026-05-31T13:00:21: PM2 warn: [pidusage] We couldn't find uptime from /proc/uptime, using os.uptime() value
2026-05-31T13:00:51: PM2 warn: [pidusage] We couldn't find uptime from /proc/uptime, using os.uptime() value
2026-05-31T13:01:21: PM2 warn: [pidusage] We couldn't find uptime from /proc/uptime, using os.uptime() value
2026-05-31T13:01:51: PM2 warn: [pidusage] We couldn't find uptime from /proc/uptime, using os.uptime() value
2026-05-31T13:02:21: PM2 warn: [pidusage] We couldn't find uptime from /proc/uptime, using os.uptime() value
2026-05-31T13:02:51: PM2 warn: [pidusage] We couldn't find uptime from /proc/uptime, using os.uptime() value
2026-05-31T13:03:21: PM2 warn: [pidusage] We couldn't find uptime from /proc/uptime, using os.uptime() value
2026-05-31T13:03:51: PM2 warn: [pidusage] We couldn't find uptime from /proc/uptime, using os.uptime() value
2026-05-31T13:04:21: PM2 warn: [pidusage] We couldn't find uptime from /proc/uptime, using os.uptime() value
2026-05-31T13:04:51: PM2 warn: [pidusage] We couldn't find uptime from /proc/uptime, using os.uptime() value
2026-05-31T13:05:21: PM2 warn: [pidusage] We couldn't find uptime from /proc/uptime, using os.uptime() value
2026-05-31T13:05:51: PM2 warn: [pidusage] We couldn't find uptime from /proc/uptime, using os.uptime() value
2026-05-31T13:06:21: PM2 warn: [pidusage] We couldn't find uptime from /proc/uptime, using os.uptime() value
2026-05-31T13:06:51: PM2 warn: [pidusage] We couldn't find uptime from /proc/uptime, using os.uptime() value
2026-05-31T13:07:21: PM2 warn: [pidusage] We couldn't find uptime from /proc/uptime, using os.uptime() value
2026-05-31T13:07:51: PM2 warn: [pidusage] We couldn't find uptime from /proc/uptime, using os.uptime() value
2026-05-31T13:08:21: PM2 warn: [pidusage] We couldn't find uptime from /proc/uptime, using os.uptime() value
2026-05-31T13:08:51: PM2 warn: [pidusage] We couldn't find uptime from /proc/uptime, using os.uptime() value
2026-05-31T13:09:21: PM2 warn: [pidusage] We couldn't find uptime from /proc/uptime, using os.uptime() value
2026-05-31T13:09:51: PM2 warn: [pidusage] We couldn't find uptime from /proc/uptime, using os.uptime() value
2026-05-31T13:10:21: PM2 warn: [pidusage] We couldn't find uptime from /proc/uptime, using os.uptime() value
2026-05-31T13:10:51: PM2 warn: [pidusage] We couldn't find uptime from /proc/uptime, using os.uptime() value
2026-05-31T13:11:21: PM2 warn: [pidusage] We couldn't find uptime from /proc/uptime, using os.uptime() value
2026-05-31T13:11:51: PM2 warn: [pidusage] We couldn't find uptime from /proc/uptime, using os.uptime() value
2026-05-31T13:12:21: PM2 warn: [pidusage] We couldn't find uptime from /proc/uptime, using os.uptime() value
2026-05-31T13:12:51: PM2 warn: [pidusage] We couldn't find uptime from /proc/uptime, using os.uptime() value
2026-05-31T13:13:21: PM2 warn: [pidusage] We couldn't find uptime from /proc/uptime, using os.uptime() value
2026-05-31T13:13:51: PM2 warn: [pidusage] We couldn't find uptime from /proc/uptime, using os.uptime() value
2026-05-31T13:14:21: PM2 warn: [pidusage] We couldn't find uptime from /proc/uptime, using os.uptime() value
2026-05-31T13:14:51: PM2 warn: [pidusage] We couldn't find uptime from /proc/uptime, using os.uptime() value
2026-05-31T13:15:21: PM2 warn: [pidusage] We couldn't find uptime from /proc/uptime, using os.uptime() value
2026-05-31T13:15:51: PM2 warn: [pidusage] We couldn't find uptime from /proc/uptime, using os.uptime() value
2026-05-31T13:16:21: PM2 warn: [pidusage] We couldn't find uptime from /proc/uptime, using os.uptime() value
2026-05-31T13:16:51: PM2 warn: [pidusage] We couldn't find uptime from /proc/uptime, using os.uptime() value
2026-05-31T13:17:21: PM2 warn: [pidusage] We couldn't find uptime from /proc/uptime, using os.uptime() value
2026-05-31T13:17:51: PM2 warn: [pidusage] We couldn't find uptime from /proc/uptime, using os.uptime() value
2026-05-31T13:18:21: PM2 warn: [pidusage] We couldn't find uptime from /proc/uptime, using os.uptime() value
2026-05-31T13:18:51: PM2 warn: [pidusage] We couldn't find uptime from /proc/uptime, using os.uptime() value
2026-05-31T13:19:21: PM2 warn: [pidusage] We couldn't find uptime from /proc/uptime, using os.uptime() value
2026-05-31T13:19:51: PM2 warn: [pidusage] We couldn't find uptime from /proc/uptime, using os.uptime() value
2026-05-31T13:20:21: PM2 warn: [pidusage] We couldn't find uptime from /proc/uptime, using os.uptime() value
2026-05-31T13:20:51: PM2 warn: [pidusage] We couldn't find uptime from /proc/uptime, using os.uptime() value
2026-05-31T13:21:21: PM2 warn: [pidusage] We couldn't find uptime from /proc/uptime, using os.uptime() value
2026-05-31T13:21:51: PM2 warn: [pidusage] We couldn't find uptime from /proc/uptime, using os.uptime() value
2026-05-31T13:22:21: PM2 warn: [pidusage] We couldn't find uptime from /proc/uptime, using os.uptime() value
2026-05-31T13:22:51: PM2 warn: [pidusage] We couldn't find uptime from /proc/uptime, using os.uptime() value
2026-05-31T13:23:21: PM2 warn: [pidusage] We couldn't find uptime from /proc/uptime, using os.uptime() value
2026-05-31T13:23:51: PM2 warn: [pidusage] We couldn't find uptime from /proc/uptime, using os.uptime() value
2026-05-31T13:24:21: PM2 warn: [pidusage] We couldn't find uptime from /proc/uptime, using os.uptime() value
2026-05-31T13:24:51: PM2 warn: [pidusage] We couldn't find uptime from /proc/uptime, using os.uptime() value
2026-05-31T13:25:21: PM2 warn: [pidusage] We couldn't find uptime from /proc/uptime, using os.uptime() value
2026-05-31T13:25:51: PM2 warn: [pidusage] We couldn't find uptime from /proc/uptime, using os.uptime() value
2026-05-31T13:26:21: PM2 warn: [pidusage] We couldn't find uptime from /proc/uptime, using os.uptime() value
2026-05-31T13:26:51: PM2 warn: [pidusage] We couldn't find uptime from /proc/uptime, using os.uptime() value
2026-05-31T13:27:21: PM2 warn: [pidusage] We couldn't find uptime from /proc/uptime, using os.uptime() value
2026-05-31T13:27:51: PM2 warn: [pidusage] We couldn't find uptime from /proc/uptime, using os.uptime() value
2026-05-31T13:28:21: PM2 warn: [pidusage] We couldn't find uptime from /proc/uptime, using os.uptime() value
2026-05-31T13:28:51: PM2 warn: [pidusage] We couldn't find uptime from /proc/uptime, using os.uptime() value
2026-05-31T13:29:21: PM2 warn: [pidusage] We couldn't find uptime from /proc/uptime, using os.uptime() value
2026-05-31T13:29:51: PM2 warn: [pidusage] We couldn't find uptime from /proc/uptime, using os.uptime() value
2026-05-31T13:30:21: PM2 warn: [pidusage] We couldn't find uptime from /proc/uptime, using os.uptime() value
2026-05-31T13:30:51: PM2 warn: [pidusage] We couldn't find uptime from /proc/uptime, using os.uptime() value
2026-05-31T13:31:21: PM2 warn: [pidusage] We couldn't find uptime from /proc/uptime, using os.uptime() value
2026-05-31T13:31:51: PM2 warn: [pidusage] We couldn't find uptime from /proc/uptime, using os.uptime() value
2026-05-31T13:32:21: PM2 warn: [pidusage] We couldn't find uptime from /proc/uptime, using os.uptime() value
2026-05-31T13:32:51: PM2 warn: [pidusage] We couldn't find uptime from /proc/uptime, using os.uptime() value
2026-05-31T13:33:21: PM2 warn: [pidusage] We couldn't find uptime from /proc/uptime, using os.uptime() value
2026-05-31T13:33:51: PM2 warn: [pidusage] We couldn't find uptime from /proc/uptime, using os.uptime() value
2026-05-31T13:34:21: PM2 warn: [pidusage] We couldn't find uptime from /proc/uptime, using os.uptime() value
2026-05-31T13:34:51: PM2 warn: [pidusage] We couldn't find uptime from /proc/uptime, using os.uptime() value
2026-05-31T13:35:21: PM2 warn: [pidusage] We couldn't find uptime from /proc/uptime, using os.uptime() value
2026-05-31T13:35:51: PM2 warn: [pidusage] We couldn't find uptime from /proc/uptime, using os.uptime() value
2026-05-31T13:36:21: PM2 warn: [pidusage] We couldn't find uptime from /proc/uptime, using os.uptime() value
2026-05-31T13:36:51: PM2 warn: [pidusage] We couldn't find uptime from /proc/uptime, using os.uptime() value
2026-05-31T13:37:21: PM2 warn: [pidusage] We couldn't find uptime from /proc/uptime, using os.uptime() value
2026-05-31T13:37:51: PM2 warn: [pidusage] We couldn't find uptime from /proc/uptime, using os.uptime() value
2026-05-31T13:38:21: PM2 warn: [pidusage] We couldn't find uptime from /proc/uptime, using os.uptime() value
2026-05-31T13:38:51: PM2 warn: [pidusage] We couldn't find uptime from /proc/uptime, using os.uptime() value
2026-05-31T13:39:21: PM2 warn: [pidusage] We couldn't find uptime from /proc/uptime, using os.uptime() value
2026-05-31T13:39:51: PM2 warn: [pidusage] We couldn't find uptime from /proc/uptime, using os.uptime() value
2026-05-31T13:40:21: PM2 warn: [pidusage] We couldn't find uptime from /proc/uptime, using os.uptime() value
2026-05-31T13:40:51: PM2 warn: [pidusage] We couldn't find uptime from /proc/uptime, using os.uptime() value
2026-05-31T13:41:21: PM2 warn: [pidusage] We couldn't find uptime from /proc/uptime, using os.uptime() value
2026-05-31T13:41:51: PM2 warn: [pidusage] We couldn't find uptime from /proc/uptime, using os.uptime() value
2026-05-31T13:42:21: PM2 warn: [pidusage] We couldn't find uptime from /proc/uptime, using os.uptime() value
2026-05-31T13:42:51: PM2 warn: [pidusage] We couldn't find uptime from /proc/uptime, using os.uptime() value
2026-05-31T13:43:21: PM2 warn: [pidusage] We couldn't find uptime from /proc/uptime, using os.uptime() value
2026-05-31T13:43:51: PM2 warn: [pidusage] We couldn't find uptime from /proc/uptime, using os.uptime() value
2026-05-31T13:44:21: PM2 warn: [pidusage] We couldn't find uptime from /proc/uptime, using os.uptime() value
2026-05-31T13:44:51: PM2 warn: [pidusage] We couldn't find uptime from /proc/uptime, using os.uptime() value
2026-05-31T13:45:21: PM2 warn: [pidusage] We couldn't find uptime from /proc/uptime, using os.uptime() value
2026-05-31T13:45:51: PM2 warn: [pidusage] We couldn't find uptime from /proc/uptime, using os.uptime() value
2026-05-31T13:46:21: PM2 warn: [pidusage] We couldn't find uptime from /proc/uptime, using os.uptime() value
2026-05-31T13:46:51: PM2 warn: [pidusage] We couldn't find uptime from /proc/uptime, using os.uptime() value
2026-05-31T13:47:21: PM2 warn: [pidusage] We couldn't find uptime from /proc/uptime, using os.uptime() value
2026-05-31T13:47:51: PM2 warn: [pidusage] We couldn't find uptime from /proc/uptime, using os.uptime() value
2026-05-31T13:48:21: PM2 warn: [pidusage] We couldn't find uptime from /proc/uptime, using os.uptime() value
2026-05-31T13:48:51: PM2 warn: [pidusage] We couldn't find uptime from /proc/uptime, using os.uptime() value
2026-05-31T13:49:21: PM2 warn: [pidusage] We couldn't find uptime from /proc/uptime, using os.uptime() value
2026-05-31T13:49:51: PM2 warn: [pidusage] We couldn't find uptime from /proc/uptime, using os.uptime() value
2026-05-31T13:50:21: PM2 warn: [pidusage] We couldn't find uptime from /proc/uptime, using os.uptime() value
2026-05-31T13:50:51: PM2 warn: [pidusage] We couldn't find uptime from /proc/uptime, using os.uptime() value
2026-05-31T13:51:21: PM2 warn: [pidusage] We couldn't find uptime from /proc/uptime, using os.uptime() value
2026-05-31T13:51:51: PM2 warn: [pidusage] We couldn't find uptime from /proc/uptime, using os.uptime() value
2026-05-31T13:52:21: PM2 warn: [pidusage] We couldn't find uptime from /proc/uptime, using os.uptime() value
2026-05-31T13:52:51: PM2 warn: [pidusage] We couldn't find uptime from /proc/uptime, using os.uptime() value
2026-05-31T13:53:21: PM2 warn: [pidusage] We couldn't find uptime from /proc/uptime, using os.uptime() value
2026-05-31T13:53:51: PM2 warn: [pidusage] We couldn't find uptime from /proc/uptime, using os.uptime() value
2026-05-31T13:54:21: PM2 warn: [pidusage] We couldn't find uptime from /proc/uptime, using os.uptime() value
2026-05-31T13:54:51: PM2 warn: [pidusage] We couldn't find uptime from /proc/uptime, using os.uptime() value
2026-05-31T13:55:21: PM2 warn: [pidusage] We couldn't find uptime from /proc/uptime, using os.uptime() value
2026-05-31T13:55:51: PM2 warn: [pidusage] We couldn't find uptime from /proc/uptime, using os.uptime() value
2026-05-31T13:56:21: PM2 warn: [pidusage] We couldn't find uptime from /proc/uptime, using os.uptime() value
2026-05-31T13:56:51: PM2 warn: [pidusage] We couldn't find uptime from /proc/uptime, using os.uptime() value
2026-05-31T13:57:21: PM2 warn: [pidusage] We couldn't find uptime from /proc/uptime, using os.uptime() value
2026-05-31T13:57:51: PM2 warn: [pidusage] We couldn't find uptime from /proc/uptime, using os.uptime() value
2026-05-31T13:58:21: PM2 warn: [pidusage] We couldn't find uptime from /proc/uptime, using os.uptime() value
2026-05-31T13:58:51: PM2 warn: [pidusage] We couldn't find uptime from /proc/uptime, using os.uptime() value
2026-05-31T13:59:21: PM2 warn: [pidusage] We couldn't find uptime from /proc/uptime, using os.uptime() value
2026-05-31T13:59:51: PM2 warn: [pidusage] We couldn't find uptime from /proc/uptime, using os.uptime() value
2026-05-31T14:00:21: PM2 warn: [pidusage] We couldn't find uptime from /proc/uptime, using os.uptime() value
2026-05-31T14:00:51: PM2 warn: [pidusage] We couldn't find uptime from /proc/uptime, using os.uptime() value
2026-05-31T14:01:21: PM2 warn: [pidusage] We couldn't find uptime from /proc/uptime, using os.uptime() value
2026-05-31T14:01:51: PM2 warn: [pidusage] We couldn't find uptime from /proc/uptime, using os.uptime() value
2026-05-31T14:02:21: PM2 warn: [pidusage] We couldn't find uptime from /proc/uptime, using os.uptime() value
2026-05-31T14:02:51: PM2 warn: [pidusage] We couldn't find uptime from /proc/uptime, using os.uptime() value
2026-05-31T14:03:21: PM2 warn: [pidusage] We couldn't find uptime from /proc/uptime, using os.uptime() value
2026-05-31T14:03:51: PM2 warn: [pidusage] We couldn't find uptime from /proc/uptime, using os.uptime() value
2026-05-31T14:04:21: PM2 warn: [pidusage] We couldn't find uptime from /proc/uptime, using os.uptime() value
2026-05-31T14:04:51: PM2 warn: [pidusage] We couldn't find uptime from /proc/uptime, using os.uptime() value
2026-05-31T14:05:21: PM2 warn: [pidusage] We couldn't find uptime from /proc/uptime, using os.uptime() value
2026-05-31T14:05:51: PM2 warn: [pidusage] We couldn't find uptime from /proc/uptime, using os.uptime() value
2026-05-31T14:06:21: PM2 warn: [pidusage] We couldn't find uptime from /proc/uptime, using os.uptime() value
2026-05-31T14:06:51: PM2 warn: [pidusage] We couldn't find uptime from /proc/uptime, using os.uptime() value
2026-05-31T14:07:21: PM2 warn: [pidusage] We couldn't find uptime from /proc/uptime, using os.uptime() value
2026-05-31T14:07:51: PM2 warn: [pidusage] We couldn't find uptime from /proc/uptime, using os.uptime() value
2026-05-31T14:08:21: PM2 warn: [pidusage] We couldn't find uptime from /proc/uptime, using os.uptime() value
2026-05-31T14:08:51: PM2 warn: [pidusage] We couldn't find uptime from /proc/uptime, using os.uptime() value
2026-05-31T14:09:21: PM2 warn: [pidusage] We couldn't find uptime from /proc/uptime, using os.uptime() value
2026-05-31T14:09:51: PM2 warn: [pidusage] We couldn't find uptime from /proc/uptime, using os.uptime() value
2026-05-31T14:10:21: PM2 warn: [pidusage] We couldn't find uptime from /proc/uptime, using os.uptime() value
2026-05-31T14:10:51: PM2 warn: [pidusage] We couldn't find uptime from /proc/uptime, using os.uptime() value
2026-05-31T14:11:21: PM2 warn: [pidusage] We couldn't find uptime from /proc/uptime, using os.uptime() value
2026-05-31T14:11:51: PM2 warn: [pidusage] We couldn't find uptime from /proc/uptime, using os.uptime() value
2026-05-31T14:12:21: PM2 warn: [pidusage] We couldn't find uptime from /proc/uptime, using os.uptime() value
2026-05-31T14:12:51: PM2 warn: [pidusage] We couldn't find uptime from /proc/uptime, using os.uptime() value
2026-05-31T14:13:21: PM2 warn: [pidusage] We couldn't find uptime from /proc/uptime, using os.uptime() value
2026-05-31T14:13:51: PM2 warn: [pidusage] We couldn't find uptime from /proc/uptime, using os.uptime() value
2026-05-31T14:14:21: PM2 warn: [pidusage] We couldn't find uptime from /proc/uptime, using os.uptime() value
2026-05-31T14:14:51: PM2 warn: [pidusage] We couldn't find uptime from /proc/uptime, using os.uptime() value
2026-05-31T14:15:21: PM2 warn: [pidusage] We couldn't find uptime from /proc/uptime, using os.uptime() value
2026-05-31T14:15:51: PM2 warn: [pidusage] We couldn't find uptime from /proc/uptime, using os.uptime() value
2026-05-31T14:16:21: PM2 warn: [pidusage] We couldn't find uptime from /proc/uptime, using os.uptime() value
2026-05-31T14:16:51: PM2 warn: [pidusage] We couldn't find uptime from /proc/uptime, using os.uptime() value
2026-05-31T14:17:21: PM2 warn: [pidusage] We couldn't find uptime from /proc/uptime, using os.uptime() value
2026-05-31T14:17:51: PM2 warn: [pidusage] We couldn't find uptime from /proc/uptime, using os.uptime() value
2026-05-31T14:18:21: PM2 warn: [pidusage] We couldn't find uptime from /proc/uptime, using os.uptime() value
2026-05-31T14:18:51: PM2 warn: [pidusage] We couldn't find uptime from /proc/uptime, using os.uptime() value
2026-05-31T14:19:21: PM2 warn: [pidusage] We couldn't find uptime from /proc/uptime, using os.uptime() value
2026-05-31T14:19:51: PM2 warn: [pidusage] We couldn't find uptime from /proc/uptime, using os.uptime() value
2026-05-31T14:20:21: PM2 warn: [pidusage] We couldn't find uptime from /proc/uptime, using os.uptime() value
2026-05-31T14:20:51: PM2 warn: [pidusage] We couldn't find uptime from /proc/uptime, using os.uptime() value
2026-05-31T14:21:21: PM2 warn: [pidusage] We couldn't find uptime from /proc/uptime, using os.uptime() value
2026-05-31T14:21:51: PM2 warn: [pidusage] We couldn't find uptime from /proc/uptime, using os.uptime() value
2026-05-31T14:22:21: PM2 warn: [pidusage] We couldn't find uptime from /proc/uptime, using os.uptime() value
2026-05-31T14:22:51: PM2 warn: [pidusage] We couldn't find uptime from /proc/uptime, using os.uptime() value
2026-05-31T14:23:21: PM2 warn: [pidusage] We couldn't find uptime from /proc/uptime, using os.uptime() value
2026-05-31T14:23:51: PM2 warn: [pidusage] We couldn't find uptime from /proc/uptime, using os.uptime() value
2026-05-31T14:24:21: PM2 warn: [pidusage] We couldn't find uptime from /proc/uptime, using os.uptime() value
2026-05-31T14:24:51: PM2 warn: [pidusage] We couldn't find uptime from /proc/uptime, using os.uptime() value
2026-05-31T14:25:21: PM2 warn: [pidusage] We couldn't find uptime from /proc/uptime, using os.uptime() value
2026-05-31T14:25:51: PM2 warn: [pidusage] We couldn't find uptime from /proc/uptime, using os.uptime() value
2026-05-31T14:26:21: PM2 warn: [pidusage] We couldn't find uptime from /proc/uptime, using os.uptime() value
2026-05-31T14:26:51: PM2 warn: [pidusage] We couldn't find uptime from /proc/uptime, using os.uptime() value
2026-05-31T14:27:21: PM2 warn: [pidusage] We couldn't find uptime from /proc/uptime, using os.uptime() value
2026-05-31T14:27:51: PM2 warn: [pidusage] We couldn't find uptime from /proc/uptime, using os.uptime() value
2026-05-31T14:28:21: PM2 warn: [pidusage] We couldn't find uptime from /proc/uptime, using os.uptime() value
2026-05-31T14:28:51: PM2 warn: [pidusage] We couldn't find uptime from /proc/uptime, using os.uptime() value
2026-05-31T14:29:21: PM2 warn: [pidusage] We couldn't find uptime from /proc/uptime, using os.uptime() value
2026-05-31T14:29:51: PM2 warn: [pidusage] We couldn't find uptime from /proc/uptime, using os.uptime() value
2026-05-31T14:30:21: PM2 warn: [pidusage] We couldn't find uptime from /proc/uptime, using os.uptime() value
2026-05-31T14:30:51: PM2 warn: [pidusage] We couldn't find uptime from /proc/uptime, using os.uptime() value
2026-05-31T14:31:21: PM2 warn: [pidusage] We couldn't find uptime from /proc/uptime, using os.uptime() value
2026-05-31T14:31:51: PM2 warn: [pidusage] We couldn't find uptime from /proc/uptime, using os.uptime() value
2026-05-31T14:32:21: PM2 warn: [pidusage] We couldn't find uptime from /proc/uptime, using os.uptime() value
2026-05-31T14:32:51: PM2 warn: [pidusage] We couldn't find uptime from /proc/uptime, using os.uptime() value
2026-05-31T14:33:21: PM2 warn: [pidusage] We couldn't find uptime from /proc/uptime, using os.uptime() value
2026-05-31T14:33:51: PM2 warn: [pidusage] We couldn't find uptime from /proc/uptime, using os.uptime() value
2026-05-31T14:34:21: PM2 warn: [pidusage] We couldn't find uptime from /proc/uptime, using os.uptime() value
2026-05-31T14:34:51: PM2 warn: [pidusage] We couldn't find uptime from /proc/uptime, using os.uptime() value
2026-05-31T14:35:21: PM2 warn: [pidusage] We couldn't find uptime from /proc/uptime, using os.uptime() value
2026-05-31T14:35:51: PM2 warn: [pidusage] We couldn't find uptime from /proc/uptime, using os.uptime() value
2026-05-31T14:36:21: PM2 warn: [pidusage] We couldn't find uptime from /proc/uptime, using os.uptime() value
2026-05-31T14:36:51: PM2 warn: [pidusage] We couldn't find uptime from /proc/uptime, using os.uptime() value
2026-05-31T14:37:21: PM2 warn: [pidusage] We couldn't find uptime from /proc/uptime, using os.uptime() value
2026-05-31T14:37:51: PM2 warn: [pidusage] We couldn't find uptime from /proc/uptime, using os.uptime() value
2026-05-31T14:38:21: PM2 warn: [pidusage] We couldn't find uptime from /proc/uptime, using os.uptime() value
2026-05-31T14:38:51: PM2 warn: [pidusage] We couldn't find uptime from /proc/uptime, using os.uptime() value
2026-05-31T14:39:21: PM2 warn: [pidusage] We couldn't find uptime from /proc/uptime, using os.uptime() value
2026-05-31T14:39:51: PM2 warn: [pidusage] We couldn't find uptime from /proc/uptime, using os.uptime() value
2026-05-31T14:40:21: PM2 warn: [pidusage] We couldn't find uptime from /proc/uptime, using os.uptime() value
2026-05-31T14:40:51: PM2 warn: [pidusage] We couldn't find uptime from /proc/uptime, using os.uptime() value
2026-05-31T14:41:21: PM2 warn: [pidusage] We couldn't find uptime from /proc/uptime, using os.uptime() value
2026-05-31T14:41:51: PM2 warn: [pidusage] We couldn't find uptime from /proc/uptime, using os.uptime() value
2026-05-31T14:42:21: PM2 warn: [pidusage] We couldn't find uptime from /proc/uptime, using os.uptime() value
2026-05-31T14:42:51: PM2 warn: [pidusage] We couldn't find uptime from /proc/uptime, using os.uptime() value
2026-05-31T14:43:21: PM2 warn: [pidusage] We couldn't find uptime from /proc/uptime, using os.uptime() value
2026-05-31T14:43:51: PM2 warn: [pidusage] We couldn't find uptime from /proc/uptime, using os.uptime() value
2026-05-31T14:44:21: PM2 warn: [pidusage] We couldn't find uptime from /proc/uptime, using os.uptime() value
2026-05-31T14:44:51: PM2 warn: [pidusage] We couldn't find uptime from /proc/uptime, using os.uptime() value
2026-05-31T14:45:21: PM2 warn: [pidusage] We couldn't find uptime from /proc/uptime, using os.uptime() value
2026-05-31T14:45:51: PM2 warn: [pidusage] We couldn't find uptime from /proc/uptime, using os.uptime() value
2026-05-31T14:46:21: PM2 warn: [pidusage] We couldn't find uptime from /proc/uptime, using os.uptime() value
2026-05-31T14:46:51: PM2 warn: [pidusage] We couldn't find uptime from /proc/uptime, using os.uptime() value
2026-05-31T14:47:21: PM2 warn: [pidusage] We couldn't find uptime from /proc/uptime, using os.uptime() value
2026-05-31T14:47:51: PM2 warn: [pidusage] We couldn't find uptime from /proc/uptime, using os.uptime() value
2026-05-31T14:48:21: PM2 warn: [pidusage] We couldn't find uptime from /proc/uptime, using os.uptime() value
2026-05-31T14:48:51: PM2 warn: [pidusage] We couldn't find uptime from /proc/uptime, using os.uptime() value
2026-05-31T14:49:21: PM2 warn: [pidusage] We couldn't find uptime from /proc/uptime, using os.uptime() value
2026-05-31T14:49:51: PM2 warn: [pidusage] We couldn't find uptime from /proc/uptime, using os.uptime() value
2026-05-31T14:50:21: PM2 warn: [pidusage] We couldn't find uptime from /proc/uptime, using os.uptime() value
2026-05-31T14:50:51: PM2 warn: [pidusage] We couldn't find uptime from /proc/uptime, using os.uptime() value
2026-05-31T14:51:21: PM2 warn: [pidusage] We couldn't find uptime from /proc/uptime, using os.uptime() value
2026-05-31T14:51:51: PM2 warn: [pidusage] We couldn't find uptime from /proc/uptime, using os.uptime() value
2026-05-31T14:52:21: PM2 warn: [pidusage] We couldn't find uptime from /proc/uptime, using os.uptime() value
2026-05-31T14:52:51: PM2 warn: [pidusage] We couldn't find uptime from /proc/uptime, using os.uptime() value
2026-05-31T14:53:21: PM2 warn: [pidusage] We couldn't find uptime from /proc/uptime, using os.uptime() value
2026-05-31T14:53:51: PM2 warn: [pidusage] We couldn't find uptime from /proc/uptime, using os.uptime() value
2026-05-31T14:54:21: PM2 warn: [pidusage] We couldn't find uptime from /proc/uptime, using os.uptime() value
2026-05-31T14:54:51: PM2 warn: [pidusage] We couldn't find uptime from /proc/uptime, using os.uptime() value
2026-05-31T14:55:21: PM2 warn: [pidusage] We couldn't find uptime from /proc/uptime, using os.uptime() value
2026-05-31T14:55:51: PM2 warn: [pidusage] We couldn't find uptime from /proc/uptime, using os.uptime() value
2026-05-31T14:56:21: PM2 warn: [pidusage] We couldn't find uptime from /proc/uptime, using os.uptime() value
2026-05-31T14:56:51: PM2 warn: [pidusage] We couldn't find uptime from /proc/uptime, using os.uptime() value
2026-05-31T14:57:21: PM2 warn: [pidusage] We couldn't find uptime from /proc/uptime, using os.uptime() value
2026-05-31T14:57:51: PM2 warn: [pidusage] We couldn't find uptime from /proc/uptime, using os.uptime() value
2026-05-31T14:58:21: PM2 warn: [pidusage] We couldn't find uptime from /proc/uptime, using os.uptime() value
2026-05-31T14:58:51: PM2 warn: [pidusage] We couldn't find uptime from /proc/uptime, using os.uptime() value
2026-05-31T14:59:21: PM2 warn: [pidusage] We couldn't find uptime from /proc/uptime, using os.uptime() value
2026-05-31T14:59:51: PM2 warn: [pidusage] We couldn't find uptime from /proc/uptime, using os.uptime() value
2026-05-31T15:00:21: PM2 warn: [pidusage] We couldn't find uptime from /proc/uptime, using os.uptime() value
2026-05-31T15:00:51: PM2 warn: [pidusage] We couldn't find uptime from /proc/uptime, using os.uptime() value
2026-05-31T15:01:21: PM2 warn: [pidusage] We couldn't find uptime from /proc/uptime, using os.uptime() value
2026-05-31T15:01:51: PM2 warn: [pidusage] We couldn't find uptime from /proc/uptime, using os.uptime() value
2026-05-31T15:02:21: PM2 warn: [pidusage] We couldn't find uptime from /proc/uptime, using os.uptime() value
2026-05-31T15:02:51: PM2 warn: [pidusage] We couldn't find uptime from /proc/uptime, using os.uptime() value
2026-05-31T15:03:21: PM2 warn: [pidusage] We couldn't find uptime from /proc/uptime, using os.uptime() value
2026-05-31T15:03:52: PM2 warn: [pidusage] We couldn't find uptime from /proc/uptime, using os.uptime() value
2026-05-31T15:04:22: PM2 warn: [pidusage] We couldn't find uptime from /proc/uptime, using os.uptime() value
2026-05-31T15:04:51: PM2 warn: [pidusage] We couldn't find uptime from /proc/uptime, using os.uptime() value
2026-05-31T15:05:22: PM2 warn: [pidusage] We couldn't find uptime from /proc/uptime, using os.uptime() value
2026-05-31T15:05:52: PM2 warn: [pidusage] We couldn't find uptime from /proc/uptime, using os.uptime() value
2026-05-31T15:06:22: PM2 warn: [pidusage] We couldn't find uptime from /proc/uptime, using os.uptime() value
2026-05-31T15:06:52: PM2 warn: [pidusage] We couldn't find uptime from /proc/uptime, using os.uptime() value
2026-05-31T15:07:22: PM2 warn: [pidusage] We couldn't find uptime from /proc/uptime, using os.uptime() value
2026-05-31T15:07:51: PM2 warn: [pidusage] We couldn't find uptime from /proc/uptime, using os.uptime() value
2026-05-31T15:08:21: PM2 warn: [pidusage] We couldn't find uptime from /proc/uptime, using os.uptime() value
2026-05-31T15:08:51: PM2 warn: [pidusage] We couldn't find uptime from /proc/uptime, using os.uptime() value
2026-05-31T15:09:21: PM2 warn: [pidusage] We couldn't find uptime from /proc/uptime, using os.uptime() value
2026-05-31T15:09:52: PM2 warn: [pidusage] We couldn't find uptime from /proc/uptime, using os.uptime() value
2026-05-31T15:10:22: PM2 warn: [pidusage] We couldn't find uptime from /proc/uptime, using os.uptime() value
2026-05-31T15:10:51: PM2 warn: [pidusage] We couldn't find uptime from /proc/uptime, using os.uptime() value
2026-05-31T15:11:21: PM2 warn: [pidusage] We couldn't find uptime from /proc/uptime, using os.uptime() value
2026-05-31T15:11:51: PM2 warn: [pidusage] We couldn't find uptime from /proc/uptime, using os.uptime() value
2026-05-31T15:12:21: PM2 warn: [pidusage] We couldn't find uptime from /proc/uptime, using os.uptime() value
2026-05-31T15:12:52: PM2 warn: [pidusage] We couldn't find uptime from /proc/uptime, using os.uptime() value
2026-05-31T15:13:22: PM2 warn: [pidusage] We couldn't find uptime from /proc/uptime, using os.uptime() value
2026-05-31T15:13:52: PM2 warn: [pidusage] We couldn't find uptime from /proc/uptime, using os.uptime() value
2026-05-31T15:14:22: PM2 warn: [pidusage] We couldn't find uptime from /proc/uptime, using os.uptime() value
2026-05-31T15:14:52: PM2 warn: [pidusage] We couldn't find uptime from /proc/uptime, using os.uptime() value
2026-05-31T15:15:22: PM2 warn: [pidusage] We couldn't find uptime from /proc/uptime, using os.uptime() value
2026-05-31T15:15:52: PM2 warn: [pidusage] We couldn't find uptime from /proc/uptime, using os.uptime() value
2026-05-31T15:16:22: PM2 warn: [pidusage] We couldn't find uptime from /proc/uptime, using os.uptime() value
2026-05-31T15:16:52: PM2 warn: [pidusage] We couldn't find uptime from /proc/uptime, using os.uptime() value
2026-05-31T15:17:22: PM2 warn: [pidusage] We couldn't find uptime from /proc/uptime, using os.uptime() value
2026-05-31T15:17:52: PM2 warn: [pidusage] We couldn't find uptime from /proc/uptime, using os.uptime() value
2026-05-31T15:18:22: PM2 warn: [pidusage] We couldn't find uptime from /proc/uptime, using os.uptime() value
2026-05-31T15:18:52: PM2 warn: [pidusage] We couldn't find uptime from /proc/uptime, using os.uptime() value
2026-05-31T15:19:22: PM2 warn: [pidusage] We couldn't find uptime from /proc/uptime, using os.uptime() value
2026-05-31T15:19:52: PM2 warn: [pidusage] We couldn't find uptime from /proc/uptime, using os.uptime() value
2026-05-31T15:20:22: PM2 warn: [pidusage] We couldn't find uptime from /proc/uptime, using os.uptime() value
2026-05-31T15:20:52: PM2 warn: [pidusage] We couldn't find uptime from /proc/uptime, using os.uptime() value
2026-05-31T15:21:22: PM2 warn: [pidusage] We couldn't find uptime from /proc/uptime, using os.uptime() value
2026-05-31T15:21:52: PM2 warn: [pidusage] We couldn't find uptime from /proc/uptime, using os.uptime() value
2026-05-31T15:22:22: PM2 warn: [pidusage] We couldn't find uptime from /proc/uptime, using os.uptime() value
2026-05-31T15:22:52: PM2 warn: [pidusage] We couldn't find uptime from /proc/uptime, using os.uptime() value
2026-05-31T15:23:22: PM2 warn: [pidusage] We couldn't find uptime from /proc/uptime, using os.uptime() value
2026-05-31T15:23:52: PM2 warn: [pidusage] We couldn't find uptime from /proc/uptime, using os.uptime() value
2026-05-31T15:24:22: PM2 warn: [pidusage] We couldn't find uptime from /proc/uptime, using os.uptime() value
2026-05-31T15:24:52: PM2 warn: [pidusage] We couldn't find uptime from /proc/uptime, using os.uptime() value
2026-05-31T15:25:22: PM2 warn: [pidusage] We couldn't find uptime from /proc/uptime, using os.uptime() value
2026-05-31T15:25:52: PM2 warn: [pidusage] We couldn't find uptime from /proc/uptime, using os.uptime() value
2026-05-31T15:26:22: PM2 warn: [pidusage] We couldn't find uptime from /proc/uptime, using os.uptime() value
2026-05-31T15:26:52: PM2 warn: [pidusage] We couldn't find uptime from /proc/uptime, using os.uptime() value
2026-05-31T15:27:22: PM2 warn: [pidusage] We couldn't find uptime from /proc/uptime, using os.uptime() value
2026-05-31T15:27:52: PM2 warn: [pidusage] We couldn't find uptime from /proc/uptime, using os.uptime() value
2026-05-31T15:28:22: PM2 warn: [pidusage] We couldn't find uptime from /proc/uptime, using os.uptime() value
2026-05-31T15:28:52: PM2 warn: [pidusage] We couldn't find uptime from /proc/uptime, using os.uptime() value
2026-05-31T15:29:22: PM2 warn: [pidusage] We couldn't find uptime from /proc/uptime, using os.uptime() value
2026-05-31T15:29:52: PM2 warn: [pidusage] We couldn't find uptime from /proc/uptime, using os.uptime() value
2026-05-31T15:30:22: PM2 warn: [pidusage] We couldn't find uptime from /proc/uptime, using os.uptime() value
2026-05-31T15:30:52: PM2 warn: [pidusage] We couldn't find uptime from /proc/uptime, using os.uptime() value
2026-05-31T15:31:22: PM2 warn: [pidusage] We couldn't find uptime from /proc/uptime, using os.uptime() value
2026-05-31T15:31:52: PM2 warn: [pidusage] We couldn't find uptime from /proc/uptime, using os.uptime() value
2026-05-31T15:32:22: PM2 warn: [pidusage] We couldn't find uptime from /proc/uptime, using os.uptime() value
2026-05-31T15:32:52: PM2 warn: [pidusage] We couldn't find uptime from /proc/uptime, using os.uptime() value
2026-05-31T15:33:22: PM2 warn: [pidusage] We couldn't find uptime from /proc/uptime, using os.uptime() value
2026-05-31T15:33:52: PM2 warn: [pidusage] We couldn't find uptime from /proc/uptime, using os.uptime() value
2026-05-31T15:34:22: PM2 warn: [pidusage] We couldn't find uptime from /proc/uptime, using os.uptime() value
2026-05-31T15:34:52: PM2 warn: [pidusage] We couldn't find uptime from /proc/uptime, using os.uptime() value
2026-05-31T15:35:22: PM2 warn: [pidusage] We couldn't find uptime from /proc/uptime, using os.uptime() value
2026-05-31T15:35:52: PM2 warn: [pidusage] We couldn't find uptime from /proc/uptime, using os.uptime() value
2026-05-31T15:36:22: PM2 warn: [pidusage] We couldn't find uptime from /proc/uptime, using os.uptime() value
2026-05-31T15:36:52: PM2 warn: [pidusage] We couldn't find uptime from /proc/uptime, using os.uptime() value
2026-05-31T15:37:22: PM2 warn: [pidusage] We couldn't find uptime from /proc/uptime, using os.uptime() value
2026-05-31T15:37:52: PM2 warn: [pidusage] We couldn't find uptime from /proc/uptime, using os.uptime() value
2026-05-31T15:38:22: PM2 warn: [pidusage] We couldn't find uptime from /proc/uptime, using os.uptime() value
2026-05-31T15:38:52: PM2 warn: [pidusage] We couldn't find uptime from /proc/uptime, using os.uptime() value
2026-05-31T15:39:22: PM2 warn: [pidusage] We couldn't find uptime from /proc/uptime, using os.uptime() value
2026-05-31T15:39:52: PM2 warn: [pidusage] We couldn't find uptime from /proc/uptime, using os.uptime() value
2026-05-31T15:40:22: PM2 warn: [pidusage] We couldn't find uptime from /proc/uptime, using os.uptime() value
2026-05-31T15:40:52: PM2 warn: [pidusage] We couldn't find uptime from /proc/uptime, using os.uptime() value
2026-05-31T15:41:22: PM2 warn: [pidusage] We couldn't find uptime from /proc/uptime, using os.uptime() value
2026-05-31T15:41:52: PM2 warn: [pidusage] We couldn't find uptime from /proc/uptime, using os.uptime() value
2026-05-31T15:42:22: PM2 warn: [pidusage] We couldn't find uptime from /proc/uptime, using os.uptime() value
2026-05-31T15:42:52: PM2 warn: [pidusage] We couldn't find uptime from /proc/uptime, using os.uptime() value
2026-05-31T15:43:22: PM2 warn: [pidusage] We couldn't find uptime from /proc/uptime, using os.uptime() value
2026-05-31T15:43:52: PM2 warn: [pidusage] We couldn't find uptime from /proc/uptime, using os.uptime() value
2026-05-31T15:44:22: PM2 warn: [pidusage] We couldn't find uptime from /proc/uptime, using os.uptime() value
2026-05-31T15:44:52: PM2 warn: [pidusage] We couldn't find uptime from /proc/uptime, using os.uptime() value
2026-05-31T15:45:22: PM2 warn: [pidusage] We couldn't find uptime from /proc/uptime, using os.uptime() value
2026-05-31T15:45:52: PM2 warn: [pidusage] We couldn't find uptime from /proc/uptime, using os.uptime() value
2026-05-31T15:46:22: PM2 warn: [pidusage] We couldn't find uptime from /proc/uptime, using os.uptime() value
2026-05-31T15:46:52: PM2 warn: [pidusage] We couldn't find uptime from /proc/uptime, using os.uptime() value
2026-05-31T15:47:22: PM2 warn: [pidusage] We couldn't find uptime from /proc/uptime, using os.uptime() value
2026-05-31T15:47:52: PM2 warn: [pidusage] We couldn't find uptime from /proc/uptime, using os.uptime() value
2026-05-31T15:48:22: PM2 warn: [pidusage] We couldn't find uptime from /proc/uptime, using os.uptime() value
2026-05-31T15:48:52: PM2 warn: [pidusage] We couldn't find uptime from /proc/uptime, using os.uptime() value
2026-05-31T15:49:22: PM2 warn: [pidusage] We couldn't find uptime from /proc/uptime, using os.uptime() value
2026-05-31T15:49:52: PM2 warn: [pidusage] We couldn't find uptime from /proc/uptime, using os.uptime() value
2026-05-31T15:50:22: PM2 warn: [pidusage] We couldn't find uptime from /proc/uptime, using os.uptime() value
2026-05-31T15:50:52: PM2 warn: [pidusage] We couldn't find uptime from /proc/uptime, using os.uptime() value
2026-05-31T15:51:22: PM2 warn: [pidusage] We couldn't find uptime from /proc/uptime, using os.uptime() value
2026-05-31T15:51:52: PM2 warn: [pidusage] We couldn't find uptime from /proc/uptime, using os.uptime() value
2026-05-31T15:52:22: PM2 warn: [pidusage] We couldn't find uptime from /proc/uptime, using os.uptime() value
2026-05-31T15:52:52: PM2 warn: [pidusage] We couldn't find uptime from /proc/uptime, using os.uptime() value
2026-05-31T15:53:22: PM2 warn: [pidusage] We couldn't find uptime from /proc/uptime, using os.uptime() value
2026-05-31T15:53:52: PM2 warn: [pidusage] We couldn't find uptime from /proc/uptime, using os.uptime() value
2026-05-31T15:54:22: PM2 warn: [pidusage] We couldn't find uptime from /proc/uptime, using os.uptime() value
2026-05-31T15:54:52: PM2 warn: [pidusage] We couldn't find uptime from /proc/uptime, using os.uptime() value
2026-05-31T15:55:22: PM2 warn: [pidusage] We couldn't find uptime from /proc/uptime, using os.uptime() value
2026-05-31T15:55:52: PM2 warn: [pidusage] We couldn't find uptime from /proc/uptime, using os.uptime() value
2026-05-31T15:56:22: PM2 warn: [pidusage] We couldn't find uptime from /proc/uptime, using os.uptime() value
2026-05-31T15:56:52: PM2 warn: [pidusage] We couldn't find uptime from /proc/uptime, using os.uptime() value
2026-05-31T15:57:22: PM2 warn: [pidusage] We couldn't find uptime from /proc/uptime, using os.uptime() value
2026-05-31T15:57:52: PM2 warn: [pidusage] We couldn't find uptime from /proc/uptime, using os.uptime() value
2026-05-31T15:58:22: PM2 warn: [pidusage] We couldn't find uptime from /proc/uptime, using os.uptime() value
2026-05-31T15:58:52: PM2 warn: [pidusage] We couldn't find uptime from /proc/uptime, using os.uptime() value
2026-05-31T15:59:22: PM2 warn: [pidusage] We couldn't find uptime from /proc/uptime, using os.uptime() value
2026-05-31T15:59:52: PM2 warn: [pidusage] We couldn't find uptime from /proc/uptime, using os.uptime() value
2026-05-31T16:00:22: PM2 warn: [pidusage] We couldn't find uptime from /proc/uptime, using os.uptime() value
2026-05-31T16:00:52: PM2 warn: [pidusage] We couldn't find uptime from /proc/uptime, using os.uptime() value
2026-05-31T16:01:22: PM2 warn: [pidusage] We couldn't find uptime from /proc/uptime, using os.uptime() value
2026-05-31T16:01:52: PM2 warn: [pidusage] We couldn't find uptime from /proc/uptime, using os.uptime() value
2026-05-31T16:02:22: PM2 warn: [pidusage] We couldn't find uptime from /proc/uptime, using os.uptime() value
2026-05-31T16:02:52: PM2 warn: [pidusage] We couldn't find uptime from /proc/uptime, using os.uptime() value
2026-05-31T16:03:22: PM2 warn: [pidusage] We couldn't find uptime from /proc/uptime, using os.uptime() value
2026-05-31T16:03:52: PM2 warn: [pidusage] We couldn't find uptime from /proc/uptime, using os.uptime() value
2026-05-31T16:04:22: PM2 warn: [pidusage] We couldn't find uptime from /proc/uptime, using os.uptime() value
2026-05-31T16:04:52: PM2 warn: [pidusage] We couldn't find uptime from /proc/uptime, using os.uptime() value
2026-05-31T16:05:22: PM2 warn: [pidusage] We couldn't find uptime from /proc/uptime, using os.uptime() value
2026-05-31T16:05:52: PM2 warn: [pidusage] We couldn't find uptime from /proc/uptime, using os.uptime() value
2026-05-31T16:06:22: PM2 warn: [pidusage] We couldn't find uptime from /proc/uptime, using os.uptime() value
2026-05-31T16:06:52: PM2 warn: [pidusage] We couldn't find uptime from /proc/uptime, using os.uptime() value
2026-05-31T16:07:22: PM2 warn: [pidusage] We couldn't find uptime from /proc/uptime, using os.uptime() value
2026-05-31T16:07:52: PM2 warn: [pidusage] We couldn't find uptime from /proc/uptime, using os.uptime() value
2026-05-31T16:08:22: PM2 warn: [pidusage] We couldn't find uptime from /proc/uptime, using os.uptime() value
2026-05-31T16:08:52: PM2 warn: [pidusage] We couldn't find uptime from /proc/uptime, using os.uptime() value
2026-05-31T16:09:22: PM2 warn: [pidusage] We couldn't find uptime from /proc/uptime, using os.uptime() value
2026-05-31T16:09:52: PM2 warn: [pidusage] We couldn't find uptime from /proc/uptime, using os.uptime() value
2026-05-31T16:10:22: PM2 warn: [pidusage] We couldn't find uptime from /proc/uptime, using os.uptime() value
2026-05-31T16:10:52: PM2 warn: [pidusage] We couldn't find uptime from /proc/uptime, using os.uptime() value
2026-05-31T16:11:22: PM2 warn: [pidusage] We couldn't find uptime from /proc/uptime, using os.uptime() value
2026-05-31T16:11:52: PM2 warn: [pidusage] We couldn't find uptime from /proc/uptime, using os.uptime() value
2026-05-31T16:12:22: PM2 warn: [pidusage] We couldn't find uptime from /proc/uptime, using os.uptime() value
2026-05-31T16:12:52: PM2 warn: [pidusage] We couldn't find uptime from /proc/uptime, using os.uptime() value
2026-05-31T16:13:22: PM2 warn: [pidusage] We couldn't find uptime from /proc/uptime, using os.uptime() value
2026-05-31T16:13:52: PM2 warn: [pidusage] We couldn't find uptime from /proc/uptime, using os.uptime() value
2026-05-31T16:14:22: PM2 warn: [pidusage] We couldn't find uptime from /proc/uptime, using os.uptime() value
2026-05-31T16:14:52: PM2 warn: [pidusage] We couldn't find uptime from /proc/uptime, using os.uptime() value
2026-05-31T16:15:22: PM2 warn: [pidusage] We couldn't find uptime from /proc/uptime, using os.uptime() value
2026-05-31T16:15:52: PM2 warn: [pidusage] We couldn't find uptime from /proc/uptime, using os.uptime() value
2026-05-31T16:16:22: PM2 warn: [pidusage] We couldn't find uptime from /proc/uptime, using os.uptime() value
2026-05-31T16:16:52: PM2 warn: [pidusage] We couldn't find uptime from /proc/uptime, using os.uptime() value
2026-05-31T16:17:22: PM2 warn: [pidusage] We couldn't find uptime from /proc/uptime, using os.uptime() value
2026-05-31T16:17:52: PM2 warn: [pidusage] We couldn't find uptime from /proc/uptime, using os.uptime() value
2026-05-31T16:18:22: PM2 warn: [pidusage] We couldn't find uptime from /proc/uptime, using os.uptime() value
2026-05-31T16:18:52: PM2 warn: [pidusage] We couldn't find uptime from /proc/uptime, using os.uptime() value
2026-05-31T16:19:22: PM2 warn: [pidusage] We couldn't find uptime from /proc/uptime, using os.uptime() value
2026-05-31T16:19:52: PM2 warn: [pidusage] We couldn't find uptime from /proc/uptime, using os.uptime() value
2026-05-31T16:20:22: PM2 warn: [pidusage] We couldn't find uptime from /proc/uptime, using os.uptime() value
2026-05-31T16:20:52: PM2 warn: [pidusage] We couldn't find uptime from /proc/uptime, using os.uptime() value
2026-05-31T16:21:22: PM2 warn: [pidusage] We couldn't find uptime from /proc/uptime, using os.uptime() value
2026-05-31T16:21:52: PM2 warn: [pidusage] We couldn't find uptime from /proc/uptime, using os.uptime() value
2026-05-31T16:22:22: PM2 warn: [pidusage] We couldn't find uptime from /proc/uptime, using os.uptime() value
2026-05-31T16:22:52: PM2 warn: [pidusage] We couldn't find uptime from /proc/uptime, using os.uptime() value
2026-05-31T16:23:22: PM2 warn: [pidusage] We couldn't find uptime from /proc/uptime, using os.uptime() value
2026-05-31T16:23:52: PM2 warn: [pidusage] We couldn't find uptime from /proc/uptime, using os.uptime() value
2026-05-31T16:24:22: PM2 warn: [pidusage] We couldn't find uptime from /proc/uptime, using os.uptime() value
2026-05-31T16:24:52: PM2 warn: [pidusage] We couldn't find uptime from /proc/uptime, using os.uptime() value
2026-05-31T16:25:22: PM2 warn: [pidusage] We couldn't find uptime from /proc/uptime, using os.uptime() value
2026-05-31T16:25:52: PM2 warn: [pidusage] We couldn't find uptime from /proc/uptime, using os.uptime() value
2026-05-31T16:26:22: PM2 warn: [pidusage] We couldn't find uptime from /proc/uptime, using os.uptime() value
2026-05-31T16:26:52: PM2 warn: [pidusage] We couldn't find uptime from /proc/uptime, using os.uptime() value
2026-05-31T16:27:22: PM2 warn: [pidusage] We couldn't find uptime from /proc/uptime, using os.uptime() value
2026-05-31T16:27:52: PM2 warn: [pidusage] We couldn't find uptime from /proc/uptime, using os.uptime() value
2026-05-31T16:28:22: PM2 warn: [pidusage] We couldn't find uptime from /proc/uptime, using os.uptime() value
2026-05-31T16:28:52: PM2 warn: [pidusage] We couldn't find uptime from /proc/uptime, using os.uptime() value
2026-05-31T16:29:22: PM2 warn: [pidusage] We couldn't find uptime from /proc/uptime, using os.uptime() value
2026-05-31T16:29:52: PM2 warn: [pidusage] We couldn't find uptime from /proc/uptime, using os.uptime() value
2026-05-31T16:30:22: PM2 warn: [pidusage] We couldn't find uptime from /proc/uptime, using os.uptime() value
2026-05-31T16:30:52: PM2 warn: [pidusage] We couldn't find uptime from /proc/uptime, using os.uptime() value
2026-05-31T16:31:22: PM2 warn: [pidusage] We couldn't find uptime from /proc/uptime, using os.uptime() value
2026-05-31T16:31:52: PM2 warn: [pidusage] We couldn't find uptime from /proc/uptime, using os.uptime() value
2026-05-31T16:32:22: PM2 warn: [pidusage] We couldn't find uptime from /proc/uptime, using os.uptime() value
2026-05-31T16:32:52: PM2 warn: [pidusage] We couldn't find uptime from /proc/uptime, using os.uptime() value
2026-05-31T16:33:22: PM2 warn: [pidusage] We couldn't find uptime from /proc/uptime, using os.uptime() value
2026-05-31T16:33:52: PM2 warn: [pidusage] We couldn't find uptime from /proc/uptime, using os.uptime() value
2026-05-31T16:34:22: PM2 warn: [pidusage] We couldn't find uptime from /proc/uptime, using os.uptime() value
2026-05-31T16:34:52: PM2 warn: [pidusage] We couldn't find uptime from /proc/uptime, using os.uptime() value
2026-05-31T16:35:22: PM2 warn: [pidusage] We couldn't find uptime from /proc/uptime, using os.uptime() value
2026-05-31T16:35:52: PM2 warn: [pidusage] We couldn't find uptime from /proc/uptime, using os.uptime() value
2026-05-31T16:36:22: PM2 warn: [pidusage] We couldn't find uptime from /proc/uptime, using os.uptime() value
2026-05-31T16:36:52: PM2 warn: [pidusage] We couldn't find uptime from /proc/uptime, using os.uptime() value
2026-05-31T16:37:22: PM2 warn: [pidusage] We couldn't find uptime from /proc/uptime, using os.uptime() value
2026-05-31T16:37:52: PM2 warn: [pidusage] We couldn't find uptime from /proc/uptime, using os.uptime() value
2026-05-31T16:38:22: PM2 warn: [pidusage] We couldn't find uptime from /proc/uptime, using os.uptime() value
2026-05-31T16:38:52: PM2 warn: [pidusage] We couldn't find uptime from /proc/uptime, using os.uptime() value
2026-05-31T16:39:22: PM2 warn: [pidusage] We couldn't find uptime from /proc/uptime, using os.uptime() value
2026-05-31T16:39:52: PM2 warn: [pidusage] We couldn't find uptime from /proc/uptime, using os.uptime() value
2026-05-31T16:40:22: PM2 warn: [pidusage] We couldn't find uptime from /proc/uptime, using os.uptime() value
2026-05-31T16:40:52: PM2 warn: [pidusage] We couldn't find uptime from /proc/uptime, using os.uptime() value
2026-05-31T16:41:22: PM2 warn: [pidusage] We couldn't find uptime from /proc/uptime, using os.uptime() value
2026-05-31T16:41:52: PM2 warn: [pidusage] We couldn't find uptime from /proc/uptime, using os.uptime() value
2026-05-31T16:42:22: PM2 warn: [pidusage] We couldn't find uptime from /proc/uptime, using os.uptime() value
2026-05-31T16:42:52: PM2 warn: [pidusage] We couldn't find uptime from /proc/uptime, using os.uptime() value
2026-05-31T16:43:22: PM2 warn: [pidusage] We couldn't find uptime from /proc/uptime, using os.uptime() value
2026-05-31T16:43:52: PM2 warn: [pidusage] We couldn't find uptime from /proc/uptime, using os.uptime() value
2026-05-31T16:44:22: PM2 warn: [pidusage] We couldn't find uptime from /proc/uptime, using os.uptime() value
2026-05-31T16:44:52: PM2 warn: [pidusage] We couldn't find uptime from /proc/uptime, using os.uptime() value
2026-05-31T16:45:22: PM2 warn: [pidusage] We couldn't find uptime from /proc/uptime, using os.uptime() value
2026-05-31T16:45:52: PM2 warn: [pidusage] We couldn't find uptime from /proc/uptime, using os.uptime() value
2026-05-31T16:46:22: PM2 warn: [pidusage] We couldn't find uptime from /proc/uptime, using os.uptime() value
2026-05-31T16:46:52: PM2 warn: [pidusage] We couldn't find uptime from /proc/uptime, using os.uptime() value
2026-05-31T16:47:22: PM2 warn: [pidusage] We couldn't find uptime from /proc/uptime, using os.uptime() value
2026-05-31T16:47:52: PM2 warn: [pidusage] We couldn't find uptime from /proc/uptime, using os.uptime() value
2026-05-31T16:48:22: PM2 warn: [pidusage] We couldn't find uptime from /proc/uptime, using os.uptime() value
2026-05-31T16:48:52: PM2 warn: [pidusage] We couldn't find uptime from /proc/uptime, using os.uptime() value
2026-05-31T16:49:22: PM2 warn: [pidusage] We couldn't find uptime from /proc/uptime, using os.uptime() value
2026-05-31T16:49:52: PM2 warn: [pidusage] We couldn't find uptime from /proc/uptime, using os.uptime() value
2026-05-31T16:50:22: PM2 warn: [pidusage] We couldn't find uptime from /proc/uptime, using os.uptime() value
2026-05-31T16:50:52: PM2 warn: [pidusage] We couldn't find uptime from /proc/uptime, using os.uptime() value
2026-05-31T16:51:22: PM2 warn: [pidusage] We couldn't find uptime from /proc/uptime, using os.uptime() value
2026-05-31T16:51:52: PM2 warn: [pidusage] We couldn't find uptime from /proc/uptime, using os.uptime() value
2026-05-31T16:52:22: PM2 warn: [pidusage] We couldn't find uptime from /proc/uptime, using os.uptime() value
2026-05-31T16:52:52: PM2 warn: [pidusage] We couldn't find uptime from /proc/uptime, using os.uptime() value
2026-05-31T16:53:22: PM2 warn: [pidusage] We couldn't find uptime from /proc/uptime, using os.uptime() value
2026-05-31T16:53:52: PM2 warn: [pidusage] We couldn't find uptime from /proc/uptime, using os.uptime() value
2026-05-31T16:54:22: PM2 warn: [pidusage] We couldn't find uptime from /proc/uptime, using os.uptime() value
2026-05-31T16:54:52: PM2 warn: [pidusage] We couldn't find uptime from /proc/uptime, using os.uptime() value
2026-05-31T16:55:22: PM2 warn: [pidusage] We couldn't find uptime from /proc/uptime, using os.uptime() value
2026-05-31T16:55:52: PM2 warn: [pidusage] We couldn't find uptime from /proc/uptime, using os.uptime() value
2026-05-31T16:56:22: PM2 warn: [pidusage] We couldn't find uptime from /proc/uptime, using os.uptime() value
2026-05-31T16:56:52: PM2 warn: [pidusage] We couldn't find uptime from /proc/uptime, using os.uptime() value
2026-05-31T16:57:22: PM2 warn: [pidusage] We couldn't find uptime from /proc/uptime, using os.uptime() value
2026-05-31T16:57:52: PM2 warn: [pidusage] We couldn't find uptime from /proc/uptime, using os.uptime() value
2026-05-31T16:58:22: PM2 warn: [pidusage] We couldn't find uptime from /proc/uptime, using os.uptime() value
2026-05-31T16:58:52: PM2 warn: [pidusage] We couldn't find uptime from /proc/uptime, using os.uptime() value
2026-05-31T16:59:22: PM2 warn: [pidusage] We couldn't find uptime from /proc/uptime, using os.uptime() value
2026-05-31T16:59:52: PM2 warn: [pidusage] We couldn't find uptime from /proc/uptime, using os.uptime() value
2026-05-31T17:00:22: PM2 warn: [pidusage] We couldn't find uptime from /proc/uptime, using os.uptime() value
2026-05-31T17:00:52: PM2 warn: [pidusage] We couldn't find uptime from /proc/uptime, using os.uptime() value
2026-05-31T17:01:22: PM2 warn: [pidusage] We couldn't find uptime from /proc/uptime, using os.uptime() value
2026-05-31T17:01:52: PM2 warn: [pidusage] We couldn't find uptime from /proc/uptime, using os.uptime() value
2026-05-31T17:02:22: PM2 warn: [pidusage] We couldn't find uptime from /proc/uptime, using os.uptime() value
2026-05-31T17:02:52: PM2 warn: [pidusage] We couldn't find uptime from /proc/uptime, using os.uptime() value
2026-05-31T17:03:22: PM2 warn: [pidusage] We couldn't find uptime from /proc/uptime, using os.uptime() value
2026-05-31T17:03:52: PM2 warn: [pidusage] We couldn't find uptime from /proc/uptime, using os.uptime() value
2026-05-31T17:04:22: PM2 warn: [pidusage] We couldn't find uptime from /proc/uptime, using os.uptime() value
2026-05-31T17:04:52: PM2 warn: [pidusage] We couldn't find uptime from /proc/uptime, using os.uptime() value
2026-05-31T17:05:22: PM2 warn: [pidusage] We couldn't find uptime from /proc/uptime, using os.uptime() value
2026-05-31T17:05:52: PM2 warn: [pidusage] We couldn't find uptime from /proc/uptime, using os.uptime() value
2026-05-31T17:06:22: PM2 warn: [pidusage] We couldn't find uptime from /proc/uptime, using os.uptime() value
2026-05-31T17:06:52: PM2 warn: [pidusage] We couldn't find uptime from /proc/uptime, using os.uptime() value
2026-05-31T17:07:22: PM2 warn: [pidusage] We couldn't find uptime from /proc/uptime, using os.uptime() value
2026-05-31T17:07:52: PM2 warn: [pidusage] We couldn't find uptime from /proc/uptime, using os.uptime() value
2026-05-31T17:08:22: PM2 warn: [pidusage] We couldn't find uptime from /proc/uptime, using os.uptime() value
2026-05-31T17:08:52: PM2 warn: [pidusage] We couldn't find uptime from /proc/uptime, using os.uptime() value
2026-05-31T17:09:22: PM2 warn: [pidusage] We couldn't find uptime from /proc/uptime, using os.uptime() value
2026-05-31T17:09:52: PM2 warn: [pidusage] We couldn't find uptime from /proc/uptime, using os.uptime() value
2026-05-31T17:10:22: PM2 warn: [pidusage] We couldn't find uptime from /proc/uptime, using os.uptime() value
2026-05-31T17:10:52: PM2 warn: [pidusage] We couldn't find uptime from /proc/uptime, using os.uptime() value
2026-05-31T17:11:22: PM2 warn: [pidusage] We couldn't find uptime from /proc/uptime, using os.uptime() value
2026-05-31T17:11:52: PM2 warn: [pidusage] We couldn't find uptime from /proc/uptime, using os.uptime() value
2026-05-31T17:12:22: PM2 warn: [pidusage] We couldn't find uptime from /proc/uptime, using os.uptime() value
2026-05-31T17:12:52: PM2 warn: [pidusage] We couldn't find uptime from /proc/uptime, using os.uptime() value
2026-05-31T17:13:22: PM2 warn: [pidusage] We couldn't find uptime from /proc/uptime, using os.uptime() value
2026-05-31T17:13:52: PM2 warn: [pidusage] We couldn't find uptime from /proc/uptime, using os.uptime() value
2026-05-31T17:14:22: PM2 warn: [pidusage] We couldn't find uptime from /proc/uptime, using os.uptime() value
2026-05-31T17:14:52: PM2 warn: [pidusage] We couldn't find uptime from /proc/uptime, using os.uptime() value
2026-05-31T17:15:22: PM2 warn: [pidusage] We couldn't find uptime from /proc/uptime, using os.uptime() value
2026-05-31T17:15:52: PM2 warn: [pidusage] We couldn't find uptime from /proc/uptime, using os.uptime() value
2026-05-31T17:16:22: PM2 warn: [pidusage] We couldn't find uptime from /proc/uptime, using os.uptime() value
2026-05-31T17:16:52: PM2 warn: [pidusage] We couldn't find uptime from /proc/uptime, using os.uptime() value
2026-05-31T17:17:22: PM2 warn: [pidusage] We couldn't find uptime from /proc/uptime, using os.uptime() value
2026-05-31T17:17:52: PM2 warn: [pidusage] We couldn't find uptime from /proc/uptime, using os.uptime() value
2026-05-31T17:18:22: PM2 warn: [pidusage] We couldn't find uptime from /proc/uptime, using os.uptime() value
2026-05-31T17:18:52: PM2 warn: [pidusage] We couldn't find uptime from /proc/uptime, using os.uptime() value
2026-05-31T17:19:22: PM2 warn: [pidusage] We couldn't find uptime from /proc/uptime, using os.uptime() value
2026-05-31T17:19:52: PM2 warn: [pidusage] We couldn't find uptime from /proc/uptime, using os.uptime() value
2026-05-31T17:20:22: PM2 warn: [pidusage] We couldn't find uptime from /proc/uptime, using os.uptime() value
2026-05-31T17:20:52: PM2 warn: [pidusage] We couldn't find uptime from /proc/uptime, using os.uptime() value
2026-05-31T17:21:22: PM2 warn: [pidusage] We couldn't find uptime from /proc/uptime, using os.uptime() value
2026-05-31T17:21:52: PM2 warn: [pidusage] We couldn't find uptime from /proc/uptime, using os.uptime() value
2026-05-31T17:22:22: PM2 warn: [pidusage] We couldn't find uptime from /proc/uptime, using os.uptime() value
2026-05-31T17:22:52: PM2 warn: [pidusage] We couldn't find uptime from /proc/uptime, using os.uptime() value
2026-05-31T17:23:22: PM2 warn: [pidusage] We couldn't find uptime from /proc/uptime, using os.uptime() value
2026-05-31T17:23:52: PM2 warn: [pidusage] We couldn't find uptime from /proc/uptime, using os.uptime() value
2026-05-31T17:24:22: PM2 warn: [pidusage] We couldn't find uptime from /proc/uptime, using os.uptime() value
2026-05-31T17:24:52: PM2 warn: [pidusage] We couldn't find uptime from /proc/uptime, using os.uptime() value
2026-05-31T17:25:22: PM2 warn: [pidusage] We couldn't find uptime from /proc/uptime, using os.uptime() value
2026-05-31T17:25:52: PM2 warn: [pidusage] We couldn't find uptime from /proc/uptime, using os.uptime() value
2026-05-31T17:26:22: PM2 warn: [pidusage] We couldn't find uptime from /proc/uptime, using os.uptime() value
2026-05-31T17:26:52: PM2 warn: [pidusage] We couldn't find uptime from /proc/uptime, using os.uptime() value
2026-05-31T17:27:22: PM2 warn: [pidusage] We couldn't find uptime from /proc/uptime, using os.uptime() value
2026-05-31T17:27:52: PM2 warn: [pidusage] We couldn't find uptime from /proc/uptime, using os.uptime() value
2026-05-31T17:28:22: PM2 warn: [pidusage] We couldn't find uptime from /proc/uptime, using os.uptime() value
2026-05-31T17:28:52: PM2 warn: [pidusage] We couldn't find uptime from /proc/uptime, using os.uptime() value
2026-05-31T17:29:22: PM2 warn: [pidusage] We couldn't find uptime from /proc/uptime, using os.uptime() value
2026-05-31T17:29:52: PM2 warn: [pidusage] We couldn't find uptime from /proc/uptime, using os.uptime() value
2026-05-31T17:30:22: PM2 warn: [pidusage] We couldn't find uptime from /proc/uptime, using os.uptime() value
2026-05-31T17:30:52: PM2 warn: [pidusage] We couldn't find uptime from /proc/uptime, using os.uptime() value
2026-05-31T17:31:22: PM2 warn: [pidusage] We couldn't find uptime from /proc/uptime, using os.uptime() value
2026-05-31T17:31:52: PM2 warn: [pidusage] We couldn't find uptime from /proc/uptime, using os.uptime() value
2026-05-31T17:32:22: PM2 warn: [pidusage] We couldn't find uptime from /proc/uptime, using os.uptime() value
2026-05-31T17:32:52: PM2 warn: [pidusage] We couldn't find uptime from /proc/uptime, using os.uptime() value
2026-05-31T17:33:22: PM2 warn: [pidusage] We couldn't find uptime from /proc/uptime, using os.uptime() value
2026-05-31T17:33:52: PM2 warn: [pidusage] We couldn't find uptime from /proc/uptime, using os.uptime() value
2026-05-31T17:34:22: PM2 warn: [pidusage] We couldn't find uptime from /proc/uptime, using os.uptime() value
2026-05-31T17:34:52: PM2 warn: [pidusage] We couldn't find uptime from /proc/uptime, using os.uptime() value
2026-05-31T17:35:22: PM2 warn: [pidusage] We couldn't find uptime from /proc/uptime, using os.uptime() value
2026-05-31T17:35:52: PM2 warn: [pidusage] We couldn't find uptime from /proc/uptime, using os.uptime() value
2026-05-31T17:36:22: PM2 warn: [pidusage] We couldn't find uptime from /proc/uptime, using os.uptime() value
2026-05-31T17:36:52: PM2 warn: [pidusage] We couldn't find uptime from /proc/uptime, using os.uptime() value
2026-05-31T17:37:22: PM2 warn: [pidusage] We couldn't find uptime from /proc/uptime, using os.uptime() value
2026-05-31T17:37:52: PM2 warn: [pidusage] We couldn't find uptime from /proc/uptime, using os.uptime() value
2026-05-31T17:38:22: PM2 warn: [pidusage] We couldn't find uptime from /proc/uptime, using os.uptime() value
2026-05-31T17:38:52: PM2 warn: [pidusage] We couldn't find uptime from /proc/uptime, using os.uptime() value
2026-05-31T17:39:22: PM2 warn: [pidusage] We couldn't find uptime from /proc/uptime, using os.uptime() value
2026-05-31T17:39:52: PM2 warn: [pidusage] We couldn't find uptime from /proc/uptime, using os.uptime() value
2026-05-31T17:40:22: PM2 warn: [pidusage] We couldn't find uptime from /proc/uptime, using os.uptime() value
2026-05-31T17:40:52: PM2 warn: [pidusage] We couldn't find uptime from /proc/uptime, using os.uptime() value
2026-05-31T17:41:22: PM2 warn: [pidusage] We couldn't find uptime from /proc/uptime, using os.uptime() value
2026-05-31T17:41:52: PM2 warn: [pidusage] We couldn't find uptime from /proc/uptime, using os.uptime() value
2026-05-31T17:42:22: PM2 warn: [pidusage] We couldn't find uptime from /proc/uptime, using os.uptime() value
2026-05-31T17:42:52: PM2 warn: [pidusage] We couldn't find uptime from /proc/uptime, using os.uptime() value
2026-05-31T17:43:22: PM2 warn: [pidusage] We couldn't find uptime from /proc/uptime, using os.uptime() value
2026-05-31T17:43:52: PM2 warn: [pidusage] We couldn't find uptime from /proc/uptime, using os.uptime() value
2026-05-31T17:44:22: PM2 warn: [pidusage] We couldn't find uptime from /proc/uptime, using os.uptime() value
2026-05-31T17:44:52: PM2 warn: [pidusage] We couldn't find uptime from /proc/uptime, using os.uptime() value
2026-05-31T17:45:22: PM2 warn: [pidusage] We couldn't find uptime from /proc/uptime, using os.uptime() value
2026-05-31T17:45:52: PM2 warn: [pidusage] We couldn't find uptime from /proc/uptime, using os.uptime() value
2026-05-31T17:46:22: PM2 warn: [pidusage] We couldn't find uptime from /proc/uptime, using os.uptime() value
2026-05-31T17:46:52: PM2 warn: [pidusage] We couldn't find uptime from /proc/uptime, using os.uptime() value
2026-05-31T17:47:22: PM2 warn: [pidusage] We couldn't find uptime from /proc/uptime, using os.uptime() value
2026-05-31T17:47:52: PM2 warn: [pidusage] We couldn't find uptime from /proc/uptime, using os.uptime() value
2026-05-31T17:48:22: PM2 warn: [pidusage] We couldn't find uptime from /proc/uptime, using os.uptime() value
2026-05-31T17:48:52: PM2 warn: [pidusage] We couldn't find uptime from /proc/uptime, using os.uptime() value
2026-05-31T17:49:22: PM2 warn: [pidusage] We couldn't find uptime from /proc/uptime, using os.uptime() value
2026-05-31T17:49:52: PM2 warn: [pidusage] We couldn't find uptime from /proc/uptime, using os.uptime() value
2026-05-31T17:50:22: PM2 warn: [pidusage] We couldn't find uptime from /proc/uptime, using os.uptime() value
2026-05-31T17:50:52: PM2 warn: [pidusage] We couldn't find uptime from /proc/uptime, using os.uptime() value
2026-05-31T17:51:22: PM2 warn: [pidusage] We couldn't find uptime from /proc/uptime, using os.uptime() value
2026-05-31T17:51:52: PM2 warn: [pidusage] We couldn't find uptime from /proc/uptime, using os.uptime() value
2026-05-31T17:52:22: PM2 warn: [pidusage] We couldn't find uptime from /proc/uptime, using os.uptime() value
2026-05-31T17:52:52: PM2 warn: [pidusage] We couldn't find uptime from /proc/uptime, using os.uptime() value
2026-05-31T17:53:22: PM2 warn: [pidusage] We couldn't find uptime from /proc/uptime, using os.uptime() value
2026-05-31T17:53:52: PM2 warn: [pidusage] We couldn't find uptime from /proc/uptime, using os.uptime() value
2026-05-31T17:54:22: PM2 warn: [pidusage] We couldn't find uptime from /proc/uptime, using os.uptime() value
2026-05-31T17:54:52: PM2 warn: [pidusage] We couldn't find uptime from /proc/uptime, using os.uptime() value
2026-05-31T17:55:22: PM2 warn: [pidusage] We couldn't find uptime from /proc/uptime, using os.uptime() value
2026-05-31T17:55:52: PM2 warn: [pidusage] We couldn't find uptime from /proc/uptime, using os.uptime() value
2026-05-31T17:56:22: PM2 warn: [pidusage] We couldn't find uptime from /proc/uptime, using os.uptime() value
2026-05-31T17:56:52: PM2 warn: [pidusage] We couldn't find uptime from /proc/uptime, using os.uptime() value
2026-05-31T17:57:22: PM2 warn: [pidusage] We couldn't find uptime from /proc/uptime, using os.uptime() value
2026-05-31T17:57:52: PM2 warn: [pidusage] We couldn't find uptime from /proc/uptime, using os.uptime() value
2026-05-31T17:58:22: PM2 warn: [pidusage] We couldn't find uptime from /proc/uptime, using os.uptime() value
2026-05-31T17:58:52: PM2 warn: [pidusage] We couldn't find uptime from /proc/uptime, using os.uptime() value
2026-05-31T17:59:22: PM2 warn: [pidusage] We couldn't find uptime from /proc/uptime, using os.uptime() value
2026-05-31T17:59:52: PM2 warn: [pidusage] We couldn't find uptime from /proc/uptime, using os.uptime() value
2026-05-31T18:00:22: PM2 warn: [pidusage] We couldn't find uptime from /proc/uptime, using os.uptime() value
2026-05-31T18:00:52: PM2 warn: [pidusage] We couldn't find uptime from /proc/uptime, using os.uptime() value
2026-05-31T18:01:22: PM2 warn: [pidusage] We couldn't find uptime from /proc/uptime, using os.uptime() value
2026-05-31T18:01:52: PM2 warn: [pidusage] We couldn't find uptime from /proc/uptime, using os.uptime() value
2026-05-31T18:02:22: PM2 warn: [pidusage] We couldn't find uptime from /proc/uptime, using os.uptime() value
2026-05-31T18:02:52: PM2 warn: [pidusage] We couldn't find uptime from /proc/uptime, using os.uptime() value
2026-05-31T18:03:22: PM2 warn: [pidusage] We couldn't find uptime from /proc/uptime, using os.uptime() value
2026-05-31T18:03:52: PM2 warn: [pidusage] We couldn't find uptime from /proc/uptime, using os.uptime() value
2026-05-31T18:04:22: PM2 warn: [pidusage] We couldn't find uptime from /proc/uptime, using os.uptime() value
2026-05-31T18:04:52: PM2 warn: [pidusage] We couldn't find uptime from /proc/uptime, using os.uptime() value
2026-05-31T18:05:22: PM2 warn: [pidusage] We couldn't find uptime from /proc/uptime, using os.uptime() value
2026-05-31T18:05:52: PM2 warn: [pidusage] We couldn't find uptime from /proc/uptime, using os.uptime() value
2026-05-31T18:06:22: PM2 warn: [pidusage] We couldn't find uptime from /proc/uptime, using os.uptime() value
2026-05-31T18:06:52: PM2 warn: [pidusage] We couldn't find uptime from /proc/uptime, using os.uptime() value
2026-05-31T18:07:22: PM2 warn: [pidusage] We couldn't find uptime from /proc/uptime, using os.uptime() value
2026-05-31T18:07:52: PM2 warn: [pidusage] We couldn't find uptime from /proc/uptime, using os.uptime() value
2026-05-31T18:08:22: PM2 warn: [pidusage] We couldn't find uptime from /proc/uptime, using os.uptime() value
2026-05-31T18:08:52: PM2 warn: [pidusage] We couldn't find uptime from /proc/uptime, using os.uptime() value
2026-05-31T18:09:22: PM2 warn: [pidusage] We couldn't find uptime from /proc/uptime, using os.uptime() value
2026-05-31T18:09:52: PM2 warn: [pidusage] We couldn't find uptime from /proc/uptime, using os.uptime() value
2026-05-31T18:10:22: PM2 warn: [pidusage] We couldn't find uptime from /proc/uptime, using os.uptime() value
2026-05-31T18:10:52: PM2 warn: [pidusage] We couldn't find uptime from /proc/uptime, using os.uptime() value
2026-05-31T18:11:22: PM2 warn: [pidusage] We couldn't find uptime from /proc/uptime, using os.uptime() value
2026-05-31T18:11:52: PM2 warn: [pidusage] We couldn't find uptime from /proc/uptime, using os.uptime() value
2026-05-31T18:12:22: PM2 warn: [pidusage] We couldn't find uptime from /proc/uptime, using os.uptime() value
2026-05-31T18:12:52: PM2 warn: [pidusage] We couldn't find uptime from /proc/uptime, using os.uptime() value
2026-05-31T18:13:22: PM2 warn: [pidusage] We couldn't find uptime from /proc/uptime, using os.uptime() value
2026-05-31T18:13:52: PM2 warn: [pidusage] We couldn't find uptime from /proc/uptime, using os.uptime() value
2026-05-31T18:14:22: PM2 warn: [pidusage] We couldn't find uptime from /proc/uptime, using os.uptime() value
2026-05-31T18:14:52: PM2 warn: [pidusage] We couldn't find uptime from /proc/uptime, using os.uptime() value
2026-05-31T18:15:22: PM2 warn: [pidusage] We couldn't find uptime from /proc/uptime, using os.uptime() value
2026-05-31T18:15:52: PM2 warn: [pidusage] We couldn't find uptime from /proc/uptime, using os.uptime() value
2026-05-31T18:16:22: PM2 warn: [pidusage] We couldn't find uptime from /proc/uptime, using os.uptime() value
2026-05-31T18:16:52: PM2 warn: [pidusage] We couldn't find uptime from /proc/uptime, using os.uptime() value
2026-05-31T18:17:22: PM2 warn: [pidusage] We couldn't find uptime from /proc/uptime, using os.uptime() value
2026-05-31T18:17:52: PM2 warn: [pidusage] We couldn't find uptime from /proc/uptime, using os.uptime() value
2026-05-31T18:18:22: PM2 warn: [pidusage] We couldn't find uptime from /proc/uptime, using os.uptime() value
2026-05-31T18:18:52: PM2 warn: [pidusage] We couldn't find uptime from /proc/uptime, using os.uptime() value
2026-05-31T18:19:22: PM2 warn: [pidusage] We couldn't find uptime from /proc/uptime, using os.uptime() value
2026-05-31T18:19:52: PM2 warn: [pidusage] We couldn't find uptime from /proc/uptime, using os.uptime() value
2026-05-31T18:20:22: PM2 warn: [pidusage] We couldn't find uptime from /proc/uptime, using os.uptime() value
2026-05-31T18:20:52: PM2 warn: [pidusage] We couldn't find uptime from /proc/uptime, using os.uptime() value
2026-05-31T18:21:22: PM2 warn: [pidusage] We couldn't find uptime from /proc/uptime, using os.uptime() value
2026-05-31T18:21:52: PM2 warn: [pidusage] We couldn't find uptime from /proc/uptime, using os.uptime() value
2026-05-31T18:22:22: PM2 warn: [pidusage] We couldn't find uptime from /proc/uptime, using os.uptime() value
2026-05-31T18:22:52: PM2 warn: [pidusage] We couldn't find uptime from /proc/uptime, using os.uptime() value
2026-05-31T18:23:22: PM2 warn: [pidusage] We couldn't find uptime from /proc/uptime, using os.uptime() value
2026-05-31T18:23:52: PM2 warn: [pidusage] We couldn't find uptime from /proc/uptime, using os.uptime() value
2026-05-31T18:24:22: PM2 warn: [pidusage] We couldn't find uptime from /proc/uptime, using os.uptime() value
2026-05-31T18:24:52: PM2 warn: [pidusage] We couldn't find uptime from /proc/uptime, using os.uptime() value
2026-05-31T18:25:22: PM2 warn: [pidusage] We couldn't find uptime from /proc/uptime, using os.uptime() value
2026-05-31T18:25:52: PM2 warn: [pidusage] We couldn't find uptime from /proc/uptime, using os.uptime() value
2026-05-31T18:26:22: PM2 warn: [pidusage] We couldn't find uptime from /proc/uptime, using os.uptime() value
2026-05-31T18:26:52: PM2 warn: [pidusage] We couldn't find uptime from /proc/uptime, using os.uptime() value
2026-05-31T18:27:22: PM2 warn: [pidusage] We couldn't find uptime from /proc/uptime, using os.uptime() value
2026-05-31T18:27:52: PM2 warn: [pidusage] We couldn't find uptime from /proc/uptime, using os.uptime() value
2026-05-31T18:28:22: PM2 warn: [pidusage] We couldn't find uptime from /proc/uptime, using os.uptime() value
2026-05-31T18:28:52: PM2 warn: [pidusage] We couldn't find uptime from /proc/uptime, using os.uptime() value
2026-05-31T18:29:22: PM2 warn: [pidusage] We couldn't find uptime from /proc/uptime, using os.uptime() value
2026-05-31T18:29:52: PM2 warn: [pidusage] We couldn't find uptime from /proc/uptime, using os.uptime() value
2026-05-31T18:30:22: PM2 warn: [pidusage] We couldn't find uptime from /proc/uptime, using os.uptime() value
2026-05-31T18:30:52: PM2 warn: [pidusage] We couldn't find uptime from /proc/uptime, using os.uptime() value
2026-05-31T18:31:22: PM2 warn: [pidusage] We couldn't find uptime from /proc/uptime, using os.uptime() value
2026-05-31T18:31:52: PM2 warn: [pidusage] We couldn't find uptime from /proc/uptime, using os.uptime() value
2026-05-31T18:32:22: PM2 warn: [pidusage] We couldn't find uptime from /proc/uptime, using os.uptime() value
2026-05-31T18:32:52: PM2 warn: [pidusage] We couldn't find uptime from /proc/uptime, using os.uptime() value
2026-05-31T18:33:22: PM2 warn: [pidusage] We couldn't find uptime from /proc/uptime, using os.uptime() value
2026-05-31T18:33:52: PM2 warn: [pidusage] We couldn't find uptime from /proc/uptime, using os.uptime() value
2026-05-31T18:34:22: PM2 warn: [pidusage] We couldn't find uptime from /proc/uptime, using os.uptime() value
2026-05-31T18:34:52: PM2 warn: [pidusage] We couldn't find uptime from /proc/uptime, using os.uptime() value
2026-05-31T18:35:22: PM2 warn: [pidusage] We couldn't find uptime from /proc/uptime, using os.uptime() value
2026-05-31T18:35:52: PM2 warn: [pidusage] We couldn't find uptime from /proc/uptime, using os.uptime() value
2026-05-31T18:36:22: PM2 warn: [pidusage] We couldn't find uptime from /proc/uptime, using os.uptime() value
2026-05-31T18:36:52: PM2 warn: [pidusage] We couldn't find uptime from /proc/uptime, using os.uptime() value
2026-05-31T18:37:22: PM2 warn: [pidusage] We couldn't find uptime from /proc/uptime, using os.uptime() value
2026-05-31T18:37:52: PM2 warn: [pidusage] We couldn't find uptime from /proc/uptime, using os.uptime() value
2026-05-31T18:38:22: PM2 warn: [pidusage] We couldn't find uptime from /proc/uptime, using os.uptime() value
2026-05-31T18:38:52: PM2 warn: [pidusage] We couldn't find uptime from /proc/uptime, using os.uptime() value
2026-05-31T18:39:22: PM2 warn: [pidusage] We couldn't find uptime from /proc/uptime, using os.uptime() value
2026-05-31T18:39:52: PM2 warn: [pidusage] We couldn't find uptime from /proc/uptime, using os.uptime() value
2026-05-31T18:40:22: PM2 warn: [pidusage] We couldn't find uptime from /proc/uptime, using os.uptime() value
2026-05-31T18:40:52: PM2 warn: [pidusage] We couldn't find uptime from /proc/uptime, using os.uptime() value
2026-05-31T18:41:22: PM2 warn: [pidusage] We couldn't find uptime from /proc/uptime, using os.uptime() value
2026-05-31T18:41:52: PM2 warn: [pidusage] We couldn't find uptime from /proc/uptime, using os.uptime() value
2026-05-31T18:42:22: PM2 warn: [pidusage] We couldn't find uptime from /proc/uptime, using os.uptime() value
2026-05-31T18:42:52: PM2 warn: [pidusage] We couldn't find uptime from /proc/uptime, using os.uptime() value
2026-05-31T18:43:22: PM2 warn: [pidusage] We couldn't find uptime from /proc/uptime, using os.uptime() value
2026-05-31T18:43:52: PM2 warn: [pidusage] We couldn't find uptime from /proc/uptime, using os.uptime() value
2026-05-31T18:44:22: PM2 warn: [pidusage] We couldn't find uptime from /proc/uptime, using os.uptime() value
2026-05-31T18:44:52: PM2 warn: [pidusage] We couldn't find uptime from /proc/uptime, using os.uptime() value
2026-05-31T18:45:22: PM2 warn: [pidusage] We couldn't find uptime from /proc/uptime, using os.uptime() value
2026-05-31T18:45:52: PM2 warn: [pidusage] We couldn't find uptime from /proc/uptime, using os.uptime() value
2026-05-31T18:46:22: PM2 warn: [pidusage] We couldn't find uptime from /proc/uptime, using os.uptime() value
2026-05-31T18:46:52: PM2 warn: [pidusage] We couldn't find uptime from /proc/uptime, using os.uptime() value
2026-05-31T18:47:22: PM2 warn: [pidusage] We couldn't find uptime from /proc/uptime, using os.uptime() value
2026-05-31T18:47:52: PM2 warn: [pidusage] We couldn't find uptime from /proc/uptime, using os.uptime() value
2026-05-31T18:48:22: PM2 warn: [pidusage] We couldn't find uptime from /proc/uptime, using os.uptime() value
2026-05-31T18:48:52: PM2 warn: [pidusage] We couldn't find uptime from /proc/uptime, using os.uptime() value
2026-05-31T18:49:22: PM2 warn: [pidusage] We couldn't find uptime from /proc/uptime, using os.uptime() value
2026-05-31T18:49:52: PM2 warn: [pidusage] We couldn't find uptime from /proc/uptime, using os.uptime() value
2026-05-31T18:50:22: PM2 warn: [pidusage] We couldn't find uptime from /proc/uptime, using os.uptime() value
2026-05-31T18:50:52: PM2 warn: [pidusage] We couldn't find uptime from /proc/uptime, using os.uptime() value
2026-05-31T18:51:22: PM2 warn: [pidusage] We couldn't find uptime from /proc/uptime, using os.uptime() value
2026-05-31T18:51:52: PM2 warn: [pidusage] We couldn't find uptime from /proc/uptime, using os.uptime() value
2026-05-31T18:52:22: PM2 warn: [pidusage] We couldn't find uptime from /proc/uptime, using os.uptime() value
2026-05-31T18:52:52: PM2 warn: [pidusage] We couldn't find uptime from /proc/uptime, using os.uptime() value
2026-05-31T18:53:22: PM2 warn: [pidusage] We couldn't find uptime from /proc/uptime, using os.uptime() value
2026-05-31T18:53:52: PM2 warn: [pidusage] We couldn't find uptime from /proc/uptime, using os.uptime() value
2026-05-31T18:54:22: PM2 warn: [pidusage] We couldn't find uptime from /proc/uptime, using os.uptime() value
2026-05-31T18:54:52: PM2 warn: [pidusage] We couldn't find uptime from /proc/uptime, using os.uptime() value
2026-05-31T18:55:22: PM2 warn: [pidusage] We couldn't find uptime from /proc/uptime, using os.uptime() value
2026-05-31T18:55:52: PM2 warn: [pidusage] We couldn't find uptime from /proc/uptime, using os.uptime() value
2026-05-31T18:56:22: PM2 warn: [pidusage] We couldn't find uptime from /proc/uptime, using os.uptime() value
2026-05-31T18:56:52: PM2 warn: [pidusage] We couldn't find uptime from /proc/uptime, using os.uptime() value
2026-05-31T18:57:22: PM2 warn: [pidusage] We couldn't find uptime from /proc/uptime, using os.uptime() value
2026-05-31T18:57:52: PM2 warn: [pidusage] We couldn't find uptime from /proc/uptime, using os.uptime() value
2026-05-31T18:58:22: PM2 warn: [pidusage] We couldn't find uptime from /proc/uptime, using os.uptime() value
2026-05-31T18:58:52: PM2 warn: [pidusage] We couldn't find uptime from /proc/uptime, using os.uptime() value
2026-05-31T18:59:22: PM2 warn: [pidusage] We couldn't find uptime from /proc/uptime, using os.uptime() value
2026-05-31T18:59:52: PM2 warn: [pidusage] We couldn't find uptime from /proc/uptime, using os.uptime() value
2026-05-31T19:00:22: PM2 warn: [pidusage] We couldn't find uptime from /proc/uptime, using os.uptime() value
2026-05-31T19:00:52: PM2 warn: [pidusage] We couldn't find uptime from /proc/uptime, using os.uptime() value
2026-05-31T19:01:22: PM2 warn: [pidusage] We couldn't find uptime from /proc/uptime, using os.uptime() value
2026-05-31T19:01:52: PM2 warn: [pidusage] We couldn't find uptime from /proc/uptime, using os.uptime() value
2026-05-31T19:02:22: PM2 warn: [pidusage] We couldn't find uptime from /proc/uptime, using os.uptime() value
2026-05-31T19:02:52: PM2 warn: [pidusage] We couldn't find uptime from /proc/uptime, using os.uptime() value
2026-05-31T19:03:22: PM2 warn: [pidusage] We couldn't find uptime from /proc/uptime, using os.uptime() value
2026-05-31T19:03:52: PM2 warn: [pidusage] We couldn't find uptime from /proc/uptime, using os.uptime() value
2026-05-31T19:04:22: PM2 warn: [pidusage] We couldn't find uptime from /proc/uptime, using os.uptime() value
2026-05-31T19:04:52: PM2 warn: [pidusage] We couldn't find uptime from /proc/uptime, using os.uptime() value
2026-05-31T19:05:22: PM2 warn: [pidusage] We couldn't find uptime from /proc/uptime, using os.uptime() value
2026-05-31T19:05:52: PM2 warn: [pidusage] We couldn't find uptime from /proc/uptime, using os.uptime() value
2026-05-31T19:06:22: PM2 warn: [pidusage] We couldn't find uptime from /proc/uptime, using os.uptime() value
2026-05-31T19:06:52: PM2 warn: [pidusage] We couldn't find uptime from /proc/uptime, using os.uptime() value
2026-05-31T19:07:22: PM2 warn: [pidusage] We couldn't find uptime from /proc/uptime, using os.uptime() value
2026-05-31T19:07:52: PM2 warn: [pidusage] We couldn't find uptime from /proc/uptime, using os.uptime() value
2026-05-31T19:08:22: PM2 warn: [pidusage] We couldn't find uptime from /proc/uptime, using os.uptime() value
2026-05-31T19:08:52: PM2 warn: [pidusage] We couldn't find uptime from /proc/uptime, using os.uptime() value
2026-05-31T19:09:22: PM2 warn: [pidusage] We couldn't find uptime from /proc/uptime, using os.uptime() value
2026-05-31T19:09:52: PM2 warn: [pidusage] We couldn't find uptime from /proc/uptime, using os.uptime() value
2026-05-31T19:10:22: PM2 warn: [pidusage] We couldn't find uptime from /proc/uptime, using os.uptime() value
2026-05-31T19:10:52: PM2 warn: [pidusage] We couldn't find uptime from /proc/uptime, using os.uptime() value
2026-05-31T19:11:22: PM2 warn: [pidusage] We couldn't find uptime from /proc/uptime, using os.uptime() value
2026-05-31T19:11:52: PM2 warn: [pidusage] We couldn't find uptime from /proc/uptime, using os.uptime() value
2026-05-31T19:12:22: PM2 warn: [pidusage] We couldn't find uptime from /proc/uptime, using os.uptime() value
2026-05-31T19:12:52: PM2 warn: [pidusage] We couldn't find uptime from /proc/uptime, using os.uptime() value
2026-05-31T19:13:22: PM2 warn: [pidusage] We couldn't find uptime from /proc/uptime, using os.uptime() value
2026-05-31T19:13:52: PM2 warn: [pidusage] We couldn't find uptime from /proc/uptime, using os.uptime() value
2026-05-31T19:14:22: PM2 warn: [pidusage] We couldn't find uptime from /proc/uptime, using os.uptime() value
2026-05-31T19:14:52: PM2 warn: [pidusage] We couldn't find uptime from /proc/uptime, using os.uptime() value
2026-05-31T19:15:22: PM2 warn: [pidusage] We couldn't find uptime from /proc/uptime, using os.uptime() value
2026-05-31T19:15:52: PM2 warn: [pidusage] We couldn't find uptime from /proc/uptime, using os.uptime() value
2026-05-31T19:16:22: PM2 warn: [pidusage] We couldn't find uptime from /proc/uptime, using os.uptime() value
2026-05-31T19:16:52: PM2 warn: [pidusage] We couldn't find uptime from /proc/uptime, using os.uptime() value
2026-05-31T19:17:22: PM2 warn: [pidusage] We couldn't find uptime from /proc/uptime, using os.uptime() value
2026-05-31T19:17:52: PM2 warn: [pidusage] We couldn't find uptime from /proc/uptime, using os.uptime() value
2026-05-31T19:18:22: PM2 warn: [pidusage] We couldn't find uptime from /proc/uptime, using os.uptime() value
2026-05-31T19:18:52: PM2 warn: [pidusage] We couldn't find uptime from /proc/uptime, using os.uptime() value
2026-05-31T19:19:22: PM2 warn: [pidusage] We couldn't find uptime from /proc/uptime, using os.uptime() value
2026-05-31T19:19:52: PM2 warn: [pidusage] We couldn't find uptime from /proc/uptime, using os.uptime() value
2026-05-31T19:20:22: PM2 warn: [pidusage] We couldn't find uptime from /proc/uptime, using os.uptime() value
2026-05-31T19:20:52: PM2 warn: [pidusage] We couldn't find uptime from /proc/uptime, using os.uptime() value
2026-05-31T19:21:22: PM2 warn: [pidusage] We couldn't find uptime from /proc/uptime, using os.uptime() value
2026-05-31T19:21:52: PM2 warn: [pidusage] We couldn't find uptime from /proc/uptime, using os.uptime() value
2026-05-31T19:22:22: PM2 warn: [pidusage] We couldn't find uptime from /proc/uptime, using os.uptime() value
2026-05-31T19:22:52: PM2 warn: [pidusage] We couldn't find uptime from /proc/uptime, using os.uptime() value
2026-05-31T19:23:22: PM2 warn: [pidusage] We couldn't find uptime from /proc/uptime, using os.uptime() value
2026-05-31T19:23:52: PM2 warn: [pidusage] We couldn't find uptime from /proc/uptime, using os.uptime() value
2026-05-31T19:24:22: PM2 warn: [pidusage] We couldn't find uptime from /proc/uptime, using os.uptime() value
2026-05-31T19:24:52: PM2 warn: [pidusage] We couldn't find uptime from /proc/uptime, using os.uptime() value
2026-05-31T19:25:22: PM2 warn: [pidusage] We couldn't find uptime from /proc/uptime, using os.uptime() value
2026-05-31T19:25:52: PM2 warn: [pidusage] We couldn't find uptime from /proc/uptime, using os.uptime() value
2026-05-31T19:26:22: PM2 warn: [pidusage] We couldn't find uptime from /proc/uptime, using os.uptime() value
2026-05-31T19:26:52: PM2 warn: [pidusage] We couldn't find uptime from /proc/uptime, using os.uptime() value
2026-05-31T19:27:22: PM2 warn: [pidusage] We couldn't find uptime from /proc/uptime, using os.uptime() value
2026-05-31T19:27:52: PM2 warn: [pidusage] We couldn't find uptime from /proc/uptime, using os.uptime() value
2026-05-31T19:28:22: PM2 warn: [pidusage] We couldn't find uptime from /proc/uptime, using os.uptime() value
2026-05-31T19:28:52: PM2 warn: [pidusage] We couldn't find uptime from /proc/uptime, using os.uptime() value
2026-05-31T19:29:22: PM2 warn: [pidusage] We couldn't find uptime from /proc/uptime, using os.uptime() value
2026-05-31T19:29:52: PM2 warn: [pidusage] We couldn't find uptime from /proc/uptime, using os.uptime() value
2026-05-31T19:30:22: PM2 warn: [pidusage] We couldn't find uptime from /proc/uptime, using os.uptime() value
2026-05-31T19:30:52: PM2 warn: [pidusage] We couldn't find uptime from /proc/uptime, using os.uptime() value
2026-05-31T19:31:22: PM2 warn: [pidusage] We couldn't find uptime from /proc/uptime, using os.uptime() value
2026-05-31T19:31:52: PM2 warn: [pidusage] We couldn't find uptime from /proc/uptime, using os.uptime() value
2026-05-31T19:32:22: PM2 warn: [pidusage] We couldn't find uptime from /proc/uptime, using os.uptime() value
2026-05-31T19:32:53: PM2 warn: [pidusage] We couldn't find uptime from /proc/uptime, using os.uptime() value
2026-05-31T19:33:23: PM2 warn: [pidusage] We couldn't find uptime from /proc/uptime, using os.uptime() value
2026-05-31T19:33:53: PM2 warn: [pidusage] We couldn't find uptime from /proc/uptime, using os.uptime() value
2026-05-31T19:34:23: PM2 warn: [pidusage] We couldn't find uptime from /proc/uptime, using os.uptime() value
2026-05-31T19:34:53: PM2 warn: [pidusage] We couldn't find uptime from /proc/uptime, using os.uptime() value
2026-05-31T19:35:23: PM2 warn: [pidusage] We couldn't find uptime from /proc/uptime, using os.uptime() value
2026-05-31T19:35:53: PM2 warn: [pidusage] We couldn't find uptime from /proc/uptime, using os.uptime() value
2026-05-31T19:36:23: PM2 warn: [pidusage] We couldn't find uptime from /proc/uptime, using os.uptime() value
2026-05-31T19:36:53: PM2 warn: [pidusage] We couldn't find uptime from /proc/uptime, using os.uptime() value
2026-05-31T19:37:23: PM2 warn: [pidusage] We couldn't find uptime from /proc/uptime, using os.uptime() value
2026-05-31T19:37:53: PM2 warn: [pidusage] We couldn't find uptime from /proc/uptime, using os.uptime() value
2026-05-31T19:38:23: PM2 warn: [pidusage] We couldn't find uptime from /proc/uptime, using os.uptime() value
2026-05-31T19:38:53: PM2 warn: [pidusage] We couldn't find uptime from /proc/uptime, using os.uptime() value
2026-05-31T19:39:23: PM2 warn: [pidusage] We couldn't find uptime from /proc/uptime, using os.uptime() value
2026-05-31T19:39:53: PM2 warn: [pidusage] We couldn't find uptime from /proc/uptime, using os.uptime() value
2026-05-31T19:40:23: PM2 warn: [pidusage] We couldn't find uptime from /proc/uptime, using os.uptime() value
2026-05-31T19:40:53: PM2 warn: [pidusage] We couldn't find uptime from /proc/uptime, using os.uptime() value
2026-05-31T19:41:23: PM2 warn: [pidusage] We couldn't find uptime from /proc/uptime, using os.uptime() value
2026-05-31T19:41:53: PM2 warn: [pidusage] We couldn't find uptime from /proc/uptime, using os.uptime() value
2026-05-31T19:42:23: PM2 warn: [pidusage] We couldn't find uptime from /proc/uptime, using os.uptime() value
2026-05-31T19:42:53: PM2 warn: [pidusage] We couldn't find uptime from /proc/uptime, using os.uptime() value
2026-05-31T19:43:23: PM2 warn: [pidusage] We couldn't find uptime from /proc/uptime, using os.uptime() value
2026-05-31T19:43:53: PM2 warn: [pidusage] We couldn't find uptime from /proc/uptime, using os.uptime() value
2026-05-31T19:44:23: PM2 warn: [pidusage] We couldn't find uptime from /proc/uptime, using os.uptime() value
2026-05-31T19:44:53: PM2 warn: [pidusage] We couldn't find uptime from /proc/uptime, using os.uptime() value
2026-05-31T19:45:23: PM2 warn: [pidusage] We couldn't find uptime from /proc/uptime, using os.uptime() value
2026-05-31T19:45:53: PM2 warn: [pidusage] We couldn't find uptime from /proc/uptime, using os.uptime() value
2026-05-31T19:46:23: PM2 warn: [pidusage] We couldn't find uptime from /proc/uptime, using os.uptime() value
2026-05-31T19:46:53: PM2 warn: [pidusage] We couldn't find uptime from /proc/uptime, using os.uptime() value
2026-05-31T19:47:23: PM2 warn: [pidusage] We couldn't find uptime from /proc/uptime, using os.uptime() value
2026-05-31T19:47:53: PM2 warn: [pidusage] We couldn't find uptime from /proc/uptime, using os.uptime() value
2026-05-31T19:48:23: PM2 warn: [pidusage] We couldn't find uptime from /proc/uptime, using os.uptime() value
2026-05-31T19:48:53: PM2 warn: [pidusage] We couldn't find uptime from /proc/uptime, using os.uptime() value
2026-05-31T19:49:23: PM2 warn: [pidusage] We couldn't find uptime from /proc/uptime, using os.uptime() value
2026-05-31T19:49:53: PM2 warn: [pidusage] We couldn't find uptime from /proc/uptime, using os.uptime() value
2026-05-31T19:50:23: PM2 warn: [pidusage] We couldn't find uptime from /proc/uptime, using os.uptime() value
2026-05-31T19:50:53: PM2 warn: [pidusage] We couldn't find uptime from /proc/uptime, using os.uptime() value
2026-05-31T19:51:23: PM2 warn: [pidusage] We couldn't find uptime from /proc/uptime, using os.uptime() value
2026-05-31T19:51:53: PM2 warn: [pidusage] We couldn't find uptime from /proc/uptime, using os.uptime() value
2026-05-31T19:52:23: PM2 warn: [pidusage] We couldn't find uptime from /proc/uptime, using os.uptime() value
2026-05-31T19:52:53: PM2 warn: [pidusage] We couldn't find uptime from /proc/uptime, using os.uptime() value
2026-05-31T19:53:23: PM2 warn: [pidusage] We couldn't find uptime from /proc/uptime, using os.uptime() value
2026-05-31T19:53:53: PM2 warn: [pidusage] We couldn't find uptime from /proc/uptime, using os.uptime() value
2026-05-31T19:54:23: PM2 warn: [pidusage] We couldn't find uptime from /proc/uptime, using os.uptime() value
2026-05-31T19:54:53: PM2 warn: [pidusage] We couldn't find uptime from /proc/uptime, using os.uptime() value
2026-05-31T19:55:23: PM2 warn: [pidusage] We couldn't find uptime from /proc/uptime, using os.uptime() value
2026-05-31T19:55:53: PM2 warn: [pidusage] We couldn't find uptime from /proc/uptime, using os.uptime() value
2026-05-31T19:56:23: PM2 warn: [pidusage] We couldn't find uptime from /proc/uptime, using os.uptime() value
2026-05-31T19:56:53: PM2 warn: [pidusage] We couldn't find uptime from /proc/uptime, using os.uptime() value
2026-05-31T19:57:23: PM2 warn: [pidusage] We couldn't find uptime from /proc/uptime, using os.uptime() value
2026-05-31T19:57:53: PM2 warn: [pidusage] We couldn't find uptime from /proc/uptime, using os.uptime() value
2026-05-31T19:58:23: PM2 warn: [pidusage] We couldn't find uptime from /proc/uptime, using os.uptime() value
2026-05-31T19:58:53: PM2 warn: [pidusage] We couldn't find uptime from /proc/uptime, using os.uptime() value
2026-05-31T19:59:23: PM2 warn: [pidusage] We couldn't find uptime from /proc/uptime, using os.uptime() value
2026-05-31T19:59:53: PM2 warn: [pidusage] We couldn't find uptime from /proc/uptime, using os.uptime() value
2026-05-31T20:00:23: PM2 warn: [pidusage] We couldn't find uptime from /proc/uptime, using os.uptime() value
2026-05-31T20:00:53: PM2 warn: [pidusage] We couldn't find uptime from /proc/uptime, using os.uptime() value
2026-05-31T20:01:23: PM2 warn: [pidusage] We couldn't find uptime from /proc/uptime, using os.uptime() value
2026-05-31T20:01:53: PM2 warn: [pidusage] We couldn't find uptime from /proc/uptime, using os.uptime() value
2026-05-31T20:02:23: PM2 warn: [pidusage] We couldn't find uptime from /proc/uptime, using os.uptime() value
2026-05-31T20:02:53: PM2 warn: [pidusage] We couldn't find uptime from /proc/uptime, using os.uptime() value
2026-05-31T20:03:23: PM2 warn: [pidusage] We couldn't find uptime from /proc/uptime, using os.uptime() value
2026-05-31T20:03:53: PM2 warn: [pidusage] We couldn't find uptime from /proc/uptime, using os.uptime() value
2026-05-31T20:04:23: PM2 warn: [pidusage] We couldn't find uptime from /proc/uptime, using os.uptime() value
2026-05-31T20:04:53: PM2 warn: [pidusage] We couldn't find uptime from /proc/uptime, using os.uptime() value
2026-05-31T20:05:23: PM2 warn: [pidusage] We couldn't find uptime from /proc/uptime, using os.uptime() value
2026-05-31T20:05:53: PM2 warn: [pidusage] We couldn't find uptime from /proc/uptime, using os.uptime() value
2026-05-31T20:06:23: PM2 warn: [pidusage] We couldn't find uptime from /proc/uptime, using os.uptime() value
2026-05-31T20:06:53: PM2 warn: [pidusage] We couldn't find uptime from /proc/uptime, using os.uptime() value
2026-05-31T20:07:23: PM2 warn: [pidusage] We couldn't find uptime from /proc/uptime, using os.uptime() value
2026-05-31T20:07:53: PM2 warn: [pidusage] We couldn't find uptime from /proc/uptime, using os.uptime() value
2026-05-31T20:08:23: PM2 warn: [pidusage] We couldn't find uptime from /proc/uptime, using os.uptime() value
2026-05-31T20:08:53: PM2 warn: [pidusage] We couldn't find uptime from /proc/uptime, using os.uptime() value
2026-05-31T20:09:23: PM2 warn: [pidusage] We couldn't find uptime from /proc/uptime, using os.uptime() value
2026-05-31T20:09:53: PM2 warn: [pidusage] We couldn't find uptime from /proc/uptime, using os.uptime() value
2026-05-31T20:10:23: PM2 warn: [pidusage] We couldn't find uptime from /proc/uptime, using os.uptime() value
2026-05-31T20:10:53: PM2 warn: [pidusage] We couldn't find uptime from /proc/uptime, using os.uptime() value
2026-05-31T20:11:23: PM2 warn: [pidusage] We couldn't find uptime from /proc/uptime, using os.uptime() value
2026-05-31T20:11:53: PM2 warn: [pidusage] We couldn't find uptime from /proc/uptime, using os.uptime() value
2026-05-31T20:12:23: PM2 warn: [pidusage] We couldn't find uptime from /proc/uptime, using os.uptime() value
2026-05-31T20:12:53: PM2 warn: [pidusage] We couldn't find uptime from /proc/uptime, using os.uptime() value
2026-05-31T20:13:23: PM2 warn: [pidusage] We couldn't find uptime from /proc/uptime, using os.uptime() value
2026-05-31T20:13:53: PM2 warn: [pidusage] We couldn't find uptime from /proc/uptime, using os.uptime() value
2026-05-31T20:14:23: PM2 warn: [pidusage] We couldn't find uptime from /proc/uptime, using os.uptime() value
2026-05-31T20:14:53: PM2 warn: [pidusage] We couldn't find uptime from /proc/uptime, using os.uptime() value
2026-05-31T20:15:23: PM2 warn: [pidusage] We couldn't find uptime from /proc/uptime, using os.uptime() value
2026-05-31T20:15:53: PM2 warn: [pidusage] We couldn't find uptime from /proc/uptime, using os.uptime() value
2026-05-31T20:16:23: PM2 warn: [pidusage] We couldn't find uptime from /proc/uptime, using os.uptime() value
2026-05-31T20:16:53: PM2 warn: [pidusage] We couldn't find uptime from /proc/uptime, using os.uptime() value
2026-05-31T20:17:23: PM2 warn: [pidusage] We couldn't find uptime from /proc/uptime, using os.uptime() value
2026-05-31T20:17:53: PM2 warn: [pidusage] We couldn't find uptime from /proc/uptime, using os.uptime() value
2026-05-31T20:18:23: PM2 warn: [pidusage] We couldn't find uptime from /proc/uptime, using os.uptime() value
2026-05-31T20:18:53: PM2 warn: [pidusage] We couldn't find uptime from /proc/uptime, using os.uptime() value
2026-05-31T20:19:23: PM2 warn: [pidusage] We couldn't find uptime from /proc/uptime, using os.uptime() value
2026-05-31T20:19:53: PM2 warn: [pidusage] We couldn't find uptime from /proc/uptime, using os.uptime() value
2026-05-31T20:20:23: PM2 warn: [pidusage] We couldn't find uptime from /proc/uptime, using os.uptime() value
2026-05-31T20:20:53: PM2 warn: [pidusage] We couldn't find uptime from /proc/uptime, using os.uptime() value
2026-05-31T20:21:23: PM2 warn: [pidusage] We couldn't find uptime from /proc/uptime, using os.uptime() value
2026-05-31T20:21:53: PM2 warn: [pidusage] We couldn't find uptime from /proc/uptime, using os.uptime() value
2026-05-31T20:22:23: PM2 warn: [pidusage] We couldn't find uptime from /proc/uptime, using os.uptime() value
2026-05-31T20:22:53: PM2 warn: [pidusage] We couldn't find uptime from /proc/uptime, using os.uptime() value
2026-05-31T20:23:23: PM2 warn: [pidusage] We couldn't find uptime from /proc/uptime, using os.uptime() value
2026-05-31T20:23:53: PM2 warn: [pidusage] We couldn't find uptime from /proc/uptime, using os.uptime() value
2026-05-31T20:24:23: PM2 warn: [pidusage] We couldn't find uptime from /proc/uptime, using os.uptime() value
2026-05-31T20:24:53: PM2 warn: [pidusage] We couldn't find uptime from /proc/uptime, using os.uptime() value
2026-05-31T20:25:23: PM2 warn: [pidusage] We couldn't find uptime from /proc/uptime, using os.uptime() value
2026-05-31T20:25:53: PM2 warn: [pidusage] We couldn't find uptime from /proc/uptime, using os.uptime() value
2026-05-31T20:26:23: PM2 warn: [pidusage] We couldn't find uptime from /proc/uptime, using os.uptime() value
2026-05-31T20:26:53: PM2 warn: [pidusage] We couldn't find uptime from /proc/uptime, using os.uptime() value
2026-05-31T20:27:23: PM2 warn: [pidusage] We couldn't find uptime from /proc/uptime, using os.uptime() value
2026-05-31T20:27:53: PM2 warn: [pidusage] We couldn't find uptime from /proc/uptime, using os.uptime() value
2026-05-31T20:28:23: PM2 warn: [pidusage] We couldn't find uptime from /proc/uptime, using os.uptime() value
2026-05-31T20:28:53: PM2 warn: [pidusage] We couldn't find uptime from /proc/uptime, using os.uptime() value
2026-05-31T20:29:23: PM2 warn: [pidusage] We couldn't find uptime from /proc/uptime, using os.uptime() value
2026-05-31T20:29:53: PM2 warn: [pidusage] We couldn't find uptime from /proc/uptime, using os.uptime() value
2026-05-31T20:30:23: PM2 warn: [pidusage] We couldn't find uptime from /proc/uptime, using os.uptime() value
2026-05-31T20:30:53: PM2 warn: [pidusage] We couldn't find uptime from /proc/uptime, using os.uptime() value
2026-05-31T20:31:23: PM2 warn: [pidusage] We couldn't find uptime from /proc/uptime, using os.uptime() value
2026-05-31T20:31:53: PM2 warn: [pidusage] We couldn't find uptime from /proc/uptime, using os.uptime() value
2026-05-31T20:32:23: PM2 warn: [pidusage] We couldn't find uptime from /proc/uptime, using os.uptime() value
2026-05-31T20:32:53: PM2 warn: [pidusage] We couldn't find uptime from /proc/uptime, using os.uptime() value
2026-05-31T20:33:23: PM2 warn: [pidusage] We couldn't find uptime from /proc/uptime, using os.uptime() value
2026-05-31T20:33:53: PM2 warn: [pidusage] We couldn't find uptime from /proc/uptime, using os.uptime() value
2026-05-31T20:34:23: PM2 warn: [pidusage] We couldn't find uptime from /proc/uptime, using os.uptime() value
2026-05-31T20:34:53: PM2 warn: [pidusage] We couldn't find uptime from /proc/uptime, using os.uptime() value
2026-05-31T20:35:23: PM2 warn: [pidusage] We couldn't find uptime from /proc/uptime, using os.uptime() value
2026-05-31T20:35:53: PM2 warn: [pidusage] We couldn't find uptime from /proc/uptime, using os.uptime() value
2026-05-31T20:36:23: PM2 warn: [pidusage] We couldn't find uptime from /proc/uptime, using os.uptime() value
2026-05-31T20:36:53: PM2 warn: [pidusage] We couldn't find uptime from /proc/uptime, using os.uptime() value
2026-05-31T20:37:23: PM2 warn: [pidusage] We couldn't find uptime from /proc/uptime, using os.uptime() value
2026-05-31T20:37:53: PM2 warn: [pidusage] We couldn't find uptime from /proc/uptime, using os.uptime() value
2026-05-31T20:38:23: PM2 warn: [pidusage] We couldn't find uptime from /proc/uptime, using os.uptime() value
2026-05-31T20:38:53: PM2 warn: [pidusage] We couldn't find uptime from /proc/uptime, using os.uptime() value
2026-05-31T20:39:23: PM2 warn: [pidusage] We couldn't find uptime from /proc/uptime, using os.uptime() value
2026-05-31T20:39:53: PM2 warn: [pidusage] We couldn't find uptime from /proc/uptime, using os.uptime() value
2026-05-31T20:40:23: PM2 warn: [pidusage] We couldn't find uptime from /proc/uptime, using os.uptime() value
2026-05-31T20:40:53: PM2 warn: [pidusage] We couldn't find uptime from /proc/uptime, using os.uptime() value
2026-05-31T20:41:23: PM2 warn: [pidusage] We couldn't find uptime from /proc/uptime, using os.uptime() value
2026-05-31T20:41:53: PM2 warn: [pidusage] We couldn't find uptime from /proc/uptime, using os.uptime() value
2026-05-31T20:42:23: PM2 warn: [pidusage] We couldn't find uptime from /proc/uptime, using os.uptime() value
2026-05-31T20:42:53: PM2 warn: [pidusage] We couldn't find uptime from /proc/uptime, using os.uptime() value
2026-05-31T20:43:23: PM2 warn: [pidusage] We couldn't find uptime from /proc/uptime, using os.uptime() value
2026-05-31T20:43:53: PM2 warn: [pidusage] We couldn't find uptime from /proc/uptime, using os.uptime() value
2026-05-31T20:44:23: PM2 warn: [pidusage] We couldn't find uptime from /proc/uptime, using os.uptime() value
2026-05-31T20:44:53: PM2 warn: [pidusage] We couldn't find uptime from /proc/uptime, using os.uptime() value
2026-05-31T20:45:23: PM2 warn: [pidusage] We couldn't find uptime from /proc/uptime, using os.uptime() value
2026-05-31T20:45:53: PM2 warn: [pidusage] We couldn't find uptime from /proc/uptime, using os.uptime() value
2026-05-31T20:46:23: PM2 warn: [pidusage] We couldn't find uptime from /proc/uptime, using os.uptime() value
2026-05-31T20:46:53: PM2 warn: [pidusage] We couldn't find uptime from /proc/uptime, using os.uptime() value
2026-05-31T20:47:23: PM2 warn: [pidusage] We couldn't find uptime from /proc/uptime, using os.uptime() value
2026-05-31T20:47:53: PM2 warn: [pidusage] We couldn't find uptime from /proc/uptime, using os.uptime() value
2026-05-31T20:48:23: PM2 warn: [pidusage] We couldn't find uptime from /proc/uptime, using os.uptime() value
2026-05-31T20:48:53: PM2 warn: [pidusage] We couldn't find uptime from /proc/uptime, using os.uptime() value
2026-05-31T20:49:23: PM2 warn: [pidusage] We couldn't find uptime from /proc/uptime, using os.uptime() value
2026-05-31T20:49:53: PM2 warn: [pidusage] We couldn't find uptime from /proc/uptime, using os.uptime() value
2026-05-31T20:50:23: PM2 warn: [pidusage] We couldn't find uptime from /proc/uptime, using os.uptime() value
2026-05-31T20:50:53: PM2 warn: [pidusage] We couldn't find uptime from /proc/uptime, using os.uptime() value
2026-05-31T20:51:23: PM2 warn: [pidusage] We couldn't find uptime from /proc/uptime, using os.uptime() value
2026-05-31T20:51:53: PM2 warn: [pidusage] We couldn't find uptime from /proc/uptime, using os.uptime() value
2026-05-31T20:52:23: PM2 warn: [pidusage] We couldn't find uptime from /proc/uptime, using os.uptime() value
2026-05-31T20:52:53: PM2 warn: [pidusage] We couldn't find uptime from /proc/uptime, using os.uptime() value
2026-05-31T20:53:23: PM2 warn: [pidusage] We couldn't find uptime from /proc/uptime, using os.uptime() value
2026-05-31T20:53:53: PM2 warn: [pidusage] We couldn't find uptime from /proc/uptime, using os.uptime() value
2026-05-31T20:54:23: PM2 warn: [pidusage] We couldn't find uptime from /proc/uptime, using os.uptime() value
2026-05-31T20:54:53: PM2 warn: [pidusage] We couldn't find uptime from /proc/uptime, using os.uptime() value
2026-05-31T20:55:23: PM2 warn: [pidusage] We couldn't find uptime from /proc/uptime, using os.uptime() value
2026-05-31T20:55:53: PM2 warn: [pidusage] We couldn't find uptime from /proc/uptime, using os.uptime() value
2026-05-31T20:56:23: PM2 warn: [pidusage] We couldn't find uptime from /proc/uptime, using os.uptime() value
2026-05-31T20:56:53: PM2 warn: [pidusage] We couldn't find uptime from /proc/uptime, using os.uptime() value
2026-05-31T20:57:23: PM2 warn: [pidusage] We couldn't find uptime from /proc/uptime, using os.uptime() value
2026-05-31T20:57:53: PM2 warn: [pidusage] We couldn't find uptime from /proc/uptime, using os.uptime() value
2026-05-31T20:58:23: PM2 warn: [pidusage] We couldn't find uptime from /proc/uptime, using os.uptime() value
2026-05-31T20:58:53: PM2 warn: [pidusage] We couldn't find uptime from /proc/uptime, using os.uptime() value
2026-05-31T20:59:23: PM2 warn: [pidusage] We couldn't find uptime from /proc/uptime, using os.uptime() value
2026-05-31T20:59:53: PM2 warn: [pidusage] We couldn't find uptime from /proc/uptime, using os.uptime() value
2026-05-31T21:00:23: PM2 warn: [pidusage] We couldn't find uptime from /proc/uptime, using os.uptime() value
2026-05-31T21:00:53: PM2 warn: [pidusage] We couldn't find uptime from /proc/uptime, using os.uptime() value
2026-05-31T21:01:23: PM2 warn: [pidusage] We couldn't find uptime from /proc/uptime, using os.uptime() value
2026-05-31T21:01:53: PM2 warn: [pidusage] We couldn't find uptime from /proc/uptime, using os.uptime() value
2026-05-31T21:02:23: PM2 warn: [pidusage] We couldn't find uptime from /proc/uptime, using os.uptime() value
2026-05-31T21:02:53: PM2 warn: [pidusage] We couldn't find uptime from /proc/uptime, using os.uptime() value
2026-05-31T21:03:23: PM2 warn: [pidusage] We couldn't find uptime from /proc/uptime, using os.uptime() value
2026-05-31T21:03:53: PM2 warn: [pidusage] We couldn't find uptime from /proc/uptime, using os.uptime() value
2026-05-31T21:04:23: PM2 warn: [pidusage] We couldn't find uptime from /proc/uptime, using os.uptime() value
2026-05-31T21:04:53: PM2 warn: [pidusage] We couldn't find uptime from /proc/uptime, using os.uptime() value
2026-05-31T21:05:23: PM2 warn: [pidusage] We couldn't find uptime from /proc/uptime, using os.uptime() value
2026-05-31T21:05:53: PM2 warn: [pidusage] We couldn't find uptime from /proc/uptime, using os.uptime() value
2026-05-31T21:06:23: PM2 warn: [pidusage] We couldn't find uptime from /proc/uptime, using os.uptime() value
2026-05-31T21:06:53: PM2 warn: [pidusage] We couldn't find uptime from /proc/uptime, using os.uptime() value
2026-05-31T21:07:23: PM2 warn: [pidusage] We couldn't find uptime from /proc/uptime, using os.uptime() value
2026-05-31T21:07:53: PM2 warn: [pidusage] We couldn't find uptime from /proc/uptime, using os.uptime() value
2026-05-31T21:08:23: PM2 warn: [pidusage] We couldn't find uptime from /proc/uptime, using os.uptime() value
2026-05-31T21:08:53: PM2 warn: [pidusage] We couldn't find uptime from /proc/uptime, using os.uptime() value
2026-05-31T21:09:23: PM2 warn: [pidusage] We couldn't find uptime from /proc/uptime, using os.uptime() value
2026-05-31T21:09:53: PM2 warn: [pidusage] We couldn't find uptime from /proc/uptime, using os.uptime() value
2026-05-31T21:10:23: PM2 warn: [pidusage] We couldn't find uptime from /proc/uptime, using os.uptime() value
2026-05-31T21:10:53: PM2 warn: [pidusage] We couldn't find uptime from /proc/uptime, using os.uptime() value
2026-05-31T21:11:23: PM2 warn: [pidusage] We couldn't find uptime from /proc/uptime, using os.uptime() value
2026-05-31T21:11:53: PM2 warn: [pidusage] We couldn't find uptime from /proc/uptime, using os.uptime() value
2026-05-31T21:12:23: PM2 warn: [pidusage] We couldn't find uptime from /proc/uptime, using os.uptime() value
2026-05-31T21:12:53: PM2 warn: [pidusage] We couldn't find uptime from /proc/uptime, using os.uptime() value
2026-05-31T21:13:23: PM2 warn: [pidusage] We couldn't find uptime from /proc/uptime, using os.uptime() value
2026-05-31T21:13:53: PM2 warn: [pidusage] We couldn't find uptime from /proc/uptime, using os.uptime() value
2026-05-31T21:14:23: PM2 warn: [pidusage] We couldn't find uptime from /proc/uptime, using os.uptime() value
2026-05-31T21:14:53: PM2 warn: [pidusage] We couldn't find uptime from /proc/uptime, using os.uptime() value
2026-05-31T21:15:23: PM2 warn: [pidusage] We couldn't find uptime from /proc/uptime, using os.uptime() value
2026-05-31T21:15:53: PM2 warn: [pidusage] We couldn't find uptime from /proc/uptime, using os.uptime() value
2026-05-31T21:16:23: PM2 warn: [pidusage] We couldn't find uptime from /proc/uptime, using os.uptime() value
2026-05-31T21:16:53: PM2 warn: [pidusage] We couldn't find uptime from /proc/uptime, using os.uptime() value
2026-05-31T21:17:23: PM2 warn: [pidusage] We couldn't find uptime from /proc/uptime, using os.uptime() value
2026-05-31T21:17:53: PM2 warn: [pidusage] We couldn't find uptime from /proc/uptime, using os.uptime() value
2026-05-31T21:18:23: PM2 warn: [pidusage] We couldn't find uptime from /proc/uptime, using os.uptime() value
2026-05-31T21:18:53: PM2 warn: [pidusage] We couldn't find uptime from /proc/uptime, using os.uptime() value
2026-05-31T21:19:23: PM2 warn: [pidusage] We couldn't find uptime from /proc/uptime, using os.uptime() value
2026-05-31T21:19:53: PM2 warn: [pidusage] We couldn't find uptime from /proc/uptime, using os.uptime() value
2026-05-31T21:20:23: PM2 warn: [pidusage] We couldn't find uptime from /proc/uptime, using os.uptime() value
2026-05-31T21:20:53: PM2 warn: [pidusage] We couldn't find uptime from /proc/uptime, using os.uptime() value
2026-05-31T21:21:23: PM2 warn: [pidusage] We couldn't find uptime from /proc/uptime, using os.uptime() value
2026-05-31T21:21:53: PM2 warn: [pidusage] We couldn't find uptime from /proc/uptime, using os.uptime() value
2026-05-31T21:22:23: PM2 warn: [pidusage] We couldn't find uptime from /proc/uptime, using os.uptime() value
2026-05-31T21:22:53: PM2 warn: [pidusage] We couldn't find uptime from /proc/uptime, using os.uptime() value
2026-05-31T21:23:23: PM2 warn: [pidusage] We couldn't find uptime from /proc/uptime, using os.uptime() value
2026-05-31T21:23:53: PM2 warn: [pidusage] We couldn't find uptime from /proc/uptime, using os.uptime() value
2026-05-31T21:24:23: PM2 warn: [pidusage] We couldn't find uptime from /proc/uptime, using os.uptime() value
2026-05-31T21:24:53: PM2 warn: [pidusage] We couldn't find uptime from /proc/uptime, using os.uptime() value
2026-05-31T21:25:23: PM2 warn: [pidusage] We couldn't find uptime from /proc/uptime, using os.uptime() value
2026-05-31T21:25:53: PM2 warn: [pidusage] We couldn't find uptime from /proc/uptime, using os.uptime() value
2026-05-31T21:26:23: PM2 warn: [pidusage] We couldn't find uptime from /proc/uptime, using os.uptime() value
2026-05-31T21:26:53: PM2 warn: [pidusage] We couldn't find uptime from /proc/uptime, using os.uptime() value
2026-05-31T21:27:23: PM2 warn: [pidusage] We couldn't find uptime from /proc/uptime, using os.uptime() value
2026-05-31T21:27:53: PM2 warn: [pidusage] We couldn't find uptime from /proc/uptime, using os.uptime() value
2026-05-31T21:28:23: PM2 warn: [pidusage] We couldn't find uptime from /proc/uptime, using os.uptime() value
2026-05-31T21:28:53: PM2 warn: [pidusage] We couldn't find uptime from /proc/uptime, using os.uptime() value
2026-05-31T21:29:23: PM2 warn: [pidusage] We couldn't find uptime from /proc/uptime, using os.uptime() value
2026-05-31T21:29:53: PM2 warn: [pidusage] We couldn't find uptime from /proc/uptime, using os.uptime() value
2026-05-31T21:30:23: PM2 warn: [pidusage] We couldn't find uptime from /proc/uptime, using os.uptime() value
2026-05-31T21:30:53: PM2 warn: [pidusage] We couldn't find uptime from /proc/uptime, using os.uptime() value
2026-05-31T21:31:23: PM2 warn: [pidusage] We couldn't find uptime from /proc/uptime, using os.uptime() value
2026-05-31T21:31:53: PM2 warn: [pidusage] We couldn't find uptime from /proc/uptime, using os.uptime() value
2026-05-31T21:32:23: PM2 warn: [pidusage] We couldn't find uptime from /proc/uptime, using os.uptime() value
2026-05-31T21:32:53: PM2 warn: [pidusage] We couldn't find uptime from /proc/uptime, using os.uptime() value
2026-05-31T21:33:23: PM2 warn: [pidusage] We couldn't find uptime from /proc/uptime, using os.uptime() value
2026-05-31T21:33:53: PM2 warn: [pidusage] We couldn't find uptime from /proc/uptime, using os.uptime() value
2026-05-31T21:34:23: PM2 warn: [pidusage] We couldn't find uptime from /proc/uptime, using os.uptime() value
2026-05-31T21:34:53: PM2 warn: [pidusage] We couldn't find uptime from /proc/uptime, using os.uptime() value
2026-05-31T21:35:23: PM2 warn: [pidusage] We couldn't find uptime from /proc/uptime, using os.uptime() value
2026-05-31T21:35:53: PM2 warn: [pidusage] We couldn't find uptime from /proc/uptime, using os.uptime() value
2026-05-31T21:36:23: PM2 warn: [pidusage] We couldn't find uptime from /proc/uptime, using os.uptime() value
2026-05-31T21:36:53: PM2 warn: [pidusage] We couldn't find uptime from /proc/uptime, using os.uptime() value
2026-05-31T21:37:23: PM2 warn: [pidusage] We couldn't find uptime from /proc/uptime, using os.uptime() value
2026-05-31T21:37:53: PM2 warn: [pidusage] We couldn't find uptime from /proc/uptime, using os.uptime() value
2026-05-31T21:38:23: PM2 warn: [pidusage] We couldn't find uptime from /proc/uptime, using os.uptime() value
2026-05-31T21:38:53: PM2 warn: [pidusage] We couldn't find uptime from /proc/uptime, using os.uptime() value
2026-05-31T21:39:23: PM2 warn: [pidusage] We couldn't find uptime from /proc/uptime, using os.uptime() value
2026-05-31T21:39:53: PM2 warn: [pidusage] We couldn't find uptime from /proc/uptime, using os.uptime() value
2026-05-31T21:40:23: PM2 warn: [pidusage] We couldn't find uptime from /proc/uptime, using os.uptime() value
2026-05-31T21:40:53: PM2 warn: [pidusage] We couldn't find uptime from /proc/uptime, using os.uptime() value
2026-05-31T21:41:23: PM2 warn: [pidusage] We couldn't find uptime from /proc/uptime, using os.uptime() value
2026-05-31T21:41:53: PM2 warn: [pidusage] We couldn't find uptime from /proc/uptime, using os.uptime() value
2026-05-31T21:42:23: PM2 warn: [pidusage] We couldn't find uptime from /proc/uptime, using os.uptime() value
2026-05-31T21:42:53: PM2 warn: [pidusage] We couldn't find uptime from /proc/uptime, using os.uptime() value
2026-05-31T21:43:23: PM2 warn: [pidusage] We couldn't find uptime from /proc/uptime, using os.uptime() value
2026-05-31T21:43:53: PM2 warn: [pidusage] We couldn't find uptime from /proc/uptime, using os.uptime() value
2026-05-31T21:44:23: PM2 warn: [pidusage] We couldn't find uptime from /proc/uptime, using os.uptime() value
2026-05-31T21:44:53: PM2 warn: [pidusage] We couldn't find uptime from /proc/uptime, using os.uptime() value
2026-05-31T21:45:23: PM2 warn: [pidusage] We couldn't find uptime from /proc/uptime, using os.uptime() value
2026-05-31T21:45:53: PM2 warn: [pidusage] We couldn't find uptime from /proc/uptime, using os.uptime() value
2026-05-31T21:46:23: PM2 warn: [pidusage] We couldn't find uptime from /proc/uptime, using os.uptime() value
2026-05-31T21:46:53: PM2 warn: [pidusage] We couldn't find uptime from /proc/uptime, using os.uptime() value
2026-05-31T21:47:23: PM2 warn: [pidusage] We couldn't find uptime from /proc/uptime, using os.uptime() value
2026-05-31T21:47:53: PM2 warn: [pidusage] We couldn't find uptime from /proc/uptime, using os.uptime() value
2026-05-31T21:48:23: PM2 warn: [pidusage] We couldn't find uptime from /proc/uptime, using os.uptime() value
2026-05-31T21:48:53: PM2 warn: [pidusage] We couldn't find uptime from /proc/uptime, using os.uptime() value
2026-05-31T21:49:23: PM2 warn: [pidusage] We couldn't find uptime from /proc/uptime, using os.uptime() value
2026-05-31T21:49:53: PM2 warn: [pidusage] We couldn't find uptime from /proc/uptime, using os.uptime() value
2026-05-31T21:50:23: PM2 warn: [pidusage] We couldn't find uptime from /proc/uptime, using os.uptime() value
2026-05-31T21:50:53: PM2 warn: [pidusage] We couldn't find uptime from /proc/uptime, using os.uptime() value
2026-05-31T21:51:23: PM2 warn: [pidusage] We couldn't find uptime from /proc/uptime, using os.uptime() value
2026-05-31T21:51:53: PM2 warn: [pidusage] We couldn't find uptime from /proc/uptime, using os.uptime() value
2026-05-31T21:52:23: PM2 warn: [pidusage] We couldn't find uptime from /proc/uptime, using os.uptime() value
2026-05-31T21:52:53: PM2 warn: [pidusage] We couldn't find uptime from /proc/uptime, using os.uptime() value
2026-05-31T21:53:23: PM2 warn: [pidusage] We couldn't find uptime from /proc/uptime, using os.uptime() value
2026-05-31T21:53:53: PM2 warn: [pidusage] We couldn't find uptime from /proc/uptime, using os.uptime() value
2026-05-31T21:54:23: PM2 warn: [pidusage] We couldn't find uptime from /proc/uptime, using os.uptime() value
2026-05-31T21:54:53: PM2 warn: [pidusage] We couldn't find uptime from /proc/uptime, using os.uptime() value
2026-05-31T21:55:23: PM2 warn: [pidusage] We couldn't find uptime from /proc/uptime, using os.uptime() value
2026-05-31T21:55:53: PM2 warn: [pidusage] We couldn't find uptime from /proc/uptime, using os.uptime() value
2026-05-31T21:56:23: PM2 warn: [pidusage] We couldn't find uptime from /proc/uptime, using os.uptime() value
2026-05-31T21:56:53: PM2 warn: [pidusage] We couldn't find uptime from /proc/uptime, using os.uptime() value
2026-05-31T21:57:23: PM2 warn: [pidusage] We couldn't find uptime from /proc/uptime, using os.uptime() value
2026-05-31T21:57:53: PM2 warn: [pidusage] We couldn't find uptime from /proc/uptime, using os.uptime() value
2026-05-31T21:58:23: PM2 warn: [pidusage] We couldn't find uptime from /proc/uptime, using os.uptime() value
2026-05-31T21:58:53: PM2 warn: [pidusage] We couldn't find uptime from /proc/uptime, using os.uptime() value
2026-05-31T21:59:23: PM2 warn: [pidusage] We couldn't find uptime from /proc/uptime, using os.uptime() value
2026-05-31T21:59:53: PM2 warn: [pidusage] We couldn't find uptime from /proc/uptime, using os.uptime() value
2026-05-31T22:00:23: PM2 warn: [pidusage] We couldn't find uptime from /proc/uptime, using os.uptime() value
2026-05-31T22:00:53: PM2 warn: [pidusage] We couldn't find uptime from /proc/uptime, using os.uptime() value
2026-05-31T22:01:23: PM2 warn: [pidusage] We couldn't find uptime from /proc/uptime, using os.uptime() value
2026-05-31T22:01:53: PM2 warn: [pidusage] We couldn't find uptime from /proc/uptime, using os.uptime() value
2026-05-31T22:02:23: PM2 warn: [pidusage] We couldn't find uptime from /proc/uptime, using os.uptime() value
2026-05-31T22:02:53: PM2 warn: [pidusage] We couldn't find uptime from /proc/uptime, using os.uptime() value
2026-05-31T22:03:23: PM2 warn: [pidusage] We couldn't find uptime from /proc/uptime, using os.uptime() value
2026-05-31T22:03:53: PM2 warn: [pidusage] We couldn't find uptime from /proc/uptime, using os.uptime() value
2026-05-31T22:04:23: PM2 warn: [pidusage] We couldn't find uptime from /proc/uptime, using os.uptime() value
2026-05-31T22:04:53: PM2 warn: [pidusage] We couldn't find uptime from /proc/uptime, using os.uptime() value
2026-05-31T22:05:23: PM2 warn: [pidusage] We couldn't find uptime from /proc/uptime, using os.uptime() value
2026-05-31T22:05:53: PM2 warn: [pidusage] We couldn't find uptime from /proc/uptime, using os.uptime() value
2026-05-31T22:06:23: PM2 warn: [pidusage] We couldn't find uptime from /proc/uptime, using os.uptime() value
2026-05-31T22:06:53: PM2 warn: [pidusage] We couldn't find uptime from /proc/uptime, using os.uptime() value
2026-05-31T22:07:23: PM2 warn: [pidusage] We couldn't find uptime from /proc/uptime, using os.uptime() value
2026-05-31T22:07:53: PM2 warn: [pidusage] We couldn't find uptime from /proc/uptime, using os.uptime() value
2026-05-31T22:08:23: PM2 warn: [pidusage] We couldn't find uptime from /proc/uptime, using os.uptime() value
2026-05-31T22:08:53: PM2 warn: [pidusage] We couldn't find uptime from /proc/uptime, using os.uptime() value
2026-05-31T22:09:23: PM2 warn: [pidusage] We couldn't find uptime from /proc/uptime, using os.uptime() value
2026-05-31T22:09:53: PM2 warn: [pidusage] We couldn't find uptime from /proc/uptime, using os.uptime() value
2026-05-31T22:10:23: PM2 warn: [pidusage] We couldn't find uptime from /proc/uptime, using os.uptime() value
2026-05-31T22:10:53: PM2 warn: [pidusage] We couldn't find uptime from /proc/uptime, using os.uptime() value
2026-05-31T22:11:23: PM2 warn: [pidusage] We couldn't find uptime from /proc/uptime, using os.uptime() value
2026-05-31T22:11:53: PM2 warn: [pidusage] We couldn't find uptime from /proc/uptime, using os.uptime() value
2026-05-31T22:12:23: PM2 warn: [pidusage] We couldn't find uptime from /proc/uptime, using os.uptime() value
2026-05-31T22:12:53: PM2 warn: [pidusage] We couldn't find uptime from /proc/uptime, using os.uptime() value
2026-05-31T22:13:23: PM2 warn: [pidusage] We couldn't find uptime from /proc/uptime, using os.uptime() value
2026-05-31T22:13:53: PM2 warn: [pidusage] We couldn't find uptime from /proc/uptime, using os.uptime() value
2026-05-31T22:14:23: PM2 warn: [pidusage] We couldn't find uptime from /proc/uptime, using os.uptime() value
2026-05-31T22:14:53: PM2 warn: [pidusage] We couldn't find uptime from /proc/uptime, using os.uptime() value
2026-05-31T22:15:23: PM2 warn: [pidusage] We couldn't find uptime from /proc/uptime, using os.uptime() value
2026-05-31T22:15:53: PM2 warn: [pidusage] We couldn't find uptime from /proc/uptime, using os.uptime() value
2026-05-31T22:16:23: PM2 warn: [pidusage] We couldn't find uptime from /proc/uptime, using os.uptime() value
2026-05-31T22:16:53: PM2 warn: [pidusage] We couldn't find uptime from /proc/uptime, using os.uptime() value
2026-05-31T22:17:23: PM2 warn: [pidusage] We couldn't find uptime from /proc/uptime, using os.uptime() value
2026-05-31T22:17:53: PM2 warn: [pidusage] We couldn't find uptime from /proc/uptime, using os.uptime() value
2026-05-31T22:18:23: PM2 warn: [pidusage] We couldn't find uptime from /proc/uptime, using os.uptime() value
2026-05-31T22:18:53: PM2 warn: [pidusage] We couldn't find uptime from /proc/uptime, using os.uptime() value
2026-05-31T22:19:23: PM2 warn: [pidusage] We couldn't find uptime from /proc/uptime, using os.uptime() value
2026-05-31T22:19:53: PM2 warn: [pidusage] We couldn't find uptime from /proc/uptime, using os.uptime() value
2026-05-31T22:20:23: PM2 warn: [pidusage] We couldn't find uptime from /proc/uptime, using os.uptime() value
2026-05-31T22:20:53: PM2 warn: [pidusage] We couldn't find uptime from /proc/uptime, using os.uptime() value
2026-05-31T22:21:23: PM2 warn: [pidusage] We couldn't find uptime from /proc/uptime, using os.uptime() value
2026-05-31T22:21:53: PM2 warn: [pidusage] We couldn't find uptime from /proc/uptime, using os.uptime() value
2026-05-31T22:22:23: PM2 warn: [pidusage] We couldn't find uptime from /proc/uptime, using os.uptime() value
2026-05-31T22:22:53: PM2 warn: [pidusage] We couldn't find uptime from /proc/uptime, using os.uptime() value
2026-05-31T22:23:23: PM2 warn: [pidusage] We couldn't find uptime from /proc/uptime, using os.uptime() value
2026-05-31T22:23:53: PM2 warn: [pidusage] We couldn't find uptime from /proc/uptime, using os.uptime() value
2026-05-31T22:24:23: PM2 warn: [pidusage] We couldn't find uptime from /proc/uptime, using os.uptime() value
2026-05-31T22:24:53: PM2 warn: [pidusage] We couldn't find uptime from /proc/uptime, using os.uptime() value
2026-05-31T22:25:23: PM2 warn: [pidusage] We couldn't find uptime from /proc/uptime, using os.uptime() value
2026-05-31T22:25:53: PM2 warn: [pidusage] We couldn't find uptime from /proc/uptime, using os.uptime() value
2026-05-31T22:26:23: PM2 warn: [pidusage] We couldn't find uptime from /proc/uptime, using os.uptime() value
2026-05-31T22:26:53: PM2 warn: [pidusage] We couldn't find uptime from /proc/uptime, using os.uptime() value
2026-05-31T22:27:23: PM2 warn: [pidusage] We couldn't find uptime from /proc/uptime, using os.uptime() value
2026-05-31T22:27:53: PM2 warn: [pidusage] We couldn't find uptime from /proc/uptime, using os.uptime() value
2026-05-31T22:28:23: PM2 warn: [pidusage] We couldn't find uptime from /proc/uptime, using os.uptime() value
2026-05-31T22:28:53: PM2 warn: [pidusage] We couldn't find uptime from /proc/uptime, using os.uptime() value
2026-05-31T22:29:23: PM2 warn: [pidusage] We couldn't find uptime from /proc/uptime, using os.uptime() value
2026-05-31T22:29:53: PM2 warn: [pidusage] We couldn't find uptime from /proc/uptime, using os.uptime() value
2026-05-31T22:30:23: PM2 warn: [pidusage] We couldn't find uptime from /proc/uptime, using os.uptime() value
2026-05-31T22:30:53: PM2 warn: [pidusage] We couldn't find uptime from /proc/uptime, using os.uptime() value
2026-05-31T22:31:23: PM2 warn: [pidusage] We couldn't find uptime from /proc/uptime, using os.uptime() value
2026-05-31T22:31:53: PM2 warn: [pidusage] We couldn't find uptime from /proc/uptime, using os.uptime() value
2026-05-31T22:32:23: PM2 warn: [pidusage] We couldn't find uptime from /proc/uptime, using os.uptime() value
2026-05-31T22:32:53: PM2 warn: [pidusage] We couldn't find uptime from /proc/uptime, using os.uptime() value
2026-05-31T22:33:23: PM2 warn: [pidusage] We couldn't find uptime from /proc/uptime, using os.uptime() value
2026-05-31T22:33:53: PM2 warn: [pidusage] We couldn't find uptime from /proc/uptime, using os.uptime() value
2026-05-31T22:34:23: PM2 warn: [pidusage] We couldn't find uptime from /proc/uptime, using os.uptime() value
2026-05-31T22:34:53: PM2 warn: [pidusage] We couldn't find uptime from /proc/uptime, using os.uptime() value
2026-05-31T22:35:23: PM2 warn: [pidusage] We couldn't find uptime from /proc/uptime, using os.uptime() value
2026-05-31T22:35:53: PM2 warn: [pidusage] We couldn't find uptime from /proc/uptime, using os.uptime() value
2026-05-31T22:36:23: PM2 warn: [pidusage] We couldn't find uptime from /proc/uptime, using os.uptime() value
2026-05-31T22:36:53: PM2 warn: [pidusage] We couldn't find uptime from /proc/uptime, using os.uptime() value
2026-05-31T22:37:23: PM2 warn: [pidusage] We couldn't find uptime from /proc/uptime, using os.uptime() value
2026-05-31T22:37:53: PM2 warn: [pidusage] We couldn't find uptime from /proc/uptime, using os.uptime() value
2026-05-31T22:38:23: PM2 warn: [pidusage] We couldn't find uptime from /proc/uptime, using os.uptime() value
2026-05-31T22:38:53: PM2 warn: [pidusage] We couldn't find uptime from /proc/uptime, using os.uptime() value
2026-05-31T22:39:23: PM2 warn: [pidusage] We couldn't find uptime from /proc/uptime, using os.uptime() value
2026-05-31T22:39:53: PM2 warn: [pidusage] We couldn't find uptime from /proc/uptime, using os.uptime() value
2026-05-31T22:40:23: PM2 warn: [pidusage] We couldn't find uptime from /proc/uptime, using os.uptime() value
2026-05-31T22:40:53: PM2 warn: [pidusage] We couldn't find uptime from /proc/uptime, using os.uptime() value
2026-05-31T22:41:23: PM2 warn: [pidusage] We couldn't find uptime from /proc/uptime, using os.uptime() value
2026-05-31T22:41:53: PM2 warn: [pidusage] We couldn't find uptime from /proc/uptime, using os.uptime() value
2026-05-31T22:42:23: PM2 warn: [pidusage] We couldn't find uptime from /proc/uptime, using os.uptime() value
2026-05-31T22:42:53: PM2 warn: [pidusage] We couldn't find uptime from /proc/uptime, using os.uptime() value
2026-05-31T22:43:23: PM2 warn: [pidusage] We couldn't find uptime from /proc/uptime, using os.uptime() value
2026-05-31T22:43:53: PM2 warn: [pidusage] We couldn't find uptime from /proc/uptime, using os.uptime() value
2026-05-31T22:44:23: PM2 warn: [pidusage] We couldn't find uptime from /proc/uptime, using os.uptime() value
2026-05-31T22:44:53: PM2 warn: [pidusage] We couldn't find uptime from /proc/uptime, using os.uptime() value
2026-05-31T22:45:23: PM2 warn: [pidusage] We couldn't find uptime from /proc/uptime, using os.uptime() value
2026-05-31T22:45:53: PM2 warn: [pidusage] We couldn't find uptime from /proc/uptime, using os.uptime() value
2026-05-31T22:46:23: PM2 warn: [pidusage] We couldn't find uptime from /proc/uptime, using os.uptime() value
2026-05-31T22:46:53: PM2 warn: [pidusage] We couldn't find uptime from /proc/uptime, using os.uptime() value
2026-05-31T22:47:23: PM2 warn: [pidusage] We couldn't find uptime from /proc/uptime, using os.uptime() value
2026-05-31T22:47:53: PM2 warn: [pidusage] We couldn't find uptime from /proc/uptime, using os.uptime() value
2026-05-31T22:48:23: PM2 warn: [pidusage] We couldn't find uptime from /proc/uptime, using os.uptime() value
2026-05-31T22:48:53: PM2 warn: [pidusage] We couldn't find uptime from /proc/uptime, using os.uptime() value
2026-05-31T22:49:23: PM2 warn: [pidusage] We couldn't find uptime from /proc/uptime, using os.uptime() value
2026-05-31T22:49:53: PM2 warn: [pidusage] We couldn't find uptime from /proc/uptime, using os.uptime() value
2026-05-31T22:50:23: PM2 warn: [pidusage] We couldn't find uptime from /proc/uptime, using os.uptime() value
2026-05-31T22:50:53: PM2 warn: [pidusage] We couldn't find uptime from /proc/uptime, using os.uptime() value
2026-05-31T22:51:23: PM2 warn: [pidusage] We couldn't find uptime from /proc/uptime, using os.uptime() value
2026-05-31T22:51:53: PM2 warn: [pidusage] We couldn't find uptime from /proc/uptime, using os.uptime() value
2026-05-31T22:52:23: PM2 warn: [pidusage] We couldn't find uptime from /proc/uptime, using os.uptime() value
2026-05-31T22:52:53: PM2 warn: [pidusage] We couldn't find uptime from /proc/uptime, using os.uptime() value
2026-05-31T22:53:23: PM2 warn: [pidusage] We couldn't find uptime from /proc/uptime, using os.uptime() value
2026-05-31T22:53:53: PM2 warn: [pidusage] We couldn't find uptime from /proc/uptime, using os.uptime() value
2026-05-31T22:54:23: PM2 warn: [pidusage] We couldn't find uptime from /proc/uptime, using os.uptime() value
2026-05-31T22:54:53: PM2 warn: [pidusage] We couldn't find uptime from /proc/uptime, using os.uptime() value
2026-05-31T22:55:23: PM2 warn: [pidusage] We couldn't find uptime from /proc/uptime, using os.uptime() value
2026-05-31T22:55:53: PM2 warn: [pidusage] We couldn't find uptime from /proc/uptime, using os.uptime() value
2026-05-31T22:56:23: PM2 warn: [pidusage] We couldn't find uptime from /proc/uptime, using os.uptime() value
2026-05-31T22:56:53: PM2 warn: [pidusage] We couldn't find uptime from /proc/uptime, using os.uptime() value
2026-05-31T22:57:23: PM2 warn: [pidusage] We couldn't find uptime from /proc/uptime, using os.uptime() value
2026-05-31T22:57:53: PM2 warn: [pidusage] We couldn't find uptime from /proc/uptime, using os.uptime() value
2026-05-31T22:58:23: PM2 warn: [pidusage] We couldn't find uptime from /proc/uptime, using os.uptime() value
2026-05-31T22:58:53: PM2 warn: [pidusage] We couldn't find uptime from /proc/uptime, using os.uptime() value
2026-05-31T22:59:23: PM2 warn: [pidusage] We couldn't find uptime from /proc/uptime, using os.uptime() value
2026-05-31T22:59:53: PM2 warn: [pidusage] We couldn't find uptime from /proc/uptime, using os.uptime() value
2026-05-31T23:00:23: PM2 warn: [pidusage] We couldn't find uptime from /proc/uptime, using os.uptime() value
2026-05-31T23:00:53: PM2 warn: [pidusage] We couldn't find uptime from /proc/uptime, using os.uptime() value
2026-05-31T23:01:23: PM2 warn: [pidusage] We couldn't find uptime from /proc/uptime, using os.uptime() value
2026-05-31T23:01:53: PM2 warn: [pidusage] We couldn't find uptime from /proc/uptime, using os.uptime() value
2026-05-31T23:02:23: PM2 warn: [pidusage] We couldn't find uptime from /proc/uptime, using os.uptime() value
2026-05-31T23:02:53: PM2 warn: [pidusage] We couldn't find uptime from /proc/uptime, using os.uptime() value
2026-05-31T23:03:23: PM2 warn: [pidusage] We couldn't find uptime from /proc/uptime, using os.uptime() value
2026-05-31T23:03:53: PM2 warn: [pidusage] We couldn't find uptime from /proc/uptime, using os.uptime() value
2026-05-31T23:04:23: PM2 warn: [pidusage] We couldn't find uptime from /proc/uptime, using os.uptime() value
2026-05-31T23:04:53: PM2 warn: [pidusage] We couldn't find uptime from /proc/uptime, using os.uptime() value
2026-05-31T23:05:23: PM2 warn: [pidusage] We couldn't find uptime from /proc/uptime, using os.uptime() value
2026-05-31T23:05:53: PM2 warn: [pidusage] We couldn't find uptime from /proc/uptime, using os.uptime() value
2026-05-31T23:06:23: PM2 warn: [pidusage] We couldn't find uptime from /proc/uptime, using os.uptime() value
2026-05-31T23:06:53: PM2 warn: [pidusage] We couldn't find uptime from /proc/uptime, using os.uptime() value
2026-05-31T23:07:23: PM2 warn: [pidusage] We couldn't find uptime from /proc/uptime, using os.uptime() value
2026-05-31T23:07:53: PM2 warn: [pidusage] We couldn't find uptime from /proc/uptime, using os.uptime() value
2026-05-31T23:08:23: PM2 warn: [pidusage] We couldn't find uptime from /proc/uptime, using os.uptime() value
2026-05-31T23:08:53: PM2 warn: [pidusage] We couldn't find uptime from /proc/uptime, using os.uptime() value
2026-05-31T23:09:23: PM2 warn: [pidusage] We couldn't find uptime from /proc/uptime, using os.uptime() value
2026-05-31T23:09:53: PM2 warn: [pidusage] We couldn't find uptime from /proc/uptime, using os.uptime() value
2026-05-31T23:10:23: PM2 warn: [pidusage] We couldn't find uptime from /proc/uptime, using os.uptime() value
2026-05-31T23:10:53: PM2 warn: [pidusage] We couldn't find uptime from /proc/uptime, using os.uptime() value
2026-05-31T23:11:23: PM2 warn: [pidusage] We couldn't find uptime from /proc/uptime, using os.uptime() value
2026-05-31T23:11:53: PM2 warn: [pidusage] We couldn't find uptime from /proc/uptime, using os.uptime() value
2026-05-31T23:12:23: PM2 warn: [pidusage] We couldn't find uptime from /proc/uptime, using os.uptime() value
2026-05-31T23:12:53: PM2 warn: [pidusage] We couldn't find uptime from /proc/uptime, using os.uptime() value
2026-05-31T23:13:23: PM2 warn: [pidusage] We couldn't find uptime from /proc/uptime, using os.uptime() value
2026-05-31T23:13:53: PM2 warn: [pidusage] We couldn't find uptime from /proc/uptime, using os.uptime() value
2026-05-31T23:14:23: PM2 warn: [pidusage] We couldn't find uptime from /proc/uptime, using os.uptime() value
2026-05-31T23:14:53: PM2 warn: [pidusage] We couldn't find uptime from /proc/uptime, using os.uptime() value
2026-05-31T23:15:23: PM2 warn: [pidusage] We couldn't find uptime from /proc/uptime, using os.uptime() value
2026-05-31T23:15:53: PM2 warn: [pidusage] We couldn't find uptime from /proc/uptime, using os.uptime() value
2026-05-31T23:16:23: PM2 warn: [pidusage] We couldn't find uptime from /proc/uptime, using os.uptime() value
2026-05-31T23:16:53: PM2 warn: [pidusage] We couldn't find uptime from /proc/uptime, using os.uptime() value
2026-05-31T23:17:23: PM2 warn: [pidusage] We couldn't find uptime from /proc/uptime, using os.uptime() value
2026-05-31T23:17:53: PM2 warn: [pidusage] We couldn't find uptime from /proc/uptime, using os.uptime() value
2026-05-31T23:18:23: PM2 warn: [pidusage] We couldn't find uptime from /proc/uptime, using os.uptime() value
2026-05-31T23:18:53: PM2 warn: [pidusage] We couldn't find uptime from /proc/uptime, using os.uptime() value
2026-05-31T23:19:23: PM2 warn: [pidusage] We couldn't find uptime from /proc/uptime, using os.uptime() value
2026-05-31T23:19:53: PM2 warn: [pidusage] We couldn't find uptime from /proc/uptime, using os.uptime() value
2026-05-31T23:20:23: PM2 warn: [pidusage] We couldn't find uptime from /proc/uptime, using os.uptime() value
2026-05-31T23:20:53: PM2 warn: [pidusage] We couldn't find uptime from /proc/uptime, using os.uptime() value
2026-05-31T23:21:23: PM2 warn: [pidusage] We couldn't find uptime from /proc/uptime, using os.uptime() value
2026-05-31T23:21:53: PM2 warn: [pidusage] We couldn't find uptime from /proc/uptime, using os.uptime() value
2026-05-31T23:22:23: PM2 warn: [pidusage] We couldn't find uptime from /proc/uptime, using os.uptime() value
2026-05-31T23:22:53: PM2 warn: [pidusage] We couldn't find uptime from /proc/uptime, using os.uptime() value
2026-05-31T23:23:23: PM2 warn: [pidusage] We couldn't find uptime from /proc/uptime, using os.uptime() value
2026-05-31T23:23:53: PM2 warn: [pidusage] We couldn't find uptime from /proc/uptime, using os.uptime() value
2026-05-31T23:24:23: PM2 warn: [pidusage] We couldn't find uptime from /proc/uptime, using os.uptime() value
2026-05-31T23:24:53: PM2 warn: [pidusage] We couldn't find uptime from /proc/uptime, using os.uptime() value
2026-05-31T23:25:23: PM2 warn: [pidusage] We couldn't find uptime from /proc/uptime, using os.uptime() value
2026-05-31T23:25:53: PM2 warn: [pidusage] We couldn't find uptime from /proc/uptime, using os.uptime() value
2026-05-31T23:26:23: PM2 warn: [pidusage] We couldn't find uptime from /proc/uptime, using os.uptime() value
2026-05-31T23:26:53: PM2 warn: [pidusage] We couldn't find uptime from /proc/uptime, using os.uptime() value
2026-05-31T23:27:23: PM2 warn: [pidusage] We couldn't find uptime from /proc/uptime, using os.uptime() value
2026-05-31T23:27:53: PM2 warn: [pidusage] We couldn't find uptime from /proc/uptime, using os.uptime() value
2026-05-31T23:28:23: PM2 warn: [pidusage] We couldn't find uptime from /proc/uptime, using os.uptime() value
2026-05-31T23:28:53: PM2 warn: [pidusage] We couldn't find uptime from /proc/uptime, using os.uptime() value
2026-05-31T23:29:23: PM2 warn: [pidusage] We couldn't find uptime from /proc/uptime, using os.uptime() value
2026-05-31T23:29:53: PM2 warn: [pidusage] We couldn't find uptime from /proc/uptime, using os.uptime() value
2026-05-31T23:30:23: PM2 warn: [pidusage] We couldn't find uptime from /proc/uptime, using os.uptime() value
2026-05-31T23:30:53: PM2 warn: [pidusage] We couldn't find uptime from /proc/uptime, using os.uptime() value
2026-05-31T23:31:23: PM2 warn: [pidusage] We couldn't find uptime from /proc/uptime, using os.uptime() value
2026-05-31T23:31:53: PM2 warn: [pidusage] We couldn't find uptime from /proc/uptime, using os.uptime() value
2026-05-31T23:32:23: PM2 warn: [pidusage] We couldn't find uptime from /proc/uptime, using os.uptime() value
2026-05-31T23:32:53: PM2 warn: [pidusage] We couldn't find uptime from /proc/uptime, using os.uptime() value
2026-05-31T23:33:23: PM2 warn: [pidusage] We couldn't find uptime from /proc/uptime, using os.uptime() value
2026-05-31T23:33:53: PM2 warn: [pidusage] We couldn't find uptime from /proc/uptime, using os.uptime() value
2026-05-31T23:34:23: PM2 warn: [pidusage] We couldn't find uptime from /proc/uptime, using os.uptime() value
2026-05-31T23:34:53: PM2 warn: [pidusage] We couldn't find uptime from /proc/uptime, using os.uptime() value
2026-05-31T23:35:23: PM2 warn: [pidusage] We couldn't find uptime from /proc/uptime, using os.uptime() value
2026-05-31T23:35:53: PM2 warn: [pidusage] We couldn't find uptime from /proc/uptime, using os.uptime() value
2026-05-31T23:36:23: PM2 warn: [pidusage] We couldn't find uptime from /proc/uptime, using os.uptime() value
2026-05-31T23:36:53: PM2 warn: [pidusage] We couldn't find uptime from /proc/uptime, using os.uptime() value
2026-05-31T23:37:23: PM2 warn: [pidusage] We couldn't find uptime from /proc/uptime, using os.uptime() value
2026-05-31T23:37:53: PM2 warn: [pidusage] We couldn't find uptime from /proc/uptime, using os.uptime() value
2026-05-31T23:38:23: PM2 warn: [pidusage] We couldn't find uptime from /proc/uptime, using os.uptime() value
2026-05-31T23:38:53: PM2 warn: [pidusage] We couldn't find uptime from /proc/uptime, using os.uptime() value
2026-05-31T23:39:23: PM2 warn: [pidusage] We couldn't find uptime from /proc/uptime, using os.uptime() value
2026-05-31T23:39:53: PM2 warn: [pidusage] We couldn't find uptime from /proc/uptime, using os.uptime() value
2026-05-31T23:40:23: PM2 warn: [pidusage] We couldn't find uptime from /proc/uptime, using os.uptime() value
2026-05-31T23:40:53: PM2 warn: [pidusage] We couldn't find uptime from /proc/uptime, using os.uptime() value
2026-05-31T23:41:23: PM2 warn: [pidusage] We couldn't find uptime from /proc/uptime, using os.uptime() value
2026-05-31T23:41:53: PM2 warn: [pidusage] We couldn't find uptime from /proc/uptime, using os.uptime() value
2026-05-31T23:42:23: PM2 warn: [pidusage] We couldn't find uptime from /proc/uptime, using os.uptime() value
2026-05-31T23:42:53: PM2 warn: [pidusage] We couldn't find uptime from /proc/uptime, using os.uptime() value
2026-05-31T23:43:23: PM2 warn: [pidusage] We couldn't find uptime from /proc/uptime, using os.uptime() value
2026-05-31T23:43:53: PM2 warn: [pidusage] We couldn't find uptime from /proc/uptime, using os.uptime() value
2026-05-31T23:44:23: PM2 warn: [pidusage] We couldn't find uptime from /proc/uptime, using os.uptime() value
2026-05-31T23:44:53: PM2 warn: [pidusage] We couldn't find uptime from /proc/uptime, using os.uptime() value
2026-05-31T23:45:23: PM2 warn: [pidusage] We couldn't find uptime from /proc/uptime, using os.uptime() value
2026-05-31T23:45:53: PM2 warn: [pidusage] We couldn't find uptime from /proc/uptime, using os.uptime() value
2026-05-31T23:46:23: PM2 warn: [pidusage] We couldn't find uptime from /proc/uptime, using os.uptime() value
2026-05-31T23:46:53: PM2 warn: [pidusage] We couldn't find uptime from /proc/uptime, using os.uptime() value
2026-05-31T23:47:23: PM2 warn: [pidusage] We couldn't find uptime from /proc/uptime, using os.uptime() value
2026-05-31T23:47:53: PM2 warn: [pidusage] We couldn't find uptime from /proc/uptime, using os.uptime() value
2026-05-31T23:48:23: PM2 warn: [pidusage] We couldn't find uptime from /proc/uptime, using os.uptime() value
2026-05-31T23:48:53: PM2 warn: [pidusage] We couldn't find uptime from /proc/uptime, using os.uptime() value
2026-05-31T23:49:23: PM2 warn: [pidusage] We couldn't find uptime from /proc/uptime, using os.uptime() value
2026-05-31T23:49:53: PM2 warn: [pidusage] We couldn't find uptime from /proc/uptime, using os.uptime() value
2026-05-31T23:50:23: PM2 warn: [pidusage] We couldn't find uptime from /proc/uptime, using os.uptime() value
2026-05-31T23:50:53: PM2 warn: [pidusage] We couldn't find uptime from /proc/uptime, using os.uptime() value
2026-05-31T23:51:23: PM2 warn: [pidusage] We couldn't find uptime from /proc/uptime, using os.uptime() value
2026-05-31T23:51:53: PM2 warn: [pidusage] We couldn't find uptime from /proc/uptime, using os.uptime() value
2026-05-31T23:52:23: PM2 warn: [pidusage] We couldn't find uptime from /proc/uptime, using os.uptime() value
2026-05-31T23:52:53: PM2 warn: [pidusage] We couldn't find uptime from /proc/uptime, using os.uptime() value
2026-05-31T23:53:23: PM2 warn: [pidusage] We couldn't find uptime from /proc/uptime, using os.uptime() value
2026-05-31T23:53:53: PM2 warn: [pidusage] We couldn't find uptime from /proc/uptime, using os.uptime() value
2026-05-31T23:54:23: PM2 warn: [pidusage] We couldn't find uptime from /proc/uptime, using os.uptime() value
2026-05-31T23:54:53: PM2 warn: [pidusage] We couldn't find uptime from /proc/uptime, using os.uptime() value
2026-05-31T23:55:23: PM2 warn: [pidusage] We couldn't find uptime from /proc/uptime, using os.uptime() value
2026-05-31T23:55:53: PM2 warn: [pidusage] We couldn't find uptime from /proc/uptime, using os.uptime() value
2026-05-31T23:56:23: PM2 warn: [pidusage] We couldn't find uptime from /proc/uptime, using os.uptime() value
2026-05-31T23:56:53: PM2 warn: [pidusage] We couldn't find uptime from /proc/uptime, using os.uptime() value
2026-05-31T23:57:23: PM2 warn: [pidusage] We couldn't find uptime from /proc/uptime, using os.uptime() value
2026-05-31T23:57:53: PM2 warn: [pidusage] We couldn't find uptime from /proc/uptime, using os.uptime() value
2026-05-31T23:58:23: PM2 warn: [pidusage] We couldn't find uptime from /proc/uptime, using os.uptime() value
2026-05-31T23:58:53: PM2 warn: [pidusage] We couldn't find uptime from /proc/uptime, using os.uptime() value
2026-05-31T23:59:23: PM2 warn: [pidusage] We couldn't find uptime from /proc/uptime, using os.uptime() value
2026-05-31T23:59:53: PM2 warn: [pidusage] We couldn't find uptime from /proc/uptime, using os.uptime() value
2026-06-01T00:00:23: PM2 warn: [pidusage] We couldn't find uptime from /proc/uptime, using os.uptime() value
2026-06-01T00:00:53: PM2 warn: [pidusage] We couldn't find uptime from /proc/uptime, using os.uptime() value
2026-06-01T00:01:23: PM2 warn: [pidusage] We couldn't find uptime from /proc/uptime, using os.uptime() value
2026-06-01T00:01:53: PM2 warn: [pidusage] We couldn't find uptime from /proc/uptime, using os.uptime() value
2026-06-01T00:02:23: PM2 warn: [pidusage] We couldn't find uptime from /proc/uptime, using os.uptime() value
2026-06-01T00:02:53: PM2 warn: [pidusage] We couldn't find uptime from /proc/uptime, using os.uptime() value
2026-06-01T00:03:23: PM2 warn: [pidusage] We couldn't find uptime from /proc/uptime, using os.uptime() value
2026-06-01T00:03:53: PM2 warn: [pidusage] We couldn't find uptime from /proc/uptime, using os.uptime() value
2026-06-01T00:04:23: PM2 warn: [pidusage] We couldn't find uptime from /proc/uptime, using os.uptime() value
2026-06-01T00:04:53: PM2 warn: [pidusage] We couldn't find uptime from /proc/uptime, using os.uptime() value
2026-06-01T00:05:23: PM2 warn: [pidusage] We couldn't find uptime from /proc/uptime, using os.uptime() value
2026-06-01T00:05:53: PM2 warn: [pidusage] We couldn't find uptime from /proc/uptime, using os.uptime() value
2026-06-01T00:06:23: PM2 warn: [pidusage] We couldn't find uptime from /proc/uptime, using os.uptime() value
2026-06-01T00:06:53: PM2 warn: [pidusage] We couldn't find uptime from /proc/uptime, using os.uptime() value
2026-06-01T00:07:23: PM2 warn: [pidusage] We couldn't find uptime from /proc/uptime, using os.uptime() value
2026-06-01T00:07:53: PM2 warn: [pidusage] We couldn't find uptime from /proc/uptime, using os.uptime() value
2026-06-01T00:08:23: PM2 warn: [pidusage] We couldn't find uptime from /proc/uptime, using os.uptime() value
2026-06-01T00:08:53: PM2 warn: [pidusage] We couldn't find uptime from /proc/uptime, using os.uptime() value
2026-06-01T00:09:23: PM2 warn: [pidusage] We couldn't find uptime from /proc/uptime, using os.uptime() value
2026-06-01T00:09:53: PM2 warn: [pidusage] We couldn't find uptime from /proc/uptime, using os.uptime() value
2026-06-01T00:10:23: PM2 warn: [pidusage] We couldn't find uptime from /proc/uptime, using os.uptime() value
2026-06-01T00:10:53: PM2 warn: [pidusage] We couldn't find uptime from /proc/uptime, using os.uptime() value
2026-06-01T00:11:23: PM2 warn: [pidusage] We couldn't find uptime from /proc/uptime, using os.uptime() value
2026-06-01T00:11:53: PM2 warn: [pidusage] We couldn't find uptime from /proc/uptime, using os.uptime() value
2026-06-01T00:12:23: PM2 warn: [pidusage] We couldn't find uptime from /proc/uptime, using os.uptime() value
2026-06-01T00:12:53: PM2 warn: [pidusage] We couldn't find uptime from /proc/uptime, using os.uptime() value
2026-06-01T00:13:23: PM2 warn: [pidusage] We couldn't find uptime from /proc/uptime, using os.uptime() value
2026-06-01T00:13:53: PM2 warn: [pidusage] We couldn't find uptime from /proc/uptime, using os.uptime() value
2026-06-01T00:14:23: PM2 warn: [pidusage] We couldn't find uptime from /proc/uptime, using os.uptime() value
2026-06-01T00:14:53: PM2 warn: [pidusage] We couldn't find uptime from /proc/uptime, using os.uptime() value
2026-06-01T00:15:23: PM2 warn: [pidusage] We couldn't find uptime from /proc/uptime, using os.uptime() value
2026-06-01T00:15:53: PM2 warn: [pidusage] We couldn't find uptime from /proc/uptime, using os.uptime() value
2026-06-01T00:16:23: PM2 warn: [pidusage] We couldn't find uptime from /proc/uptime, using os.uptime() value
2026-06-01T00:16:53: PM2 warn: [pidusage] We couldn't find uptime from /proc/uptime, using os.uptime() value
2026-06-01T00:17:23: PM2 warn: [pidusage] We couldn't find uptime from /proc/uptime, using os.uptime() value
2026-06-01T00:17:53: PM2 warn: [pidusage] We couldn't find uptime from /proc/uptime, using os.uptime() value
2026-06-01T00:18:23: PM2 warn: [pidusage] We couldn't find uptime from /proc/uptime, using os.uptime() value
2026-06-01T00:18:53: PM2 warn: [pidusage] We couldn't find uptime from /proc/uptime, using os.uptime() value
2026-06-01T00:19:23: PM2 warn: [pidusage] We couldn't find uptime from /proc/uptime, using os.uptime() value
2026-06-01T00:19:53: PM2 warn: [pidusage] We couldn't find uptime from /proc/uptime, using os.uptime() value
2026-06-01T00:20:23: PM2 warn: [pidusage] We couldn't find uptime from /proc/uptime, using os.uptime() value
2026-06-01T00:20:53: PM2 warn: [pidusage] We couldn't find uptime from /proc/uptime, using os.uptime() value
2026-06-01T00:21:23: PM2 warn: [pidusage] We couldn't find uptime from /proc/uptime, using os.uptime() value
2026-06-01T00:21:53: PM2 warn: [pidusage] We couldn't find uptime from /proc/uptime, using os.uptime() value
2026-06-01T00:22:23: PM2 warn: [pidusage] We couldn't find uptime from /proc/uptime, using os.uptime() value
2026-06-01T00:22:53: PM2 warn: [pidusage] We couldn't find uptime from /proc/uptime, using os.uptime() value
2026-06-01T00:23:23: PM2 warn: [pidusage] We couldn't find uptime from /proc/uptime, using os.uptime() value
2026-06-01T00:23:53: PM2 warn: [pidusage] We couldn't find uptime from /proc/uptime, using os.uptime() value
2026-06-01T00:24:23: PM2 warn: [pidusage] We couldn't find uptime from /proc/uptime, using os.uptime() value
2026-06-01T00:24:53: PM2 warn: [pidusage] We couldn't find uptime from /proc/uptime, using os.uptime() value
2026-06-01T00:25:23: PM2 warn: [pidusage] We couldn't find uptime from /proc/uptime, using os.uptime() value
2026-06-01T00:25:53: PM2 warn: [pidusage] We couldn't find uptime from /proc/uptime, using os.uptime() value
2026-06-01T00:26:23: PM2 warn: [pidusage] We couldn't find uptime from /proc/uptime, using os.uptime() value
2026-06-01T00:26:54: PM2 warn: [pidusage] We couldn't find uptime from /proc/uptime, using os.uptime() value
2026-06-01T00:27:23: PM2 warn: [pidusage] We couldn't find uptime from /proc/uptime, using os.uptime() value
2026-06-01T00:27:53: PM2 warn: [pidusage] We couldn't find uptime from /proc/uptime, using os.uptime() value
2026-06-01T00:28:23: PM2 warn: [pidusage] We couldn't find uptime from /proc/uptime, using os.uptime() value
2026-06-01T00:28:53: PM2 warn: [pidusage] We couldn't find uptime from /proc/uptime, using os.uptime() value
2026-06-01T00:29:23: PM2 warn: [pidusage] We couldn't find uptime from /proc/uptime, using os.uptime() value
2026-06-01T00:29:53: PM2 warn: [pidusage] We couldn't find uptime from /proc/uptime, using os.uptime() value
2026-06-01T00:30:23: PM2 warn: [pidusage] We couldn't find uptime from /proc/uptime, using os.uptime() value
2026-06-01T00:30:53: PM2 warn: [pidusage] We couldn't find uptime from /proc/uptime, using os.uptime() value
2026-06-01T00:31:23: PM2 warn: [pidusage] We couldn't find uptime from /proc/uptime, using os.uptime() value
2026-06-01T00:31:53: PM2 warn: [pidusage] We couldn't find uptime from /proc/uptime, using os.uptime() value
2026-06-01T00:32:23: PM2 warn: [pidusage] We couldn't find uptime from /proc/uptime, using os.uptime() value
2026-06-01T00:32:53: PM2 warn: [pidusage] We couldn't find uptime from /proc/uptime, using os.uptime() value
2026-06-01T00:33:23: PM2 warn: [pidusage] We couldn't find uptime from /proc/uptime, using os.uptime() value
2026-06-01T00:33:53: PM2 warn: [pidusage] We couldn't find uptime from /proc/uptime, using os.uptime() value
2026-06-01T00:34:23: PM2 warn: [pidusage] We couldn't find uptime from /proc/uptime, using os.uptime() value
2026-06-01T00:34:53: PM2 warn: [pidusage] We couldn't find uptime from /proc/uptime, using os.uptime() value
2026-06-01T00:35:23: PM2 warn: [pidusage] We couldn't find uptime from /proc/uptime, using os.uptime() value
2026-06-01T00:35:53: PM2 warn: [pidusage] We couldn't find uptime from /proc/uptime, using os.uptime() value
2026-06-01T00:36:23: PM2 warn: [pidusage] We couldn't find uptime from /proc/uptime, using os.uptime() value
2026-06-01T00:36:53: PM2 warn: [pidusage] We couldn't find uptime from /proc/uptime, using os.uptime() value
2026-06-01T00:37:23: PM2 warn: [pidusage] We couldn't find uptime from /proc/uptime, using os.uptime() value
2026-06-01T00:37:53: PM2 warn: [pidusage] We couldn't find uptime from /proc/uptime, using os.uptime() value
2026-06-01T00:38:23: PM2 warn: [pidusage] We couldn't find uptime from /proc/uptime, using os.uptime() value
2026-06-01T00:38:53: PM2 warn: [pidusage] We couldn't find uptime from /proc/uptime, using os.uptime() value
2026-06-01T00:39:23: PM2 warn: [pidusage] We couldn't find uptime from /proc/uptime, using os.uptime() value
2026-06-01T00:39:53: PM2 warn: [pidusage] We couldn't find uptime from /proc/uptime, using os.uptime() value
2026-06-01T00:40:23: PM2 warn: [pidusage] We couldn't find uptime from /proc/uptime, using os.uptime() value
2026-06-01T00:40:53: PM2 warn: [pidusage] We couldn't find uptime from /proc/uptime, using os.uptime() value
2026-06-01T00:41:23: PM2 warn: [pidusage] We couldn't find uptime from /proc/uptime, using os.uptime() value
2026-06-01T00:41:53: PM2 warn: [pidusage] We couldn't find uptime from /proc/uptime, using os.uptime() value
2026-06-01T00:42:23: PM2 warn: [pidusage] We couldn't find uptime from /proc/uptime, using os.uptime() value
2026-06-01T00:42:53: PM2 warn: [pidusage] We couldn't find uptime from /proc/uptime, using os.uptime() value
2026-06-01T00:43:23: PM2 warn: [pidusage] We couldn't find uptime from /proc/uptime, using os.uptime() value
2026-06-01T00:43:53: PM2 warn: [pidusage] We couldn't find uptime from /proc/uptime, using os.uptime() value
2026-06-01T00:44:23: PM2 warn: [pidusage] We couldn't find uptime from /proc/uptime, using os.uptime() value
2026-06-01T00:44:53: PM2 warn: [pidusage] We couldn't find uptime from /proc/uptime, using os.uptime() value
2026-06-01T00:45:23: PM2 warn: [pidusage] We couldn't find uptime from /proc/uptime, using os.uptime() value
2026-06-01T00:45:53: PM2 warn: [pidusage] We couldn't find uptime from /proc/uptime, using os.uptime() value
2026-06-01T00:46:23: PM2 warn: [pidusage] We couldn't find uptime from /proc/uptime, using os.uptime() value
2026-06-01T00:46:53: PM2 warn: [pidusage] We couldn't find uptime from /proc/uptime, using os.uptime() value
2026-06-01T00:47:23: PM2 warn: [pidusage] We couldn't find uptime from /proc/uptime, using os.uptime() value
2026-06-01T00:47:53: PM2 warn: [pidusage] We couldn't find uptime from /proc/uptime, using os.uptime() value
2026-06-01T00:48:23: PM2 warn: [pidusage] We couldn't find uptime from /proc/uptime, using os.uptime() value
2026-06-01T00:48:53: PM2 warn: [pidusage] We couldn't find uptime from /proc/uptime, using os.uptime() value
2026-06-01T00:49:23: PM2 warn: [pidusage] We couldn't find uptime from /proc/uptime, using os.uptime() value
2026-06-01T00:49:53: PM2 warn: [pidusage] We couldn't find uptime from /proc/uptime, using os.uptime() value
2026-06-01T00:50:23: PM2 warn: [pidusage] We couldn't find uptime from /proc/uptime, using os.uptime() value
2026-06-01T00:50:53: PM2 warn: [pidusage] We couldn't find uptime from /proc/uptime, using os.uptime() value
2026-06-01T00:51:23: PM2 warn: [pidusage] We couldn't find uptime from /proc/uptime, using os.uptime() value
2026-06-01T00:51:53: PM2 warn: [pidusage] We couldn't find uptime from /proc/uptime, using os.uptime() value
2026-06-01T00:52:23: PM2 warn: [pidusage] We couldn't find uptime from /proc/uptime, using os.uptime() value
2026-06-01T00:52:54: PM2 warn: [pidusage] We couldn't find uptime from /proc/uptime, using os.uptime() value
2026-06-01T00:53:24: PM2 warn: [pidusage] We couldn't find uptime from /proc/uptime, using os.uptime() value
2026-06-01T00:53:54: PM2 warn: [pidusage] We couldn't find uptime from /proc/uptime, using os.uptime() value
2026-06-01T00:54:23: PM2 warn: [pidusage] We couldn't find uptime from /proc/uptime, using os.uptime() value
2026-06-01T00:54:54: PM2 warn: [pidusage] We couldn't find uptime from /proc/uptime, using os.uptime() value
2026-06-01T00:55:24: PM2 warn: [pidusage] We couldn't find uptime from /proc/uptime, using os.uptime() value
2026-06-01T00:55:54: PM2 warn: [pidusage] We couldn't find uptime from /proc/uptime, using os.uptime() value
2026-06-01T00:56:24: PM2 warn: [pidusage] We couldn't find uptime from /proc/uptime, using os.uptime() value
2026-06-01T00:56:54: PM2 warn: [pidusage] We couldn't find uptime from /proc/uptime, using os.uptime() value
2026-06-01T00:57:23: PM2 warn: [pidusage] We couldn't find uptime from /proc/uptime, using os.uptime() value
2026-06-01T00:57:53: PM2 warn: [pidusage] We couldn't find uptime from /proc/uptime, using os.uptime() value
2026-06-01T00:58:23: PM2 warn: [pidusage] We couldn't find uptime from /proc/uptime, using os.uptime() value
2026-06-01T00:58:53: PM2 warn: [pidusage] We couldn't find uptime from /proc/uptime, using os.uptime() value
2026-06-01T00:59:23: PM2 warn: [pidusage] We couldn't find uptime from /proc/uptime, using os.uptime() value
2026-06-01T00:59:53: PM2 warn: [pidusage] We couldn't find uptime from /proc/uptime, using os.uptime() value
2026-06-01T01:00:23: PM2 warn: [pidusage] We couldn't find uptime from /proc/uptime, using os.uptime() value
2026-06-01T01:00:53: PM2 warn: [pidusage] We couldn't find uptime from /proc/uptime, using os.uptime() value
2026-06-01T01:01:23: PM2 warn: [pidusage] We couldn't find uptime from /proc/uptime, using os.uptime() value
2026-06-01T01:01:53: PM2 warn: [pidusage] We couldn't find uptime from /proc/uptime, using os.uptime() value
2026-06-01T01:02:23: PM2 warn: [pidusage] We couldn't find uptime from /proc/uptime, using os.uptime() value
2026-06-01T01:02:53: PM2 warn: [pidusage] We couldn't find uptime from /proc/uptime, using os.uptime() value
2026-06-01T01:03:23: PM2 warn: [pidusage] We couldn't find uptime from /proc/uptime, using os.uptime() value
2026-06-01T01:03:53: PM2 warn: [pidusage] We couldn't find uptime from /proc/uptime, using os.uptime() value
2026-06-01T01:04:23: PM2 warn: [pidusage] We couldn't find uptime from /proc/uptime, using os.uptime() value
2026-06-01T01:04:53: PM2 warn: [pidusage] We couldn't find uptime from /proc/uptime, using os.uptime() value
2026-06-01T01:05:23: PM2 warn: [pidusage] We couldn't find uptime from /proc/uptime, using os.uptime() value
2026-06-01T01:05:53: PM2 warn: [pidusage] We couldn't find uptime from /proc/uptime, using os.uptime() value
2026-06-01T01:06:23: PM2 warn: [pidusage] We couldn't find uptime from /proc/uptime, using os.uptime() value
2026-06-01T01:06:53: PM2 warn: [pidusage] We couldn't find uptime from /proc/uptime, using os.uptime() value
2026-06-01T01:07:23: PM2 warn: [pidusage] We couldn't find uptime from /proc/uptime, using os.uptime() value
2026-06-01T01:07:53: PM2 warn: [pidusage] We couldn't find uptime from /proc/uptime, using os.uptime() value
2026-06-01T01:08:24: PM2 warn: [pidusage] We couldn't find uptime from /proc/uptime, using os.uptime() value
2026-06-01T01:08:54: PM2 warn: [pidusage] We couldn't find uptime from /proc/uptime, using os.uptime() value
2026-06-01T01:09:23: PM2 warn: [pidusage] We couldn't find uptime from /proc/uptime, using os.uptime() value
2026-06-01T01:09:54: PM2 warn: [pidusage] We couldn't find uptime from /proc/uptime, using os.uptime() value
2026-06-01T01:10:24: PM2 warn: [pidusage] We couldn't find uptime from /proc/uptime, using os.uptime() value
2026-06-01T01:10:54: PM2 warn: [pidusage] We couldn't find uptime from /proc/uptime, using os.uptime() value
2026-06-01T01:11:24: PM2 warn: [pidusage] We couldn't find uptime from /proc/uptime, using os.uptime() value
2026-06-01T01:11:54: PM2 warn: [pidusage] We couldn't find uptime from /proc/uptime, using os.uptime() value
2026-06-01T01:12:24: PM2 warn: [pidusage] We couldn't find uptime from /proc/uptime, using os.uptime() value
2026-06-01T01:12:54: PM2 warn: [pidusage] We couldn't find uptime from /proc/uptime, using os.uptime() value
2026-06-01T01:13:24: PM2 warn: [pidusage] We couldn't find uptime from /proc/uptime, using os.uptime() value
2026-06-01T01:13:54: PM2 warn: [pidusage] We couldn't find uptime from /proc/uptime, using os.uptime() value
2026-06-01T01:14:24: PM2 warn: [pidusage] We couldn't find uptime from /proc/uptime, using os.uptime() value
2026-06-01T01:14:54: PM2 warn: [pidusage] We couldn't find uptime from /proc/uptime, using os.uptime() value
2026-06-01T01:15:24: PM2 warn: [pidusage] We couldn't find uptime from /proc/uptime, using os.uptime() value
2026-06-01T01:15:54: PM2 warn: [pidusage] We couldn't find uptime from /proc/uptime, using os.uptime() value
2026-06-01T01:16:24: PM2 warn: [pidusage] We couldn't find uptime from /proc/uptime, using os.uptime() value
2026-06-01T01:16:54: PM2 warn: [pidusage] We couldn't find uptime from /proc/uptime, using os.uptime() value
2026-06-01T01:17:24: PM2 warn: [pidusage] We couldn't find uptime from /proc/uptime, using os.uptime() value
2026-06-01T01:17:54: PM2 warn: [pidusage] We couldn't find uptime from /proc/uptime, using os.uptime() value
2026-06-01T01:18:24: PM2 warn: [pidusage] We couldn't find uptime from /proc/uptime, using os.uptime() value
2026-06-01T01:18:54: PM2 warn: [pidusage] We couldn't find uptime from /proc/uptime, using os.uptime() value
2026-06-01T01:19:24: PM2 warn: [pidusage] We couldn't find uptime from /proc/uptime, using os.uptime() value
2026-06-01T01:19:54: PM2 warn: [pidusage] We couldn't find uptime from /proc/uptime, using os.uptime() value
2026-06-01T01:20:24: PM2 warn: [pidusage] We couldn't find uptime from /proc/uptime, using os.uptime() value
2026-06-01T01:20:54: PM2 warn: [pidusage] We couldn't find uptime from /proc/uptime, using os.uptime() value
2026-06-01T01:21:24: PM2 warn: [pidusage] We couldn't find uptime from /proc/uptime, using os.uptime() value
2026-06-01T01:21:54: PM2 warn: [pidusage] We couldn't find uptime from /proc/uptime, using os.uptime() value
2026-06-01T01:22:24: PM2 warn: [pidusage] We couldn't find uptime from /proc/uptime, using os.uptime() value
2026-06-01T01:22:54: PM2 warn: [pidusage] We couldn't find uptime from /proc/uptime, using os.uptime() value
2026-06-01T01:23:24: PM2 warn: [pidusage] We couldn't find uptime from /proc/uptime, using os.uptime() value
2026-06-01T01:23:54: PM2 warn: [pidusage] We couldn't find uptime from /proc/uptime, using os.uptime() value
2026-06-01T01:24:24: PM2 warn: [pidusage] We couldn't find uptime from /proc/uptime, using os.uptime() value
2026-06-01T01:24:54: PM2 warn: [pidusage] We couldn't find uptime from /proc/uptime, using os.uptime() value
2026-06-01T01:25:24: PM2 warn: [pidusage] We couldn't find uptime from /proc/uptime, using os.uptime() value
2026-06-01T01:25:54: PM2 warn: [pidusage] We couldn't find uptime from /proc/uptime, using os.uptime() value
2026-06-01T01:26:24: PM2 warn: [pidusage] We couldn't find uptime from /proc/uptime, using os.uptime() value
2026-06-01T01:26:54: PM2 warn: [pidusage] We couldn't find uptime from /proc/uptime, using os.uptime() value
2026-06-01T01:27:24: PM2 warn: [pidusage] We couldn't find uptime from /proc/uptime, using os.uptime() value
2026-06-01T01:27:54: PM2 warn: [pidusage] We couldn't find uptime from /proc/uptime, using os.uptime() value
2026-06-01T01:28:24: PM2 warn: [pidusage] We couldn't find uptime from /proc/uptime, using os.uptime() value
2026-06-01T01:28:54: PM2 warn: [pidusage] We couldn't find uptime from /proc/uptime, using os.uptime() value
2026-06-01T01:29:24: PM2 warn: [pidusage] We couldn't find uptime from /proc/uptime, using os.uptime() value
2026-06-01T01:29:54: PM2 warn: [pidusage] We couldn't find uptime from /proc/uptime, using os.uptime() value
2026-06-01T01:30:24: PM2 warn: [pidusage] We couldn't find uptime from /proc/uptime, using os.uptime() value
2026-06-01T01:30:54: PM2 warn: [pidusage] We couldn't find uptime from /proc/uptime, using os.uptime() value
2026-06-01T01:31:24: PM2 warn: [pidusage] We couldn't find uptime from /proc/uptime, using os.uptime() value
2026-06-01T01:31:54: PM2 warn: [pidusage] We couldn't find uptime from /proc/uptime, using os.uptime() value
2026-06-01T01:32:24: PM2 warn: [pidusage] We couldn't find uptime from /proc/uptime, using os.uptime() value
2026-06-01T01:32:54: PM2 warn: [pidusage] We couldn't find uptime from /proc/uptime, using os.uptime() value
2026-06-01T01:33:24: PM2 warn: [pidusage] We couldn't find uptime from /proc/uptime, using os.uptime() value
2026-06-01T01:33:54: PM2 warn: [pidusage] We couldn't find uptime from /proc/uptime, using os.uptime() value
2026-06-01T01:34:24: PM2 warn: [pidusage] We couldn't find uptime from /proc/uptime, using os.uptime() value
2026-06-01T01:34:54: PM2 warn: [pidusage] We couldn't find uptime from /proc/uptime, using os.uptime() value
2026-06-01T01:35:24: PM2 warn: [pidusage] We couldn't find uptime from /proc/uptime, using os.uptime() value
2026-06-01T01:35:54: PM2 warn: [pidusage] We couldn't find uptime from /proc/uptime, using os.uptime() value
2026-06-01T01:36:24: PM2 warn: [pidusage] We couldn't find uptime from /proc/uptime, using os.uptime() value
2026-06-01T01:36:54: PM2 warn: [pidusage] We couldn't find uptime from /proc/uptime, using os.uptime() value
2026-06-01T01:37:24: PM2 warn: [pidusage] We couldn't find uptime from /proc/uptime, using os.uptime() value
2026-06-01T01:37:54: PM2 warn: [pidusage] We couldn't find uptime from /proc/uptime, using os.uptime() value
2026-06-01T01:38:24: PM2 warn: [pidusage] We couldn't find uptime from /proc/uptime, using os.uptime() value
2026-06-01T01:38:54: PM2 warn: [pidusage] We couldn't find uptime from /proc/uptime, using os.uptime() value
2026-06-01T01:39:24: PM2 warn: [pidusage] We couldn't find uptime from /proc/uptime, using os.uptime() value
2026-06-01T01:39:54: PM2 warn: [pidusage] We couldn't find uptime from /proc/uptime, using os.uptime() value
2026-06-01T01:40:24: PM2 warn: [pidusage] We couldn't find uptime from /proc/uptime, using os.uptime() value
2026-06-01T01:40:54: PM2 warn: [pidusage] We couldn't find uptime from /proc/uptime, using os.uptime() value
2026-06-01T01:41:24: PM2 warn: [pidusage] We couldn't find uptime from /proc/uptime, using os.uptime() value
2026-06-01T01:41:54: PM2 warn: [pidusage] We couldn't find uptime from /proc/uptime, using os.uptime() value
2026-06-01T01:42:24: PM2 warn: [pidusage] We couldn't find uptime from /proc/uptime, using os.uptime() value
2026-06-01T01:42:54: PM2 warn: [pidusage] We couldn't find uptime from /proc/uptime, using os.uptime() value
2026-06-01T01:43:24: PM2 warn: [pidusage] We couldn't find uptime from /proc/uptime, using os.uptime() value
2026-06-01T01:43:54: PM2 warn: [pidusage] We couldn't find uptime from /proc/uptime, using os.uptime() value
2026-06-01T01:44:24: PM2 warn: [pidusage] We couldn't find uptime from /proc/uptime, using os.uptime() value
2026-06-01T01:44:54: PM2 warn: [pidusage] We couldn't find uptime from /proc/uptime, using os.uptime() value
2026-06-01T01:45:24: PM2 warn: [pidusage] We couldn't find uptime from /proc/uptime, using os.uptime() value
2026-06-01T01:45:54: PM2 warn: [pidusage] We couldn't find uptime from /proc/uptime, using os.uptime() value
2026-06-01T01:46:24: PM2 warn: [pidusage] We couldn't find uptime from /proc/uptime, using os.uptime() value
2026-06-01T01:46:54: PM2 warn: [pidusage] We couldn't find uptime from /proc/uptime, using os.uptime() value
2026-06-01T01:47:24: PM2 warn: [pidusage] We couldn't find uptime from /proc/uptime, using os.uptime() value
2026-06-01T01:47:54: PM2 warn: [pidusage] We couldn't find uptime from /proc/uptime, using os.uptime() value
2026-06-01T01:48:24: PM2 warn: [pidusage] We couldn't find uptime from /proc/uptime, using os.uptime() value
2026-06-01T01:48:54: PM2 warn: [pidusage] We couldn't find uptime from /proc/uptime, using os.uptime() value
2026-06-01T01:49:24: PM2 warn: [pidusage] We couldn't find uptime from /proc/uptime, using os.uptime() value
2026-06-01T01:49:54: PM2 warn: [pidusage] We couldn't find uptime from /proc/uptime, using os.uptime() value
2026-06-01T01:50:24: PM2 warn: [pidusage] We couldn't find uptime from /proc/uptime, using os.uptime() value
2026-06-01T01:50:54: PM2 warn: [pidusage] We couldn't find uptime from /proc/uptime, using os.uptime() value
2026-06-01T01:51:24: PM2 warn: [pidusage] We couldn't find uptime from /proc/uptime, using os.uptime() value
2026-06-01T01:51:54: PM2 warn: [pidusage] We couldn't find uptime from /proc/uptime, using os.uptime() value
2026-06-01T01:52:24: PM2 warn: [pidusage] We couldn't find uptime from /proc/uptime, using os.uptime() value
2026-06-01T01:52:54: PM2 warn: [pidusage] We couldn't find uptime from /proc/uptime, using os.uptime() value
2026-06-01T01:53:24: PM2 warn: [pidusage] We couldn't find uptime from /proc/uptime, using os.uptime() value
2026-06-01T01:53:54: PM2 warn: [pidusage] We couldn't find uptime from /proc/uptime, using os.uptime() value
2026-06-01T01:54:24: PM2 warn: [pidusage] We couldn't find uptime from /proc/uptime, using os.uptime() value
2026-06-01T01:54:54: PM2 warn: [pidusage] We couldn't find uptime from /proc/uptime, using os.uptime() value
2026-06-01T01:55:24: PM2 warn: [pidusage] We couldn't find uptime from /proc/uptime, using os.uptime() value
2026-06-01T01:55:54: PM2 warn: [pidusage] We couldn't find uptime from /proc/uptime, using os.uptime() value
2026-06-01T01:56:24: PM2 warn: [pidusage] We couldn't find uptime from /proc/uptime, using os.uptime() value
2026-06-01T01:56:54: PM2 warn: [pidusage] We couldn't find uptime from /proc/uptime, using os.uptime() value
2026-06-01T01:57:24: PM2 warn: [pidusage] We couldn't find uptime from /proc/uptime, using os.uptime() value
2026-06-01T01:57:54: PM2 warn: [pidusage] We couldn't find uptime from /proc/uptime, using os.uptime() value
2026-06-01T01:58:24: PM2 warn: [pidusage] We couldn't find uptime from /proc/uptime, using os.uptime() value
2026-06-01T01:58:54: PM2 warn: [pidusage] We couldn't find uptime from /proc/uptime, using os.uptime() value
2026-06-01T01:59:24: PM2 warn: [pidusage] We couldn't find uptime from /proc/uptime, using os.uptime() value
2026-06-01T01:59:54: PM2 warn: [pidusage] We couldn't find uptime from /proc/uptime, using os.uptime() value
2026-06-01T02:00:24: PM2 warn: [pidusage] We couldn't find uptime from /proc/uptime, using os.uptime() value
2026-06-01T02:00:54: PM2 warn: [pidusage] We couldn't find uptime from /proc/uptime, using os.uptime() value
2026-06-01T02:01:24: PM2 warn: [pidusage] We couldn't find uptime from /proc/uptime, using os.uptime() value
2026-06-01T02:01:54: PM2 warn: [pidusage] We couldn't find uptime from /proc/uptime, using os.uptime() value
2026-06-01T02:02:24: PM2 warn: [pidusage] We couldn't find uptime from /proc/uptime, using os.uptime() value
2026-06-01T02:02:54: PM2 warn: [pidusage] We couldn't find uptime from /proc/uptime, using os.uptime() value
2026-06-01T02:03:24: PM2 warn: [pidusage] We couldn't find uptime from /proc/uptime, using os.uptime() value
2026-06-01T02:03:54: PM2 warn: [pidusage] We couldn't find uptime from /proc/uptime, using os.uptime() value
2026-06-01T02:04:24: PM2 warn: [pidusage] We couldn't find uptime from /proc/uptime, using os.uptime() value
2026-06-01T02:04:54: PM2 warn: [pidusage] We couldn't find uptime from /proc/uptime, using os.uptime() value
2026-06-01T02:05:24: PM2 warn: [pidusage] We couldn't find uptime from /proc/uptime, using os.uptime() value
2026-06-01T02:05:54: PM2 warn: [pidusage] We couldn't find uptime from /proc/uptime, using os.uptime() value
2026-06-01T02:06:24: PM2 warn: [pidusage] We couldn't find uptime from /proc/uptime, using os.uptime() value
2026-06-01T02:06:54: PM2 warn: [pidusage] We couldn't find uptime from /proc/uptime, using os.uptime() value
2026-06-01T02:07:24: PM2 warn: [pidusage] We couldn't find uptime from /proc/uptime, using os.uptime() value
2026-06-01T02:07:54: PM2 warn: [pidusage] We couldn't find uptime from /proc/uptime, using os.uptime() value
2026-06-01T02:08:24: PM2 warn: [pidusage] We couldn't find uptime from /proc/uptime, using os.uptime() value
2026-06-01T02:08:54: PM2 warn: [pidusage] We couldn't find uptime from /proc/uptime, using os.uptime() value
2026-06-01T02:09:24: PM2 warn: [pidusage] We couldn't find uptime from /proc/uptime, using os.uptime() value
2026-06-01T02:09:54: PM2 warn: [pidusage] We couldn't find uptime from /proc/uptime, using os.uptime() value
2026-06-01T02:10:24: PM2 warn: [pidusage] We couldn't find uptime from /proc/uptime, using os.uptime() value
2026-06-01T02:10:54: PM2 warn: [pidusage] We couldn't find uptime from /proc/uptime, using os.uptime() value
2026-06-01T02:11:24: PM2 warn: [pidusage] We couldn't find uptime from /proc/uptime, using os.uptime() value
2026-06-01T02:11:54: PM2 warn: [pidusage] We couldn't find uptime from /proc/uptime, using os.uptime() value
2026-06-01T02:12:24: PM2 warn: [pidusage] We couldn't find uptime from /proc/uptime, using os.uptime() value
2026-06-01T02:12:54: PM2 warn: [pidusage] We couldn't find uptime from /proc/uptime, using os.uptime() value
2026-06-01T02:13:24: PM2 warn: [pidusage] We couldn't find uptime from /proc/uptime, using os.uptime() value
2026-06-01T02:13:54: PM2 warn: [pidusage] We couldn't find uptime from /proc/uptime, using os.uptime() value
2026-06-01T02:14:24: PM2 warn: [pidusage] We couldn't find uptime from /proc/uptime, using os.uptime() value
2026-06-01T02:14:54: PM2 warn: [pidusage] We couldn't find uptime from /proc/uptime, using os.uptime() value
2026-06-01T02:15:24: PM2 warn: [pidusage] We couldn't find uptime from /proc/uptime, using os.uptime() value
2026-06-01T02:15:54: PM2 warn: [pidusage] We couldn't find uptime from /proc/uptime, using os.uptime() value
2026-06-01T02:16:24: PM2 warn: [pidusage] We couldn't find uptime from /proc/uptime, using os.uptime() value
2026-06-01T02:16:54: PM2 warn: [pidusage] We couldn't find uptime from /proc/uptime, using os.uptime() value
2026-06-01T02:17:24: PM2 warn: [pidusage] We couldn't find uptime from /proc/uptime, using os.uptime() value
2026-06-01T02:17:54: PM2 warn: [pidusage] We couldn't find uptime from /proc/uptime, using os.uptime() value
2026-06-01T02:18:24: PM2 warn: [pidusage] We couldn't find uptime from /proc/uptime, using os.uptime() value
2026-06-01T02:18:54: PM2 warn: [pidusage] We couldn't find uptime from /proc/uptime, using os.uptime() value
2026-06-01T02:19:24: PM2 warn: [pidusage] We couldn't find uptime from /proc/uptime, using os.uptime() value
2026-06-01T02:19:54: PM2 warn: [pidusage] We couldn't find uptime from /proc/uptime, using os.uptime() value
2026-06-01T02:20:24: PM2 warn: [pidusage] We couldn't find uptime from /proc/uptime, using os.uptime() value
2026-06-01T02:20:54: PM2 warn: [pidusage] We couldn't find uptime from /proc/uptime, using os.uptime() value
2026-06-01T02:21:24: PM2 warn: [pidusage] We couldn't find uptime from /proc/uptime, using os.uptime() value
2026-06-01T02:21:54: PM2 warn: [pidusage] We couldn't find uptime from /proc/uptime, using os.uptime() value
2026-06-01T02:22:24: PM2 warn: [pidusage] We couldn't find uptime from /proc/uptime, using os.uptime() value
2026-06-01T02:22:54: PM2 warn: [pidusage] We couldn't find uptime from /proc/uptime, using os.uptime() value
2026-06-01T02:23:24: PM2 warn: [pidusage] We couldn't find uptime from /proc/uptime, using os.uptime() value
2026-06-01T02:23:54: PM2 warn: [pidusage] We couldn't find uptime from /proc/uptime, using os.uptime() value
2026-06-01T02:24:24: PM2 warn: [pidusage] We couldn't find uptime from /proc/uptime, using os.uptime() value
2026-06-01T02:24:54: PM2 warn: [pidusage] We couldn't find uptime from /proc/uptime, using os.uptime() value
2026-06-01T02:25:24: PM2 warn: [pidusage] We couldn't find uptime from /proc/uptime, using os.uptime() value
2026-06-01T02:25:54: PM2 warn: [pidusage] We couldn't find uptime from /proc/uptime, using os.uptime() value
2026-06-01T02:26:24: PM2 warn: [pidusage] We couldn't find uptime from /proc/uptime, using os.uptime() value
2026-06-01T02:26:54: PM2 warn: [pidusage] We couldn't find uptime from /proc/uptime, using os.uptime() value
2026-06-01T02:27:24: PM2 warn: [pidusage] We couldn't find uptime from /proc/uptime, using os.uptime() value
2026-06-01T02:27:54: PM2 warn: [pidusage] We couldn't find uptime from /proc/uptime, using os.uptime() value
2026-06-01T02:28:24: PM2 warn: [pidusage] We couldn't find uptime from /proc/uptime, using os.uptime() value
2026-06-01T02:28:54: PM2 warn: [pidusage] We couldn't find uptime from /proc/uptime, using os.uptime() value
2026-06-01T02:29:24: PM2 warn: [pidusage] We couldn't find uptime from /proc/uptime, using os.uptime() value
2026-06-01T02:29:54: PM2 warn: [pidusage] We couldn't find uptime from /proc/uptime, using os.uptime() value
2026-06-01T02:30:24: PM2 warn: [pidusage] We couldn't find uptime from /proc/uptime, using os.uptime() value
2026-06-01T02:30:54: PM2 warn: [pidusage] We couldn't find uptime from /proc/uptime, using os.uptime() value
2026-06-01T02:31:24: PM2 warn: [pidusage] We couldn't find uptime from /proc/uptime, using os.uptime() value
2026-06-01T02:31:54: PM2 warn: [pidusage] We couldn't find uptime from /proc/uptime, using os.uptime() value
2026-06-01T02:32:24: PM2 warn: [pidusage] We couldn't find uptime from /proc/uptime, using os.uptime() value
2026-06-01T02:32:54: PM2 warn: [pidusage] We couldn't find uptime from /proc/uptime, using os.uptime() value
2026-06-01T02:33:24: PM2 warn: [pidusage] We couldn't find uptime from /proc/uptime, using os.uptime() value
2026-06-01T02:33:54: PM2 warn: [pidusage] We couldn't find uptime from /proc/uptime, using os.uptime() value
2026-06-01T02:34:24: PM2 warn: [pidusage] We couldn't find uptime from /proc/uptime, using os.uptime() value
2026-06-01T02:34:54: PM2 warn: [pidusage] We couldn't find uptime from /proc/uptime, using os.uptime() value
2026-06-01T02:35:24: PM2 warn: [pidusage] We couldn't find uptime from /proc/uptime, using os.uptime() value
2026-06-01T02:35:54: PM2 warn: [pidusage] We couldn't find uptime from /proc/uptime, using os.uptime() value
2026-06-01T02:36:24: PM2 warn: [pidusage] We couldn't find uptime from /proc/uptime, using os.uptime() value
2026-06-01T02:36:54: PM2 warn: [pidusage] We couldn't find uptime from /proc/uptime, using os.uptime() value
2026-06-01T02:37:24: PM2 warn: [pidusage] We couldn't find uptime from /proc/uptime, using os.uptime() value
2026-06-01T02:37:54: PM2 warn: [pidusage] We couldn't find uptime from /proc/uptime, using os.uptime() value
2026-06-01T02:38:24: PM2 warn: [pidusage] We couldn't find uptime from /proc/uptime, using os.uptime() value
2026-06-01T02:38:54: PM2 warn: [pidusage] We couldn't find uptime from /proc/uptime, using os.uptime() value
2026-06-01T02:39:24: PM2 warn: [pidusage] We couldn't find uptime from /proc/uptime, using os.uptime() value
2026-06-01T02:39:54: PM2 warn: [pidusage] We couldn't find uptime from /proc/uptime, using os.uptime() value
2026-06-01T02:40:24: PM2 warn: [pidusage] We couldn't find uptime from /proc/uptime, using os.uptime() value
2026-06-01T02:40:54: PM2 warn: [pidusage] We couldn't find uptime from /proc/uptime, using os.uptime() value
2026-06-01T02:41:24: PM2 warn: [pidusage] We couldn't find uptime from /proc/uptime, using os.uptime() value
2026-06-01T02:41:54: PM2 warn: [pidusage] We couldn't find uptime from /proc/uptime, using os.uptime() value
2026-06-01T02:42:24: PM2 warn: [pidusage] We couldn't find uptime from /proc/uptime, using os.uptime() value
2026-06-01T02:42:54: PM2 warn: [pidusage] We couldn't find uptime from /proc/uptime, using os.uptime() value
2026-06-01T02:43:24: PM2 warn: [pidusage] We couldn't find uptime from /proc/uptime, using os.uptime() value
2026-06-01T02:43:54: PM2 warn: [pidusage] We couldn't find uptime from /proc/uptime, using os.uptime() value
2026-06-01T02:44:24: PM2 warn: [pidusage] We couldn't find uptime from /proc/uptime, using os.uptime() value
2026-06-01T02:44:54: PM2 warn: [pidusage] We couldn't find uptime from /proc/uptime, using os.uptime() value
2026-06-01T02:45:24: PM2 warn: [pidusage] We couldn't find uptime from /proc/uptime, using os.uptime() value
2026-06-01T02:45:54: PM2 warn: [pidusage] We couldn't find uptime from /proc/uptime, using os.uptime() value
2026-06-01T02:46:24: PM2 warn: [pidusage] We couldn't find uptime from /proc/uptime, using os.uptime() value
2026-06-01T02:46:54: PM2 warn: [pidusage] We couldn't find uptime from /proc/uptime, using os.uptime() value
2026-06-01T02:47:24: PM2 warn: [pidusage] We couldn't find uptime from /proc/uptime, using os.uptime() value
2026-06-01T02:47:54: PM2 warn: [pidusage] We couldn't find uptime from /proc/uptime, using os.uptime() value
2026-06-01T02:48:24: PM2 warn: [pidusage] We couldn't find uptime from /proc/uptime, using os.uptime() value
2026-06-01T02:48:54: PM2 warn: [pidusage] We couldn't find uptime from /proc/uptime, using os.uptime() value
2026-06-01T02:49:24: PM2 warn: [pidusage] We couldn't find uptime from /proc/uptime, using os.uptime() value
2026-06-01T02:49:54: PM2 warn: [pidusage] We couldn't find uptime from /proc/uptime, using os.uptime() value
2026-06-01T02:50:24: PM2 warn: [pidusage] We couldn't find uptime from /proc/uptime, using os.uptime() value
2026-06-01T02:50:54: PM2 warn: [pidusage] We couldn't find uptime from /proc/uptime, using os.uptime() value
2026-06-01T02:51:24: PM2 warn: [pidusage] We couldn't find uptime from /proc/uptime, using os.uptime() value
2026-06-01T02:51:54: PM2 warn: [pidusage] We couldn't find uptime from /proc/uptime, using os.uptime() value
2026-06-01T02:52:24: PM2 warn: [pidusage] We couldn't find uptime from /proc/uptime, using os.uptime() value
2026-06-01T02:52:54: PM2 warn: [pidusage] We couldn't find uptime from /proc/uptime, using os.uptime() value
2026-06-01T02:53:24: PM2 warn: [pidusage] We couldn't find uptime from /proc/uptime, using os.uptime() value
2026-06-01T02:53:54: PM2 warn: [pidusage] We couldn't find uptime from /proc/uptime, using os.uptime() value
2026-06-01T02:54:24: PM2 warn: [pidusage] We couldn't find uptime from /proc/uptime, using os.uptime() value
2026-06-01T02:54:54: PM2 warn: [pidusage] We couldn't find uptime from /proc/uptime, using os.uptime() value
2026-06-01T02:55:24: PM2 warn: [pidusage] We couldn't find uptime from /proc/uptime, using os.uptime() value
2026-06-01T02:55:54: PM2 warn: [pidusage] We couldn't find uptime from /proc/uptime, using os.uptime() value
2026-06-01T02:56:24: PM2 warn: [pidusage] We couldn't find uptime from /proc/uptime, using os.uptime() value
2026-06-01T02:56:54: PM2 warn: [pidusage] We couldn't find uptime from /proc/uptime, using os.uptime() value
2026-06-01T02:57:24: PM2 warn: [pidusage] We couldn't find uptime from /proc/uptime, using os.uptime() value
2026-06-01T02:57:54: PM2 warn: [pidusage] We couldn't find uptime from /proc/uptime, using os.uptime() value
2026-06-01T02:58:24: PM2 warn: [pidusage] We couldn't find uptime from /proc/uptime, using os.uptime() value
2026-06-01T02:58:54: PM2 warn: [pidusage] We couldn't find uptime from /proc/uptime, using os.uptime() value
2026-06-01T02:59:24: PM2 warn: [pidusage] We couldn't find uptime from /proc/uptime, using os.uptime() value
2026-06-01T02:59:54: PM2 warn: [pidusage] We couldn't find uptime from /proc/uptime, using os.uptime() value
2026-06-01T03:00:24: PM2 warn: [pidusage] We couldn't find uptime from /proc/uptime, using os.uptime() value
2026-06-01T03:00:54: PM2 warn: [pidusage] We couldn't find uptime from /proc/uptime, using os.uptime() value
2026-06-01T03:01:24: PM2 warn: [pidusage] We couldn't find uptime from /proc/uptime, using os.uptime() value
2026-06-01T03:01:54: PM2 warn: [pidusage] We couldn't find uptime from /proc/uptime, using os.uptime() value
2026-06-01T03:02:24: PM2 warn: [pidusage] We couldn't find uptime from /proc/uptime, using os.uptime() value
2026-06-01T03:02:54: PM2 warn: [pidusage] We couldn't find uptime from /proc/uptime, using os.uptime() value
2026-06-01T03:03:24: PM2 warn: [pidusage] We couldn't find uptime from /proc/uptime, using os.uptime() value
2026-06-01T03:03:54: PM2 warn: [pidusage] We couldn't find uptime from /proc/uptime, using os.uptime() value
2026-06-01T03:04:24: PM2 warn: [pidusage] We couldn't find uptime from /proc/uptime, using os.uptime() value
2026-06-01T03:04:54: PM2 warn: [pidusage] We couldn't find uptime from /proc/uptime, using os.uptime() value
2026-06-01T03:05:24: PM2 warn: [pidusage] We couldn't find uptime from /proc/uptime, using os.uptime() value
2026-06-01T03:05:54: PM2 warn: [pidusage] We couldn't find uptime from /proc/uptime, using os.uptime() value
2026-06-01T03:06:24: PM2 warn: [pidusage] We couldn't find uptime from /proc/uptime, using os.uptime() value
2026-06-01T03:06:54: PM2 warn: [pidusage] We couldn't find uptime from /proc/uptime, using os.uptime() value
2026-06-01T03:07:24: PM2 warn: [pidusage] We couldn't find uptime from /proc/uptime, using os.uptime() value
2026-06-01T03:07:54: PM2 warn: [pidusage] We couldn't find uptime from /proc/uptime, using os.uptime() value
2026-06-01T03:08:24: PM2 warn: [pidusage] We couldn't find uptime from /proc/uptime, using os.uptime() value
2026-06-01T03:08:54: PM2 warn: [pidusage] We couldn't find uptime from /proc/uptime, using os.uptime() value
2026-06-01T03:09:24: PM2 warn: [pidusage] We couldn't find uptime from /proc/uptime, using os.uptime() value
2026-06-01T03:09:54: PM2 warn: [pidusage] We couldn't find uptime from /proc/uptime, using os.uptime() value
2026-06-01T03:10:24: PM2 warn: [pidusage] We couldn't find uptime from /proc/uptime, using os.uptime() value
2026-06-01T03:10:54: PM2 warn: [pidusage] We couldn't find uptime from /proc/uptime, using os.uptime() value
2026-06-01T03:11:24: PM2 warn: [pidusage] We couldn't find uptime from /proc/uptime, using os.uptime() value
2026-06-01T03:11:54: PM2 warn: [pidusage] We couldn't find uptime from /proc/uptime, using os.uptime() value
2026-06-01T03:12:24: PM2 warn: [pidusage] We couldn't find uptime from /proc/uptime, using os.uptime() value
2026-06-01T03:12:54: PM2 warn: [pidusage] We couldn't find uptime from /proc/uptime, using os.uptime() value
2026-06-01T03:13:24: PM2 warn: [pidusage] We couldn't find uptime from /proc/uptime, using os.uptime() value
2026-06-01T03:13:54: PM2 warn: [pidusage] We couldn't find uptime from /proc/uptime, using os.uptime() value
2026-06-01T03:14:24: PM2 warn: [pidusage] We couldn't find uptime from /proc/uptime, using os.uptime() value
2026-06-01T03:14:54: PM2 warn: [pidusage] We couldn't find uptime from /proc/uptime, using os.uptime() value
2026-06-01T03:15:24: PM2 warn: [pidusage] We couldn't find uptime from /proc/uptime, using os.uptime() value
2026-06-01T03:15:54: PM2 warn: [pidusage] We couldn't find uptime from /proc/uptime, using os.uptime() value
2026-06-01T03:16:24: PM2 warn: [pidusage] We couldn't find uptime from /proc/uptime, using os.uptime() value
2026-06-01T03:16:54: PM2 warn: [pidusage] We couldn't find uptime from /proc/uptime, using os.uptime() value
2026-06-01T03:17:24: PM2 warn: [pidusage] We couldn't find uptime from /proc/uptime, using os.uptime() value
2026-06-01T03:17:54: PM2 warn: [pidusage] We couldn't find uptime from /proc/uptime, using os.uptime() value
2026-06-01T03:18:24: PM2 warn: [pidusage] We couldn't find uptime from /proc/uptime, using os.uptime() value
2026-06-01T03:18:54: PM2 warn: [pidusage] We couldn't find uptime from /proc/uptime, using os.uptime() value
2026-06-01T03:19:24: PM2 warn: [pidusage] We couldn't find uptime from /proc/uptime, using os.uptime() value
2026-06-01T03:19:54: PM2 warn: [pidusage] We couldn't find uptime from /proc/uptime, using os.uptime() value
2026-06-01T03:20:24: PM2 warn: [pidusage] We couldn't find uptime from /proc/uptime, using os.uptime() value
2026-06-01T03:20:54: PM2 warn: [pidusage] We couldn't find uptime from /proc/uptime, using os.uptime() value
2026-06-01T03:21:24: PM2 warn: [pidusage] We couldn't find uptime from /proc/uptime, using os.uptime() value
2026-06-01T03:21:54: PM2 warn: [pidusage] We couldn't find uptime from /proc/uptime, using os.uptime() value
2026-06-01T03:22:24: PM2 warn: [pidusage] We couldn't find uptime from /proc/uptime, using os.uptime() value
2026-06-01T03:22:54: PM2 warn: [pidusage] We couldn't find uptime from /proc/uptime, using os.uptime() value
2026-06-01T03:23:24: PM2 warn: [pidusage] We couldn't find uptime from /proc/uptime, using os.uptime() value
2026-06-01T03:23:54: PM2 warn: [pidusage] We couldn't find uptime from /proc/uptime, using os.uptime() value
2026-06-01T03:24:24: PM2 warn: [pidusage] We couldn't find uptime from /proc/uptime, using os.uptime() value
2026-06-01T03:24:54: PM2 warn: [pidusage] We couldn't find uptime from /proc/uptime, using os.uptime() value
2026-06-01T03:25:24: PM2 warn: [pidusage] We couldn't find uptime from /proc/uptime, using os.uptime() value
2026-06-01T03:25:54: PM2 warn: [pidusage] We couldn't find uptime from /proc/uptime, using os.uptime() value
2026-06-01T03:26:24: PM2 warn: [pidusage] We couldn't find uptime from /proc/uptime, using os.uptime() value
2026-06-01T03:26:54: PM2 warn: [pidusage] We couldn't find uptime from /proc/uptime, using os.uptime() value
2026-06-01T03:27:24: PM2 warn: [pidusage] We couldn't find uptime from /proc/uptime, using os.uptime() value
2026-06-01T03:27:54: PM2 warn: [pidusage] We couldn't find uptime from /proc/uptime, using os.uptime() value
2026-06-01T03:28:24: PM2 warn: [pidusage] We couldn't find uptime from /proc/uptime, using os.uptime() value
2026-06-01T03:28:54: PM2 warn: [pidusage] We couldn't find uptime from /proc/uptime, using os.uptime() value
2026-06-01T03:29:24: PM2 warn: [pidusage] We couldn't find uptime from /proc/uptime, using os.uptime() value
2026-06-01T03:29:54: PM2 warn: [pidusage] We couldn't find uptime from /proc/uptime, using os.uptime() value
2026-06-01T03:30:24: PM2 warn: [pidusage] We couldn't find uptime from /proc/uptime, using os.uptime() value
2026-06-01T03:30:54: PM2 warn: [pidusage] We couldn't find uptime from /proc/uptime, using os.uptime() value
2026-06-01T03:31:24: PM2 warn: [pidusage] We couldn't find uptime from /proc/uptime, using os.uptime() value
2026-06-01T03:31:54: PM2 warn: [pidusage] We couldn't find uptime from /proc/uptime, using os.uptime() value
2026-06-01T03:32:24: PM2 warn: [pidusage] We couldn't find uptime from /proc/uptime, using os.uptime() value
2026-06-01T03:32:54: PM2 warn: [pidusage] We couldn't find uptime from /proc/uptime, using os.uptime() value
2026-06-01T03:33:24: PM2 warn: [pidusage] We couldn't find uptime from /proc/uptime, using os.uptime() value
2026-06-01T03:33:54: PM2 warn: [pidusage] We couldn't find uptime from /proc/uptime, using os.uptime() value
2026-06-01T03:34:24: PM2 warn: [pidusage] We couldn't find uptime from /proc/uptime, using os.uptime() value
2026-06-01T03:34:54: PM2 warn: [pidusage] We couldn't find uptime from /proc/uptime, using os.uptime() value
2026-06-01T03:35:24: PM2 warn: [pidusage] We couldn't find uptime from /proc/uptime, using os.uptime() value
2026-06-01T03:35:54: PM2 warn: [pidusage] We couldn't find uptime from /proc/uptime, using os.uptime() value
2026-06-01T03:36:24: PM2 warn: [pidusage] We couldn't find uptime from /proc/uptime, using os.uptime() value
2026-06-01T03:36:54: PM2 warn: [pidusage] We couldn't find uptime from /proc/uptime, using os.uptime() value
2026-06-01T03:37:24: PM2 warn: [pidusage] We couldn't find uptime from /proc/uptime, using os.uptime() value
2026-06-01T03:37:54: PM2 warn: [pidusage] We couldn't find uptime from /proc/uptime, using os.uptime() value
2026-06-01T03:38:24: PM2 warn: [pidusage] We couldn't find uptime from /proc/uptime, using os.uptime() value
2026-06-01T03:38:54: PM2 warn: [pidusage] We couldn't find uptime from /proc/uptime, using os.uptime() value
2026-06-01T03:39:24: PM2 warn: [pidusage] We couldn't find uptime from /proc/uptime, using os.uptime() value
2026-06-01T03:39:54: PM2 warn: [pidusage] We couldn't find uptime from /proc/uptime, using os.uptime() value
2026-06-01T03:40:24: PM2 warn: [pidusage] We couldn't find uptime from /proc/uptime, using os.uptime() value
2026-06-01T03:40:54: PM2 warn: [pidusage] We couldn't find uptime from /proc/uptime, using os.uptime() value
2026-06-01T03:41:24: PM2 warn: [pidusage] We couldn't find uptime from /proc/uptime, using os.uptime() value
2026-06-01T03:41:54: PM2 warn: [pidusage] We couldn't find uptime from /proc/uptime, using os.uptime() value
2026-06-01T03:42:24: PM2 warn: [pidusage] We couldn't find uptime from /proc/uptime, using os.uptime() value
2026-06-01T03:42:54: PM2 warn: [pidusage] We couldn't find uptime from /proc/uptime, using os.uptime() value
2026-06-01T03:43:24: PM2 warn: [pidusage] We couldn't find uptime from /proc/uptime, using os.uptime() value
2026-06-01T03:43:54: PM2 warn: [pidusage] We couldn't find uptime from /proc/uptime, using os.uptime() value
2026-06-01T03:44:24: PM2 warn: [pidusage] We couldn't find uptime from /proc/uptime, using os.uptime() value
2026-06-01T03:44:54: PM2 warn: [pidusage] We couldn't find uptime from /proc/uptime, using os.uptime() value
2026-06-01T03:45:24: PM2 warn: [pidusage] We couldn't find uptime from /proc/uptime, using os.uptime() value
2026-06-01T03:45:54: PM2 warn: [pidusage] We couldn't find uptime from /proc/uptime, using os.uptime() value
2026-06-01T03:46:24: PM2 warn: [pidusage] We couldn't find uptime from /proc/uptime, using os.uptime() value
2026-06-01T03:46:54: PM2 warn: [pidusage] We couldn't find uptime from /proc/uptime, using os.uptime() value
2026-06-01T03:47:24: PM2 warn: [pidusage] We couldn't find uptime from /proc/uptime, using os.uptime() value
2026-06-01T03:47:54: PM2 warn: [pidusage] We couldn't find uptime from /proc/uptime, using os.uptime() value
2026-06-01T03:48:24: PM2 warn: [pidusage] We couldn't find uptime from /proc/uptime, using os.uptime() value
2026-06-01T03:48:54: PM2 warn: [pidusage] We couldn't find uptime from /proc/uptime, using os.uptime() value
2026-06-01T03:49:24: PM2 warn: [pidusage] We couldn't find uptime from /proc/uptime, using os.uptime() value
2026-06-01T03:49:54: PM2 warn: [pidusage] We couldn't find uptime from /proc/uptime, using os.uptime() value
2026-06-01T03:50:24: PM2 warn: [pidusage] We couldn't find uptime from /proc/uptime, using os.uptime() value
2026-06-01T03:50:54: PM2 warn: [pidusage] We couldn't find uptime from /proc/uptime, using os.uptime() value
2026-06-01T03:51:24: PM2 warn: [pidusage] We couldn't find uptime from /proc/uptime, using os.uptime() value
2026-06-01T03:51:54: PM2 warn: [pidusage] We couldn't find uptime from /proc/uptime, using os.uptime() value
2026-06-01T03:52:24: PM2 warn: [pidusage] We couldn't find uptime from /proc/uptime, using os.uptime() value
2026-06-01T03:52:54: PM2 warn: [pidusage] We couldn't find uptime from /proc/uptime, using os.uptime() value
2026-06-01T03:53:24: PM2 warn: [pidusage] We couldn't find uptime from /proc/uptime, using os.uptime() value
2026-06-01T03:53:54: PM2 warn: [pidusage] We couldn't find uptime from /proc/uptime, using os.uptime() value
2026-06-01T03:54:24: PM2 warn: [pidusage] We couldn't find uptime from /proc/uptime, using os.uptime() value
2026-06-01T03:54:54: PM2 warn: [pidusage] We couldn't find uptime from /proc/uptime, using os.uptime() value
2026-06-01T03:55:24: PM2 warn: [pidusage] We couldn't find uptime from /proc/uptime, using os.uptime() value
2026-06-01T03:55:54: PM2 warn: [pidusage] We couldn't find uptime from /proc/uptime, using os.uptime() value
2026-06-01T03:56:24: PM2 warn: [pidusage] We couldn't find uptime from /proc/uptime, using os.uptime() value
2026-06-01T03:56:54: PM2 warn: [pidusage] We couldn't find uptime from /proc/uptime, using os.uptime() value
2026-06-01T03:57:24: PM2 warn: [pidusage] We couldn't find uptime from /proc/uptime, using os.uptime() value
2026-06-01T03:57:54: PM2 warn: [pidusage] We couldn't find uptime from /proc/uptime, using os.uptime() value
2026-06-01T03:58:24: PM2 warn: [pidusage] We couldn't find uptime from /proc/uptime, using os.uptime() value
2026-06-01T03:58:54: PM2 warn: [pidusage] We couldn't find uptime from /proc/uptime, using os.uptime() value
2026-06-01T03:59:24: PM2 warn: [pidusage] We couldn't find uptime from /proc/uptime, using os.uptime() value
2026-06-01T03:59:54: PM2 warn: [pidusage] We couldn't find uptime from /proc/uptime, using os.uptime() value
2026-06-01T04:00:24: PM2 warn: [pidusage] We couldn't find uptime from /proc/uptime, using os.uptime() value
2026-06-01T04:00:54: PM2 warn: [pidusage] We couldn't find uptime from /proc/uptime, using os.uptime() value
2026-06-01T04:01:24: PM2 warn: [pidusage] We couldn't find uptime from /proc/uptime, using os.uptime() value
2026-06-01T04:01:54: PM2 warn: [pidusage] We couldn't find uptime from /proc/uptime, using os.uptime() value
2026-06-01T04:02:24: PM2 warn: [pidusage] We couldn't find uptime from /proc/uptime, using os.uptime() value
2026-06-01T04:02:54: PM2 warn: [pidusage] We couldn't find uptime from /proc/uptime, using os.uptime() value
2026-06-01T04:03:24: PM2 warn: [pidusage] We couldn't find uptime from /proc/uptime, using os.uptime() value
2026-06-01T04:03:54: PM2 warn: [pidusage] We couldn't find uptime from /proc/uptime, using os.uptime() value
2026-06-01T04:04:24: PM2 warn: [pidusage] We couldn't find uptime from /proc/uptime, using os.uptime() value
2026-06-01T04:04:54: PM2 warn: [pidusage] We couldn't find uptime from /proc/uptime, using os.uptime() value
2026-06-01T04:05:24: PM2 warn: [pidusage] We couldn't find uptime from /proc/uptime, using os.uptime() value
2026-06-01T04:05:54: PM2 warn: [pidusage] We couldn't find uptime from /proc/uptime, using os.uptime() value
2026-06-01T04:06:24: PM2 warn: [pidusage] We couldn't find uptime from /proc/uptime, using os.uptime() value
2026-06-01T04:06:54: PM2 warn: [pidusage] We couldn't find uptime from /proc/uptime, using os.uptime() value
2026-06-01T04:07:24: PM2 warn: [pidusage] We couldn't find uptime from /proc/uptime, using os.uptime() value
2026-06-01T04:07:54: PM2 warn: [pidusage] We couldn't find uptime from /proc/uptime, using os.uptime() value
2026-06-01T04:08:24: PM2 warn: [pidusage] We couldn't find uptime from /proc/uptime, using os.uptime() value
2026-06-01T04:08:54: PM2 warn: [pidusage] We couldn't find uptime from /proc/uptime, using os.uptime() value
2026-06-01T04:09:24: PM2 warn: [pidusage] We couldn't find uptime from /proc/uptime, using os.uptime() value
2026-06-01T04:09:54: PM2 warn: [pidusage] We couldn't find uptime from /proc/uptime, using os.uptime() value
2026-06-01T04:10:24: PM2 warn: [pidusage] We couldn't find uptime from /proc/uptime, using os.uptime() value
2026-06-01T04:10:54: PM2 warn: [pidusage] We couldn't find uptime from /proc/uptime, using os.uptime() value
2026-06-01T04:11:24: PM2 warn: [pidusage] We couldn't find uptime from /proc/uptime, using os.uptime() value
2026-06-01T04:11:54: PM2 warn: [pidusage] We couldn't find uptime from /proc/uptime, using os.uptime() value
2026-06-01T04:12:24: PM2 warn: [pidusage] We couldn't find uptime from /proc/uptime, using os.uptime() value
2026-06-01T04:12:54: PM2 warn: [pidusage] We couldn't find uptime from /proc/uptime, using os.uptime() value
2026-06-01T04:13:24: PM2 warn: [pidusage] We couldn't find uptime from /proc/uptime, using os.uptime() value
2026-06-01T04:13:54: PM2 warn: [pidusage] We couldn't find uptime from /proc/uptime, using os.uptime() value
2026-06-01T04:14:24: PM2 warn: [pidusage] We couldn't find uptime from /proc/uptime, using os.uptime() value
2026-06-01T04:14:54: PM2 warn: [pidusage] We couldn't find uptime from /proc/uptime, using os.uptime() value
2026-06-01T04:15:24: PM2 warn: [pidusage] We couldn't find uptime from /proc/uptime, using os.uptime() value
2026-06-01T04:15:54: PM2 warn: [pidusage] We couldn't find uptime from /proc/uptime, using os.uptime() value
2026-06-01T04:16:24: PM2 warn: [pidusage] We couldn't find uptime from /proc/uptime, using os.uptime() value
2026-06-01T04:16:54: PM2 warn: [pidusage] We couldn't find uptime from /proc/uptime, using os.uptime() value
2026-06-01T04:17:24: PM2 warn: [pidusage] We couldn't find uptime from /proc/uptime, using os.uptime() value
2026-06-01T04:17:54: PM2 warn: [pidusage] We couldn't find uptime from /proc/uptime, using os.uptime() value
2026-06-01T04:18:24: PM2 warn: [pidusage] We couldn't find uptime from /proc/uptime, using os.uptime() value
2026-06-01T04:18:54: PM2 warn: [pidusage] We couldn't find uptime from /proc/uptime, using os.uptime() value
2026-06-01T04:19:24: PM2 warn: [pidusage] We couldn't find uptime from /proc/uptime, using os.uptime() value
2026-06-01T04:19:54: PM2 warn: [pidusage] We couldn't find uptime from /proc/uptime, using os.uptime() value
2026-06-01T04:20:24: PM2 warn: [pidusage] We couldn't find uptime from /proc/uptime, using os.uptime() value
2026-06-01T04:20:54: PM2 warn: [pidusage] We couldn't find uptime from /proc/uptime, using os.uptime() value
2026-06-01T04:21:24: PM2 warn: [pidusage] We couldn't find uptime from /proc/uptime, using os.uptime() value
2026-06-01T04:21:54: PM2 warn: [pidusage] We couldn't find uptime from /proc/uptime, using os.uptime() value
2026-06-01T04:22:24: PM2 warn: [pidusage] We couldn't find uptime from /proc/uptime, using os.uptime() value
2026-06-01T04:22:54: PM2 warn: [pidusage] We couldn't find uptime from /proc/uptime, using os.uptime() value
2026-06-01T04:23:24: PM2 warn: [pidusage] We couldn't find uptime from /proc/uptime, using os.uptime() value
2026-06-01T04:23:54: PM2 warn: [pidusage] We couldn't find uptime from /proc/uptime, using os.uptime() value
2026-06-01T04:24:24: PM2 warn: [pidusage] We couldn't find uptime from /proc/uptime, using os.uptime() value
2026-06-01T04:24:54: PM2 warn: [pidusage] We couldn't find uptime from /proc/uptime, using os.uptime() value
2026-06-01T04:25:24: PM2 warn: [pidusage] We couldn't find uptime from /proc/uptime, using os.uptime() value
2026-06-01T04:25:54: PM2 warn: [pidusage] We couldn't find uptime from /proc/uptime, using os.uptime() value
2026-06-01T04:26:24: PM2 warn: [pidusage] We couldn't find uptime from /proc/uptime, using os.uptime() value
2026-06-01T04:26:54: PM2 warn: [pidusage] We couldn't find uptime from /proc/uptime, using os.uptime() value
2026-06-01T04:27:24: PM2 warn: [pidusage] We couldn't find uptime from /proc/uptime, using os.uptime() value
2026-06-01T04:27:54: PM2 warn: [pidusage] We couldn't find uptime from /proc/uptime, using os.uptime() value
2026-06-01T04:28:24: PM2 warn: [pidusage] We couldn't find uptime from /proc/uptime, using os.uptime() value
2026-06-01T04:28:54: PM2 warn: [pidusage] We couldn't find uptime from /proc/uptime, using os.uptime() value
2026-06-01T04:29:24: PM2 warn: [pidusage] We couldn't find uptime from /proc/uptime, using os.uptime() value
2026-06-01T04:29:54: PM2 warn: [pidusage] We couldn't find uptime from /proc/uptime, using os.uptime() value
2026-06-01T04:30:24: PM2 warn: [pidusage] We couldn't find uptime from /proc/uptime, using os.uptime() value
2026-06-01T04:30:54: PM2 warn: [pidusage] We couldn't find uptime from /proc/uptime, using os.uptime() value
2026-06-01T04:31:24: PM2 warn: [pidusage] We couldn't find uptime from /proc/uptime, using os.uptime() value
2026-06-01T04:31:54: PM2 warn: [pidusage] We couldn't find uptime from /proc/uptime, using os.uptime() value
2026-06-01T04:32:24: PM2 warn: [pidusage] We couldn't find uptime from /proc/uptime, using os.uptime() value
2026-06-01T04:32:54: PM2 warn: [pidusage] We couldn't find uptime from /proc/uptime, using os.uptime() value
2026-06-01T04:33:24: PM2 warn: [pidusage] We couldn't find uptime from /proc/uptime, using os.uptime() value
2026-06-01T04:33:54: PM2 warn: [pidusage] We couldn't find uptime from /proc/uptime, using os.uptime() value
2026-06-01T04:34:24: PM2 warn: [pidusage] We couldn't find uptime from /proc/uptime, using os.uptime() value
2026-06-01T04:34:54: PM2 warn: [pidusage] We couldn't find uptime from /proc/uptime, using os.uptime() value
2026-06-01T04:35:24: PM2 warn: [pidusage] We couldn't find uptime from /proc/uptime, using os.uptime() value
2026-06-01T04:35:54: PM2 warn: [pidusage] We couldn't find uptime from /proc/uptime, using os.uptime() value
2026-06-01T04:36:24: PM2 warn: [pidusage] We couldn't find uptime from /proc/uptime, using os.uptime() value
2026-06-01T04:36:54: PM2 warn: [pidusage] We couldn't find uptime from /proc/uptime, using os.uptime() value
2026-06-01T04:37:24: PM2 warn: [pidusage] We couldn't find uptime from /proc/uptime, using os.uptime() value
2026-06-01T04:37:54: PM2 warn: [pidusage] We couldn't find uptime from /proc/uptime, using os.uptime() value
2026-06-01T04:38:24: PM2 warn: [pidusage] We couldn't find uptime from /proc/uptime, using os.uptime() value
2026-06-01T04:38:54: PM2 warn: [pidusage] We couldn't find uptime from /proc/uptime, using os.uptime() value
2026-06-01T04:39:24: PM2 warn: [pidusage] We couldn't find uptime from /proc/uptime, using os.uptime() value
2026-06-01T04:39:54: PM2 warn: [pidusage] We couldn't find uptime from /proc/uptime, using os.uptime() value
2026-06-01T04:40:24: PM2 warn: [pidusage] We couldn't find uptime from /proc/uptime, using os.uptime() value
2026-06-01T04:40:54: PM2 warn: [pidusage] We couldn't find uptime from /proc/uptime, using os.uptime() value
2026-06-01T04:41:24: PM2 warn: [pidusage] We couldn't find uptime from /proc/uptime, using os.uptime() value
2026-06-01T04:41:54: PM2 warn: [pidusage] We couldn't find uptime from /proc/uptime, using os.uptime() value
2026-06-01T04:42:24: PM2 warn: [pidusage] We couldn't find uptime from /proc/uptime, using os.uptime() value
2026-06-01T04:42:54: PM2 warn: [pidusage] We couldn't find uptime from /proc/uptime, using os.uptime() value
2026-06-01T04:43:24: PM2 warn: [pidusage] We couldn't find uptime from /proc/uptime, using os.uptime() value
2026-06-01T04:43:54: PM2 warn: [pidusage] We couldn't find uptime from /proc/uptime, using os.uptime() value
2026-06-01T04:44:24: PM2 warn: [pidusage] We couldn't find uptime from /proc/uptime, using os.uptime() value
2026-06-01T04:44:54: PM2 warn: [pidusage] We couldn't find uptime from /proc/uptime, using os.uptime() value
2026-06-01T04:45:24: PM2 warn: [pidusage] We couldn't find uptime from /proc/uptime, using os.uptime() value
2026-06-01T04:45:54: PM2 warn: [pidusage] We couldn't find uptime from /proc/uptime, using os.uptime() value
2026-06-01T04:46:24: PM2 warn: [pidusage] We couldn't find uptime from /proc/uptime, using os.uptime() value
2026-06-01T04:46:54: PM2 warn: [pidusage] We couldn't find uptime from /proc/uptime, using os.uptime() value
2026-06-01T04:47:24: PM2 warn: [pidusage] We couldn't find uptime from /proc/uptime, using os.uptime() value
2026-06-01T04:47:54: PM2 warn: [pidusage] We couldn't find uptime from /proc/uptime, using os.uptime() value
2026-06-01T04:48:24: PM2 warn: [pidusage] We couldn't find uptime from /proc/uptime, using os.uptime() value
2026-06-01T04:48:54: PM2 warn: [pidusage] We couldn't find uptime from /proc/uptime, using os.uptime() value
2026-06-01T04:49:24: PM2 warn: [pidusage] We couldn't find uptime from /proc/uptime, using os.uptime() value
2026-06-01T04:49:54: PM2 warn: [pidusage] We couldn't find uptime from /proc/uptime, using os.uptime() value
2026-06-01T04:50:24: PM2 warn: [pidusage] We couldn't find uptime from /proc/uptime, using os.uptime() value
2026-06-01T04:50:54: PM2 warn: [pidusage] We couldn't find uptime from /proc/uptime, using os.uptime() value
2026-06-01T04:51:24: PM2 warn: [pidusage] We couldn't find uptime from /proc/uptime, using os.uptime() value
2026-06-01T04:51:54: PM2 warn: [pidusage] We couldn't find uptime from /proc/uptime, using os.uptime() value
2026-06-01T04:52:24: PM2 warn: [pidusage] We couldn't find uptime from /proc/uptime, using os.uptime() value
2026-06-01T04:52:54: PM2 warn: [pidusage] We couldn't find uptime from /proc/uptime, using os.uptime() value
2026-06-01T04:53:24: PM2 warn: [pidusage] We couldn't find uptime from /proc/uptime, using os.uptime() value
2026-06-01T04:53:54: PM2 warn: [pidusage] We couldn't find uptime from /proc/uptime, using os.uptime() value
2026-06-01T04:54:24: PM2 warn: [pidusage] We couldn't find uptime from /proc/uptime, using os.uptime() value
2026-06-01T04:54:54: PM2 warn: [pidusage] We couldn't find uptime from /proc/uptime, using os.uptime() value
2026-06-01T04:55:24: PM2 warn: [pidusage] We couldn't find uptime from /proc/uptime, using os.uptime() value
2026-06-01T04:55:54: PM2 warn: [pidusage] We couldn't find uptime from /proc/uptime, using os.uptime() value
2026-06-01T04:56:24: PM2 warn: [pidusage] We couldn't find uptime from /proc/uptime, using os.uptime() value
2026-06-01T04:56:54: PM2 warn: [pidusage] We couldn't find uptime from /proc/uptime, using os.uptime() value
2026-06-01T04:57:24: PM2 warn: [pidusage] We couldn't find uptime from /proc/uptime, using os.uptime() value
2026-06-01T04:57:54: PM2 warn: [pidusage] We couldn't find uptime from /proc/uptime, using os.uptime() value
2026-06-01T04:58:24: PM2 warn: [pidusage] We couldn't find uptime from /proc/uptime, using os.uptime() value
2026-06-01T04:58:54: PM2 warn: [pidusage] We couldn't find uptime from /proc/uptime, using os.uptime() value
2026-06-01T04:59:24: PM2 warn: [pidusage] We couldn't find uptime from /proc/uptime, using os.uptime() value
2026-06-01T04:59:54: PM2 warn: [pidusage] We couldn't find uptime from /proc/uptime, using os.uptime() value
2026-06-01T05:00:24: PM2 warn: [pidusage] We couldn't find uptime from /proc/uptime, using os.uptime() value
2026-06-01T05:00:54: PM2 warn: [pidusage] We couldn't find uptime from /proc/uptime, using os.uptime() value
2026-06-01T05:01:24: PM2 warn: [pidusage] We couldn't find uptime from /proc/uptime, using os.uptime() value
2026-06-01T05:01:54: PM2 warn: [pidusage] We couldn't find uptime from /proc/uptime, using os.uptime() value
2026-06-01T05:02:24: PM2 warn: [pidusage] We couldn't find uptime from /proc/uptime, using os.uptime() value
2026-06-01T05:02:54: PM2 warn: [pidusage] We couldn't find uptime from /proc/uptime, using os.uptime() value
2026-06-01T05:03:24: PM2 warn: [pidusage] We couldn't find uptime from /proc/uptime, using os.uptime() value
2026-06-01T05:03:54: PM2 warn: [pidusage] We couldn't find uptime from /proc/uptime, using os.uptime() value
2026-06-01T05:04:24: PM2 warn: [pidusage] We couldn't find uptime from /proc/uptime, using os.uptime() value
2026-06-01T05:04:54: PM2 warn: [pidusage] We couldn't find uptime from /proc/uptime, using os.uptime() value
2026-06-01T05:05:24: PM2 warn: [pidusage] We couldn't find uptime from /proc/uptime, using os.uptime() value
2026-06-01T05:05:54: PM2 warn: [pidusage] We couldn't find uptime from /proc/uptime, using os.uptime() value
2026-06-01T05:06:24: PM2 warn: [pidusage] We couldn't find uptime from /proc/uptime, using os.uptime() value
2026-06-01T05:06:54: PM2 warn: [pidusage] We couldn't find uptime from /proc/uptime, using os.uptime() value
2026-06-01T05:07:24: PM2 warn: [pidusage] We couldn't find uptime from /proc/uptime, using os.uptime() value
2026-06-01T05:07:54: PM2 warn: [pidusage] We couldn't find uptime from /proc/uptime, using os.uptime() value
2026-06-01T05:08:24: PM2 warn: [pidusage] We couldn't find uptime from /proc/uptime, using os.uptime() value
2026-06-01T05:08:54: PM2 warn: [pidusage] We couldn't find uptime from /proc/uptime, using os.uptime() value
2026-06-01T05:09:24: PM2 warn: [pidusage] We couldn't find uptime from /proc/uptime, using os.uptime() value
2026-06-01T05:09:54: PM2 warn: [pidusage] We couldn't find uptime from /proc/uptime, using os.uptime() value
2026-06-01T05:10:24: PM2 warn: [pidusage] We couldn't find uptime from /proc/uptime, using os.uptime() value
2026-06-01T05:10:54: PM2 warn: [pidusage] We couldn't find uptime from /proc/uptime, using os.uptime() value
2026-06-01T05:11:24: PM2 warn: [pidusage] We couldn't find uptime from /proc/uptime, using os.uptime() value
2026-06-01T05:11:54: PM2 warn: [pidusage] We couldn't find uptime from /proc/uptime, using os.uptime() value
2026-06-01T05:12:24: PM2 warn: [pidusage] We couldn't find uptime from /proc/uptime, using os.uptime() value
2026-06-01T05:12:54: PM2 warn: [pidusage] We couldn't find uptime from /proc/uptime, using os.uptime() value
2026-06-01T05:13:24: PM2 warn: [pidusage] We couldn't find uptime from /proc/uptime, using os.uptime() value
2026-06-01T05:13:54: PM2 warn: [pidusage] We couldn't find uptime from /proc/uptime, using os.uptime() value
2026-06-01T05:14:24: PM2 warn: [pidusage] We couldn't find uptime from /proc/uptime, using os.uptime() value
2026-06-01T05:14:54: PM2 warn: [pidusage] We couldn't find uptime from /proc/uptime, using os.uptime() value
2026-06-01T05:15:24: PM2 warn: [pidusage] We couldn't find uptime from /proc/uptime, using os.uptime() value
2026-06-01T05:15:54: PM2 warn: [pidusage] We couldn't find uptime from /proc/uptime, using os.uptime() value
2026-06-01T05:16:24: PM2 warn: [pidusage] We couldn't find uptime from /proc/uptime, using os.uptime() value
2026-06-01T05:16:54: PM2 warn: [pidusage] We couldn't find uptime from /proc/uptime, using os.uptime() value
2026-06-01T05:17:24: PM2 warn: [pidusage] We couldn't find uptime from /proc/uptime, using os.uptime() value
2026-06-01T05:17:54: PM2 warn: [pidusage] We couldn't find uptime from /proc/uptime, using os.uptime() value
2026-06-01T05:18:24: PM2 warn: [pidusage] We couldn't find uptime from /proc/uptime, using os.uptime() value
2026-06-01T05:18:54: PM2 warn: [pidusage] We couldn't find uptime from /proc/uptime, using os.uptime() value
2026-06-01T05:19:24: PM2 warn: [pidusage] We couldn't find uptime from /proc/uptime, using os.uptime() value
2026-06-01T05:19:54: PM2 warn: [pidusage] We couldn't find uptime from /proc/uptime, using os.uptime() value
2026-06-01T05:20:24: PM2 warn: [pidusage] We couldn't find uptime from /proc/uptime, using os.uptime() value
2026-06-01T05:20:54: PM2 warn: [pidusage] We couldn't find uptime from /proc/uptime, using os.uptime() value
2026-06-01T05:21:24: PM2 warn: [pidusage] We couldn't find uptime from /proc/uptime, using os.uptime() value
2026-06-01T05:21:54: PM2 warn: [pidusage] We couldn't find uptime from /proc/uptime, using os.uptime() value
2026-06-01T05:22:24: PM2 warn: [pidusage] We couldn't find uptime from /proc/uptime, using os.uptime() value
2026-06-01T05:22:54: PM2 warn: [pidusage] We couldn't find uptime from /proc/uptime, using os.uptime() value
2026-06-01T05:23:24: PM2 warn: [pidusage] We couldn't find uptime from /proc/uptime, using os.uptime() value
2026-06-01T05:23:54: PM2 warn: [pidusage] We couldn't find uptime from /proc/uptime, using os.uptime() value
2026-06-01T05:24:24: PM2 warn: [pidusage] We couldn't find uptime from /proc/uptime, using os.uptime() value
2026-06-01T05:24:54: PM2 warn: [pidusage] We couldn't find uptime from /proc/uptime, using os.uptime() value
2026-06-01T05:25:24: PM2 warn: [pidusage] We couldn't find uptime from /proc/uptime, using os.uptime() value
2026-06-01T05:25:54: PM2 warn: [pidusage] We couldn't find uptime from /proc/uptime, using os.uptime() value
2026-06-01T05:26:24: PM2 warn: [pidusage] We couldn't find uptime from /proc/uptime, using os.uptime() value
2026-06-01T05:26:54: PM2 warn: [pidusage] We couldn't find uptime from /proc/uptime, using os.uptime() value
2026-06-01T05:27:24: PM2 warn: [pidusage] We couldn't find uptime from /proc/uptime, using os.uptime() value
2026-06-01T05:27:54: PM2 warn: [pidusage] We couldn't find uptime from /proc/uptime, using os.uptime() value
2026-06-01T05:28:24: PM2 warn: [pidusage] We couldn't find uptime from /proc/uptime, using os.uptime() value
2026-06-01T05:28:54: PM2 warn: [pidusage] We couldn't find uptime from /proc/uptime, using os.uptime() value
2026-06-01T05:29:24: PM2 warn: [pidusage] We couldn't find uptime from /proc/uptime, using os.uptime() value
2026-06-01T05:29:54: PM2 warn: [pidusage] We couldn't find uptime from /proc/uptime, using os.uptime() value
2026-06-01T05:30:24: PM2 warn: [pidusage] We couldn't find uptime from /proc/uptime, using os.uptime() value
2026-06-01T05:30:54: PM2 warn: [pidusage] We couldn't find uptime from /proc/uptime, using os.uptime() value
2026-06-01T05:31:24: PM2 warn: [pidusage] We couldn't find uptime from /proc/uptime, using os.uptime() value
2026-06-01T05:31:54: PM2 warn: [pidusage] We couldn't find uptime from /proc/uptime, using os.uptime() value
2026-06-01T05:32:24: PM2 warn: [pidusage] We couldn't find uptime from /proc/uptime, using os.uptime() value
2026-06-01T05:32:54: PM2 warn: [pidusage] We couldn't find uptime from /proc/uptime, using os.uptime() value
2026-06-01T05:33:24: PM2 warn: [pidusage] We couldn't find uptime from /proc/uptime, using os.uptime() value
2026-06-01T05:33:54: PM2 warn: [pidusage] We couldn't find uptime from /proc/uptime, using os.uptime() value
2026-06-01T05:34:24: PM2 warn: [pidusage] We couldn't find uptime from /proc/uptime, using os.uptime() value
2026-06-01T05:34:54: PM2 warn: [pidusage] We couldn't find uptime from /proc/uptime, using os.uptime() value
2026-06-01T05:35:24: PM2 warn: [pidusage] We couldn't find uptime from /proc/uptime, using os.uptime() value
2026-06-01T05:35:54: PM2 warn: [pidusage] We couldn't find uptime from /proc/uptime, using os.uptime() value
2026-06-01T05:36:24: PM2 warn: [pidusage] We couldn't find uptime from /proc/uptime, using os.uptime() value
2026-06-01T05:36:54: PM2 warn: [pidusage] We couldn't find uptime from /proc/uptime, using os.uptime() value
2026-06-01T05:37:24: PM2 warn: [pidusage] We couldn't find uptime from /proc/uptime, using os.uptime() value
2026-06-01T05:37:54: PM2 warn: [pidusage] We couldn't find uptime from /proc/uptime, using os.uptime() value
2026-06-01T05:38:24: PM2 warn: [pidusage] We couldn't find uptime from /proc/uptime, using os.uptime() value
2026-06-01T05:38:54: PM2 warn: [pidusage] We couldn't find uptime from /proc/uptime, using os.uptime() value
2026-06-01T05:39:24: PM2 warn: [pidusage] We couldn't find uptime from /proc/uptime, using os.uptime() value
2026-06-01T05:39:54: PM2 warn: [pidusage] We couldn't find uptime from /proc/uptime, using os.uptime() value
2026-06-01T05:40:24: PM2 warn: [pidusage] We couldn't find uptime from /proc/uptime, using os.uptime() value
2026-06-01T05:40:54: PM2 warn: [pidusage] We couldn't find uptime from /proc/uptime, using os.uptime() value
2026-06-01T05:41:24: PM2 warn: [pidusage] We couldn't find uptime from /proc/uptime, using os.uptime() value
2026-06-01T05:41:54: PM2 warn: [pidusage] We couldn't find uptime from /proc/uptime, using os.uptime() value
2026-06-01T05:42:24: PM2 warn: [pidusage] We couldn't find uptime from /proc/uptime, using os.uptime() value
2026-06-01T05:42:54: PM2 warn: [pidusage] We couldn't find uptime from /proc/uptime, using os.uptime() value
2026-06-01T05:43:24: PM2 warn: [pidusage] We couldn't find uptime from /proc/uptime, using os.uptime() value
2026-06-01T05:43:54: PM2 warn: [pidusage] We couldn't find uptime from /proc/uptime, using os.uptime() value
2026-06-01T05:44:24: PM2 warn: [pidusage] We couldn't find uptime from /proc/uptime, using os.uptime() value
2026-06-01T05:44:54: PM2 warn: [pidusage] We couldn't find uptime from /proc/uptime, using os.uptime() value
2026-06-01T05:45:24: PM2 warn: [pidusage] We couldn't find uptime from /proc/uptime, using os.uptime() value
2026-06-01T05:45:54: PM2 warn: [pidusage] We couldn't find uptime from /proc/uptime, using os.uptime() value
2026-06-01T05:46:24: PM2 warn: [pidusage] We couldn't find uptime from /proc/uptime, using os.uptime() value
2026-06-01T05:46:54: PM2 warn: [pidusage] We couldn't find uptime from /proc/uptime, using os.uptime() value
2026-06-01T05:47:24: PM2 warn: [pidusage] We couldn't find uptime from /proc/uptime, using os.uptime() value
2026-06-01T05:47:54: PM2 warn: [pidusage] We couldn't find uptime from /proc/uptime, using os.uptime() value
2026-06-01T05:48:24: PM2 warn: [pidusage] We couldn't find uptime from /proc/uptime, using os.uptime() value
2026-06-01T05:48:54: PM2 warn: [pidusage] We couldn't find uptime from /proc/uptime, using os.uptime() value
2026-06-01T05:49:24: PM2 warn: [pidusage] We couldn't find uptime from /proc/uptime, using os.uptime() value
2026-06-01T05:49:54: PM2 warn: [pidusage] We couldn't find uptime from /proc/uptime, using os.uptime() value
2026-06-01T05:50:24: PM2 warn: [pidusage] We couldn't find uptime from /proc/uptime, using os.uptime() value
2026-06-01T05:50:54: PM2 warn: [pidusage] We couldn't find uptime from /proc/uptime, using os.uptime() value
2026-06-01T05:51:24: PM2 warn: [pidusage] We couldn't find uptime from /proc/uptime, using os.uptime() value
2026-06-01T05:51:54: PM2 warn: [pidusage] We couldn't find uptime from /proc/uptime, using os.uptime() value
2026-06-01T05:52:24: PM2 warn: [pidusage] We couldn't find uptime from /proc/uptime, using os.uptime() value
2026-06-01T05:52:54: PM2 warn: [pidusage] We couldn't find uptime from /proc/uptime, using os.uptime() value
2026-06-01T05:53:24: PM2 warn: [pidusage] We couldn't find uptime from /proc/uptime, using os.uptime() value
2026-06-01T05:53:54: PM2 warn: [pidusage] We couldn't find uptime from /proc/uptime, using os.uptime() value
2026-06-01T05:54:24: PM2 warn: [pidusage] We couldn't find uptime from /proc/uptime, using os.uptime() value
2026-06-01T05:54:54: PM2 warn: [pidusage] We couldn't find uptime from /proc/uptime, using os.uptime() value
2026-06-01T05:55:24: PM2 warn: [pidusage] We couldn't find uptime from /proc/uptime, using os.uptime() value
2026-06-01T05:55:54: PM2 warn: [pidusage] We couldn't find uptime from /proc/uptime, using os.uptime() value
2026-06-01T05:56:24: PM2 warn: [pidusage] We couldn't find uptime from /proc/uptime, using os.uptime() value
2026-06-01T05:56:54: PM2 warn: [pidusage] We couldn't find uptime from /proc/uptime, using os.uptime() value
2026-06-01T05:57:24: PM2 warn: [pidusage] We couldn't find uptime from /proc/uptime, using os.uptime() value
2026-06-01T05:57:54: PM2 warn: [pidusage] We couldn't find uptime from /proc/uptime, using os.uptime() value
2026-06-01T05:58:24: PM2 warn: [pidusage] We couldn't find uptime from /proc/uptime, using os.uptime() value
2026-06-01T05:58:54: PM2 warn: [pidusage] We couldn't find uptime from /proc/uptime, using os.uptime() value
2026-06-01T05:59:24: PM2 warn: [pidusage] We couldn't find uptime from /proc/uptime, using os.uptime() value
2026-06-01T05:59:54: PM2 warn: [pidusage] We couldn't find uptime from /proc/uptime, using os.uptime() value
2026-06-01T06:00:24: PM2 warn: [pidusage] We couldn't find uptime from /proc/uptime, using os.uptime() value
2026-06-01T06:00:54: PM2 warn: [pidusage] We couldn't find uptime from /proc/uptime, using os.uptime() value
2026-06-01T06:01:25: PM2 warn: [pidusage] We couldn't find uptime from /proc/uptime, using os.uptime() value
2026-06-01T06:01:55: PM2 warn: [pidusage] We couldn't find uptime from /proc/uptime, using os.uptime() value
2026-06-01T06:02:25: PM2 warn: [pidusage] We couldn't find uptime from /proc/uptime, using os.uptime() value
2026-06-01T06:02:55: PM2 warn: [pidusage] We couldn't find uptime from /proc/uptime, using os.uptime() value
2026-06-01T06:03:25: PM2 warn: [pidusage] We couldn't find uptime from /proc/uptime, using os.uptime() value
2026-06-01T06:03:55: PM2 warn: [pidusage] We couldn't find uptime from /proc/uptime, using os.uptime() value
2026-06-01T06:04:25: PM2 warn: [pidusage] We couldn't find uptime from /proc/uptime, using os.uptime() value
2026-06-01T06:04:55: PM2 warn: [pidusage] We couldn't find uptime from /proc/uptime, using os.uptime() value
2026-06-01T06:05:25: PM2 warn: [pidusage] We couldn't find uptime from /proc/uptime, using os.uptime() value
2026-06-01T06:05:55: PM2 warn: [pidusage] We couldn't find uptime from /proc/uptime, using os.uptime() value
2026-06-01T06:06:25: PM2 warn: [pidusage] We couldn't find uptime from /proc/uptime, using os.uptime() value
2026-06-01T06:06:55: PM2 warn: [pidusage] We couldn't find uptime from /proc/uptime, using os.uptime() value
2026-06-01T06:07:25: PM2 warn: [pidusage] We couldn't find uptime from /proc/uptime, using os.uptime() value
2026-06-01T06:07:55: PM2 warn: [pidusage] We couldn't find uptime from /proc/uptime, using os.uptime() value
2026-06-01T06:08:25: PM2 warn: [pidusage] We couldn't find uptime from /proc/uptime, using os.uptime() value
2026-06-01T06:08:55: PM2 warn: [pidusage] We couldn't find uptime from /proc/uptime, using os.uptime() value
2026-06-01T06:09:25: PM2 warn: [pidusage] We couldn't find uptime from /proc/uptime, using os.uptime() value
2026-06-01T06:09:55: PM2 warn: [pidusage] We couldn't find uptime from /proc/uptime, using os.uptime() value
2026-06-01T06:10:25: PM2 warn: [pidusage] We couldn't find uptime from /proc/uptime, using os.uptime() value
2026-06-01T06:10:55: PM2 warn: [pidusage] We couldn't find uptime from /proc/uptime, using os.uptime() value
2026-06-01T06:11:25: PM2 warn: [pidusage] We couldn't find uptime from /proc/uptime, using os.uptime() value
2026-06-01T06:11:55: PM2 warn: [pidusage] We couldn't find uptime from /proc/uptime, using os.uptime() value
2026-06-01T06:12:25: PM2 warn: [pidusage] We couldn't find uptime from /proc/uptime, using os.uptime() value
2026-06-01T06:12:55: PM2 warn: [pidusage] We couldn't find uptime from /proc/uptime, using os.uptime() value
2026-06-01T06:13:25: PM2 warn: [pidusage] We couldn't find uptime from /proc/uptime, using os.uptime() value
2026-06-01T06:13:55: PM2 warn: [pidusage] We couldn't find uptime from /proc/uptime, using os.uptime() value
2026-06-01T06:14:25: PM2 warn: [pidusage] We couldn't find uptime from /proc/uptime, using os.uptime() value
2026-06-01T06:14:55: PM2 warn: [pidusage] We couldn't find uptime from /proc/uptime, using os.uptime() value
2026-06-01T06:15:25: PM2 warn: [pidusage] We couldn't find uptime from /proc/uptime, using os.uptime() value
2026-06-01T06:15:55: PM2 warn: [pidusage] We couldn't find uptime from /proc/uptime, using os.uptime() value
2026-06-01T06:16:25: PM2 warn: [pidusage] We couldn't find uptime from /proc/uptime, using os.uptime() value
2026-06-01T06:16:55: PM2 warn: [pidusage] We couldn't find uptime from /proc/uptime, using os.uptime() value
2026-06-01T06:17:25: PM2 warn: [pidusage] We couldn't find uptime from /proc/uptime, using os.uptime() value
2026-06-01T06:17:55: PM2 warn: [pidusage] We couldn't find uptime from /proc/uptime, using os.uptime() value
2026-06-01T06:18:25: PM2 warn: [pidusage] We couldn't find uptime from /proc/uptime, using os.uptime() value
2026-06-01T06:18:55: PM2 warn: [pidusage] We couldn't find uptime from /proc/uptime, using os.uptime() value
2026-06-01T06:19:25: PM2 warn: [pidusage] We couldn't find uptime from /proc/uptime, using os.uptime() value
2026-06-01T06:19:55: PM2 warn: [pidusage] We couldn't find uptime from /proc/uptime, using os.uptime() value
2026-06-01T06:20:25: PM2 warn: [pidusage] We couldn't find uptime from /proc/uptime, using os.uptime() value
2026-06-01T06:20:55: PM2 warn: [pidusage] We couldn't find uptime from /proc/uptime, using os.uptime() value
2026-06-01T06:21:25: PM2 warn: [pidusage] We couldn't find uptime from /proc/uptime, using os.uptime() value
2026-06-01T06:21:55: PM2 warn: [pidusage] We couldn't find uptime from /proc/uptime, using os.uptime() value
2026-06-01T06:22:25: PM2 warn: [pidusage] We couldn't find uptime from /proc/uptime, using os.uptime() value
2026-06-01T06:22:55: PM2 warn: [pidusage] We couldn't find uptime from /proc/uptime, using os.uptime() value
2026-06-01T06:23:25: PM2 warn: [pidusage] We couldn't find uptime from /proc/uptime, using os.uptime() value
2026-06-01T06:23:55: PM2 warn: [pidusage] We couldn't find uptime from /proc/uptime, using os.uptime() value
2026-06-01T06:24:25: PM2 warn: [pidusage] We couldn't find uptime from /proc/uptime, using os.uptime() value
2026-06-01T06:24:55: PM2 warn: [pidusage] We couldn't find uptime from /proc/uptime, using os.uptime() value
2026-06-01T06:25:25: PM2 warn: [pidusage] We couldn't find uptime from /proc/uptime, using os.uptime() value
2026-06-01T06:25:55: PM2 warn: [pidusage] We couldn't find uptime from /proc/uptime, using os.uptime() value
2026-06-01T06:26:25: PM2 warn: [pidusage] We couldn't find uptime from /proc/uptime, using os.uptime() value
2026-06-01T06:26:55: PM2 warn: [pidusage] We couldn't find uptime from /proc/uptime, using os.uptime() value
2026-06-01T06:27:25: PM2 warn: [pidusage] We couldn't find uptime from /proc/uptime, using os.uptime() value
2026-06-01T06:27:55: PM2 warn: [pidusage] We couldn't find uptime from /proc/uptime, using os.uptime() value
2026-06-01T06:28:25: PM2 warn: [pidusage] We couldn't find uptime from /proc/uptime, using os.uptime() value
2026-06-01T06:28:55: PM2 warn: [pidusage] We couldn't find uptime from /proc/uptime, using os.uptime() value
2026-06-01T06:29:25: PM2 warn: [pidusage] We couldn't find uptime from /proc/uptime, using os.uptime() value
2026-06-01T06:29:55: PM2 warn: [pidusage] We couldn't find uptime from /proc/uptime, using os.uptime() value
2026-06-01T06:30:25: PM2 warn: [pidusage] We couldn't find uptime from /proc/uptime, using os.uptime() value
2026-06-01T06:30:55: PM2 warn: [pidusage] We couldn't find uptime from /proc/uptime, using os.uptime() value
2026-06-01T06:31:25: PM2 warn: [pidusage] We couldn't find uptime from /proc/uptime, using os.uptime() value
2026-06-01T06:31:55: PM2 warn: [pidusage] We couldn't find uptime from /proc/uptime, using os.uptime() value
2026-06-01T06:32:25: PM2 warn: [pidusage] We couldn't find uptime from /proc/uptime, using os.uptime() value
2026-06-01T06:32:55: PM2 warn: [pidusage] We couldn't find uptime from /proc/uptime, using os.uptime() value
2026-06-01T06:33:25: PM2 warn: [pidusage] We couldn't find uptime from /proc/uptime, using os.uptime() value
2026-06-01T06:33:55: PM2 warn: [pidusage] We couldn't find uptime from /proc/uptime, using os.uptime() value
2026-06-01T06:34:25: PM2 warn: [pidusage] We couldn't find uptime from /proc/uptime, using os.uptime() value
2026-06-01T06:34:55: PM2 warn: [pidusage] We couldn't find uptime from /proc/uptime, using os.uptime() value
2026-06-01T06:35:25: PM2 warn: [pidusage] We couldn't find uptime from /proc/uptime, using os.uptime() value
2026-06-01T06:35:55: PM2 warn: [pidusage] We couldn't find uptime from /proc/uptime, using os.uptime() value
2026-06-01T06:36:25: PM2 warn: [pidusage] We couldn't find uptime from /proc/uptime, using os.uptime() value
2026-06-01T06:36:55: PM2 warn: [pidusage] We couldn't find uptime from /proc/uptime, using os.uptime() value
2026-06-01T06:37:25: PM2 warn: [pidusage] We couldn't find uptime from /proc/uptime, using os.uptime() value
2026-06-01T06:37:55: PM2 warn: [pidusage] We couldn't find uptime from /proc/uptime, using os.uptime() value
2026-06-01T06:38:25: PM2 warn: [pidusage] We couldn't find uptime from /proc/uptime, using os.uptime() value
2026-06-01T06:38:55: PM2 warn: [pidusage] We couldn't find uptime from /proc/uptime, using os.uptime() value
2026-06-01T06:39:25: PM2 warn: [pidusage] We couldn't find uptime from /proc/uptime, using os.uptime() value
2026-06-01T06:39:55: PM2 warn: [pidusage] We couldn't find uptime from /proc/uptime, using os.uptime() value
2026-06-01T06:40:25: PM2 warn: [pidusage] We couldn't find uptime from /proc/uptime, using os.uptime() value
2026-06-01T06:40:55: PM2 warn: [pidusage] We couldn't find uptime from /proc/uptime, using os.uptime() value
2026-06-01T06:41:25: PM2 warn: [pidusage] We couldn't find uptime from /proc/uptime, using os.uptime() value
2026-06-01T06:41:55: PM2 warn: [pidusage] We couldn't find uptime from /proc/uptime, using os.uptime() value
2026-06-01T06:42:25: PM2 warn: [pidusage] We couldn't find uptime from /proc/uptime, using os.uptime() value
2026-06-01T06:42:55: PM2 warn: [pidusage] We couldn't find uptime from /proc/uptime, using os.uptime() value
2026-06-01T06:43:25: PM2 warn: [pidusage] We couldn't find uptime from /proc/uptime, using os.uptime() value
2026-06-01T06:43:55: PM2 warn: [pidusage] We couldn't find uptime from /proc/uptime, using os.uptime() value
2026-06-01T06:44:25: PM2 warn: [pidusage] We couldn't find uptime from /proc/uptime, using os.uptime() value
2026-06-01T06:44:55: PM2 warn: [pidusage] We couldn't find uptime from /proc/uptime, using os.uptime() value
2026-06-01T06:45:25: PM2 warn: [pidusage] We couldn't find uptime from /proc/uptime, using os.uptime() value
2026-06-01T06:45:55: PM2 warn: [pidusage] We couldn't find uptime from /proc/uptime, using os.uptime() value
2026-06-01T06:46:25: PM2 warn: [pidusage] We couldn't find uptime from /proc/uptime, using os.uptime() value
2026-06-01T06:46:55: PM2 warn: [pidusage] We couldn't find uptime from /proc/uptime, using os.uptime() value
2026-06-01T06:47:25: PM2 warn: [pidusage] We couldn't find uptime from /proc/uptime, using os.uptime() value
2026-06-01T06:47:55: PM2 warn: [pidusage] We couldn't find uptime from /proc/uptime, using os.uptime() value
2026-06-01T06:48:25: PM2 warn: [pidusage] We couldn't find uptime from /proc/uptime, using os.uptime() value
2026-06-01T06:48:55: PM2 warn: [pidusage] We couldn't find uptime from /proc/uptime, using os.uptime() value
2026-06-01T06:49:25: PM2 warn: [pidusage] We couldn't find uptime from /proc/uptime, using os.uptime() value
2026-06-01T06:49:55: PM2 warn: [pidusage] We couldn't find uptime from /proc/uptime, using os.uptime() value
2026-06-01T06:50:25: PM2 warn: [pidusage] We couldn't find uptime from /proc/uptime, using os.uptime() value
2026-06-01T06:50:55: PM2 warn: [pidusage] We couldn't find uptime from /proc/uptime, using os.uptime() value
2026-06-01T06:51:25: PM2 warn: [pidusage] We couldn't find uptime from /proc/uptime, using os.uptime() value
2026-06-01T06:51:55: PM2 warn: [pidusage] We couldn't find uptime from /proc/uptime, using os.uptime() value
2026-06-01T06:52:25: PM2 warn: [pidusage] We couldn't find uptime from /proc/uptime, using os.uptime() value
2026-06-01T06:52:55: PM2 warn: [pidusage] We couldn't find uptime from /proc/uptime, using os.uptime() value
2026-06-01T06:53:25: PM2 warn: [pidusage] We couldn't find uptime from /proc/uptime, using os.uptime() value
2026-06-01T06:53:55: PM2 warn: [pidusage] We couldn't find uptime from /proc/uptime, using os.uptime() value
2026-06-01T06:54:25: PM2 warn: [pidusage] We couldn't find uptime from /proc/uptime, using os.uptime() value
2026-06-01T06:54:55: PM2 warn: [pidusage] We couldn't find uptime from /proc/uptime, using os.uptime() value
2026-06-01T06:55:25: PM2 warn: [pidusage] We couldn't find uptime from /proc/uptime, using os.uptime() value
2026-06-01T06:55:55: PM2 warn: [pidusage] We couldn't find uptime from /proc/uptime, using os.uptime() value
2026-06-01T06:56:25: PM2 warn: [pidusage] We couldn't find uptime from /proc/uptime, using os.uptime() value
2026-06-01T06:56:55: PM2 warn: [pidusage] We couldn't find uptime from /proc/uptime, using os.uptime() value
2026-06-01T06:57:25: PM2 warn: [pidusage] We couldn't find uptime from /proc/uptime, using os.uptime() value
2026-06-01T06:57:55: PM2 warn: [pidusage] We couldn't find uptime from /proc/uptime, using os.uptime() value
2026-06-01T06:58:25: PM2 warn: [pidusage] We couldn't find uptime from /proc/uptime, using os.uptime() value
2026-06-01T06:58:55: PM2 warn: [pidusage] We couldn't find uptime from /proc/uptime, using os.uptime() value
2026-06-01T06:59:25: PM2 warn: [pidusage] We couldn't find uptime from /proc/uptime, using os.uptime() value
2026-06-01T06:59:55: PM2 warn: [pidusage] We couldn't find uptime from /proc/uptime, using os.uptime() value
2026-06-01T07:00:25: PM2 warn: [pidusage] We couldn't find uptime from /proc/uptime, using os.uptime() value
2026-06-01T07:00:55: PM2 warn: [pidusage] We couldn't find uptime from /proc/uptime, using os.uptime() value
2026-06-01T07:01:25: PM2 warn: [pidusage] We couldn't find uptime from /proc/uptime, using os.uptime() value
2026-06-01T07:01:55: PM2 warn: [pidusage] We couldn't find uptime from /proc/uptime, using os.uptime() value
2026-06-01T07:02:25: PM2 warn: [pidusage] We couldn't find uptime from /proc/uptime, using os.uptime() value
2026-06-01T07:02:55: PM2 warn: [pidusage] We couldn't find uptime from /proc/uptime, using os.uptime() value
2026-06-01T07:03:25: PM2 warn: [pidusage] We couldn't find uptime from /proc/uptime, using os.uptime() value
2026-06-01T07:03:55: PM2 warn: [pidusage] We couldn't find uptime from /proc/uptime, using os.uptime() value
2026-06-01T07:04:25: PM2 warn: [pidusage] We couldn't find uptime from /proc/uptime, using os.uptime() value
2026-06-01T07:04:55: PM2 warn: [pidusage] We couldn't find uptime from /proc/uptime, using os.uptime() value
2026-06-01T07:05:25: PM2 warn: [pidusage] We couldn't find uptime from /proc/uptime, using os.uptime() value
2026-06-01T07:05:55: PM2 warn: [pidusage] We couldn't find uptime from /proc/uptime, using os.uptime() value
2026-06-01T07:06:25: PM2 warn: [pidusage] We couldn't find uptime from /proc/uptime, using os.uptime() value
2026-06-01T07:06:55: PM2 warn: [pidusage] We couldn't find uptime from /proc/uptime, using os.uptime() value
2026-06-01T07:07:25: PM2 warn: [pidusage] We couldn't find uptime from /proc/uptime, using os.uptime() value
2026-06-01T07:07:55: PM2 warn: [pidusage] We couldn't find uptime from /proc/uptime, using os.uptime() value
2026-06-01T07:08:25: PM2 warn: [pidusage] We couldn't find uptime from /proc/uptime, using os.uptime() value
2026-06-01T07:08:55: PM2 warn: [pidusage] We couldn't find uptime from /proc/uptime, using os.uptime() value
2026-06-01T07:09:25: PM2 warn: [pidusage] We couldn't find uptime from /proc/uptime, using os.uptime() value
2026-06-01T07:09:55: PM2 warn: [pidusage] We couldn't find uptime from /proc/uptime, using os.uptime() value
2026-06-01T07:10:25: PM2 warn: [pidusage] We couldn't find uptime from /proc/uptime, using os.uptime() value
2026-06-01T07:10:55: PM2 warn: [pidusage] We couldn't find uptime from /proc/uptime, using os.uptime() value
2026-06-01T07:11:25: PM2 warn: [pidusage] We couldn't find uptime from /proc/uptime, using os.uptime() value
2026-06-01T07:11:55: PM2 warn: [pidusage] We couldn't find uptime from /proc/uptime, using os.uptime() value
2026-06-01T07:12:25: PM2 warn: [pidusage] We couldn't find uptime from /proc/uptime, using os.uptime() value
2026-06-01T07:12:55: PM2 warn: [pidusage] We couldn't find uptime from /proc/uptime, using os.uptime() value
2026-06-01T07:13:25: PM2 warn: [pidusage] We couldn't find uptime from /proc/uptime, using os.uptime() value
2026-06-01T07:13:55: PM2 warn: [pidusage] We couldn't find uptime from /proc/uptime, using os.uptime() value
2026-06-01T07:14:25: PM2 warn: [pidusage] We couldn't find uptime from /proc/uptime, using os.uptime() value
2026-06-01T07:14:55: PM2 warn: [pidusage] We couldn't find uptime from /proc/uptime, using os.uptime() value
2026-06-01T07:15:25: PM2 warn: [pidusage] We couldn't find uptime from /proc/uptime, using os.uptime() value
2026-06-01T07:15:55: PM2 warn: [pidusage] We couldn't find uptime from /proc/uptime, using os.uptime() value
2026-06-01T07:16:25: PM2 warn: [pidusage] We couldn't find uptime from /proc/uptime, using os.uptime() value
2026-06-01T07:16:55: PM2 warn: [pidusage] We couldn't find uptime from /proc/uptime, using os.uptime() value
2026-06-01T07:17:25: PM2 warn: [pidusage] We couldn't find uptime from /proc/uptime, using os.uptime() value
2026-06-01T07:17:55: PM2 warn: [pidusage] We couldn't find uptime from /proc/uptime, using os.uptime() value
2026-06-01T07:18:25: PM2 warn: [pidusage] We couldn't find uptime from /proc/uptime, using os.uptime() value
2026-06-01T07:18:55: PM2 warn: [pidusage] We couldn't find uptime from /proc/uptime, using os.uptime() value
2026-06-01T07:19:25: PM2 warn: [pidusage] We couldn't find uptime from /proc/uptime, using os.uptime() value
2026-06-01T07:19:55: PM2 warn: [pidusage] We couldn't find uptime from /proc/uptime, using os.uptime() value
2026-06-01T07:20:25: PM2 warn: [pidusage] We couldn't find uptime from /proc/uptime, using os.uptime() value
2026-06-01T07:20:55: PM2 warn: [pidusage] We couldn't find uptime from /proc/uptime, using os.uptime() value
2026-06-01T07:21:25: PM2 warn: [pidusage] We couldn't find uptime from /proc/uptime, using os.uptime() value
2026-06-01T07:21:55: PM2 warn: [pidusage] We couldn't find uptime from /proc/uptime, using os.uptime() value
2026-06-01T07:22:25: PM2 warn: [pidusage] We couldn't find uptime from /proc/uptime, using os.uptime() value
2026-06-01T07:22:55: PM2 warn: [pidusage] We couldn't find uptime from /proc/uptime, using os.uptime() value
2026-06-01T07:23:25: PM2 warn: [pidusage] We couldn't find uptime from /proc/uptime, using os.uptime() value
2026-06-01T07:23:55: PM2 warn: [pidusage] We couldn't find uptime from /proc/uptime, using os.uptime() value
2026-06-01T07:24:25: PM2 warn: [pidusage] We couldn't find uptime from /proc/uptime, using os.uptime() value
2026-06-01T07:24:55: PM2 warn: [pidusage] We couldn't find uptime from /proc/uptime, using os.uptime() value
2026-06-01T07:25:25: PM2 warn: [pidusage] We couldn't find uptime from /proc/uptime, using os.uptime() value
2026-06-01T07:25:55: PM2 warn: [pidusage] We couldn't find uptime from /proc/uptime, using os.uptime() value
2026-06-01T07:26:25: PM2 warn: [pidusage] We couldn't find uptime from /proc/uptime, using os.uptime() value
2026-06-01T07:26:55: PM2 warn: [pidusage] We couldn't find uptime from /proc/uptime, using os.uptime() value
2026-06-01T07:27:25: PM2 warn: [pidusage] We couldn't find uptime from /proc/uptime, using os.uptime() value
2026-06-01T07:27:55: PM2 warn: [pidusage] We couldn't find uptime from /proc/uptime, using os.uptime() value
2026-06-01T07:28:25: PM2 warn: [pidusage] We couldn't find uptime from /proc/uptime, using os.uptime() value
2026-06-01T07:28:55: PM2 warn: [pidusage] We couldn't find uptime from /proc/uptime, using os.uptime() value
2026-06-01T07:29:25: PM2 warn: [pidusage] We couldn't find uptime from /proc/uptime, using os.uptime() value
2026-06-01T07:29:55: PM2 warn: [pidusage] We couldn't find uptime from /proc/uptime, using os.uptime() value
2026-06-01T07:30:25: PM2 warn: [pidusage] We couldn't find uptime from /proc/uptime, using os.uptime() value
2026-06-01T07:30:55: PM2 warn: [pidusage] We couldn't find uptime from /proc/uptime, using os.uptime() value
2026-06-01T07:31:25: PM2 warn: [pidusage] We couldn't find uptime from /proc/uptime, using os.uptime() value
2026-06-01T07:31:55: PM2 warn: [pidusage] We couldn't find uptime from /proc/uptime, using os.uptime() value
2026-06-01T07:32:25: PM2 warn: [pidusage] We couldn't find uptime from /proc/uptime, using os.uptime() value
2026-06-01T07:32:55: PM2 warn: [pidusage] We couldn't find uptime from /proc/uptime, using os.uptime() value
2026-06-01T07:33:25: PM2 warn: [pidusage] We couldn't find uptime from /proc/uptime, using os.uptime() value
2026-06-01T07:33:55: PM2 warn: [pidusage] We couldn't find uptime from /proc/uptime, using os.uptime() value
2026-06-01T07:34:25: PM2 warn: [pidusage] We couldn't find uptime from /proc/uptime, using os.uptime() value
2026-06-01T07:34:55: PM2 warn: [pidusage] We couldn't find uptime from /proc/uptime, using os.uptime() value
2026-06-01T07:35:25: PM2 warn: [pidusage] We couldn't find uptime from /proc/uptime, using os.uptime() value
2026-06-01T07:35:55: PM2 warn: [pidusage] We couldn't find uptime from /proc/uptime, using os.uptime() value
2026-06-01T07:36:25: PM2 warn: [pidusage] We couldn't find uptime from /proc/uptime, using os.uptime() value
2026-06-01T07:36:55: PM2 warn: [pidusage] We couldn't find uptime from /proc/uptime, using os.uptime() value
2026-06-01T07:37:25: PM2 warn: [pidusage] We couldn't find uptime from /proc/uptime, using os.uptime() value
2026-06-01T07:37:55: PM2 warn: [pidusage] We couldn't find uptime from /proc/uptime, using os.uptime() value
2026-06-01T07:38:25: PM2 warn: [pidusage] We couldn't find uptime from /proc/uptime, using os.uptime() value
2026-06-01T07:38:55: PM2 warn: [pidusage] We couldn't find uptime from /proc/uptime, using os.uptime() value
2026-06-01T07:39:25: PM2 warn: [pidusage] We couldn't find uptime from /proc/uptime, using os.uptime() value
2026-06-01T07:39:55: PM2 warn: [pidusage] We couldn't find uptime from /proc/uptime, using os.uptime() value
2026-06-01T07:40:25: PM2 warn: [pidusage] We couldn't find uptime from /proc/uptime, using os.uptime() value
2026-06-01T07:40:55: PM2 warn: [pidusage] We couldn't find uptime from /proc/uptime, using os.uptime() value
2026-06-01T07:41:25: PM2 warn: [pidusage] We couldn't find uptime from /proc/uptime, using os.uptime() value
2026-06-01T07:41:55: PM2 warn: [pidusage] We couldn't find uptime from /proc/uptime, using os.uptime() value
2026-06-01T07:42:25: PM2 warn: [pidusage] We couldn't find uptime from /proc/uptime, using os.uptime() value
2026-06-01T07:42:55: PM2 warn: [pidusage] We couldn't find uptime from /proc/uptime, using os.uptime() value
2026-06-01T07:43:25: PM2 warn: [pidusage] We couldn't find uptime from /proc/uptime, using os.uptime() value
2026-06-01T07:43:55: PM2 warn: [pidusage] We couldn't find uptime from /proc/uptime, using os.uptime() value
2026-06-01T07:44:25: PM2 warn: [pidusage] We couldn't find uptime from /proc/uptime, using os.uptime() value
2026-06-01T07:44:55: PM2 warn: [pidusage] We couldn't find uptime from /proc/uptime, using os.uptime() value
2026-06-01T07:45:25: PM2 warn: [pidusage] We couldn't find uptime from /proc/uptime, using os.uptime() value
2026-06-01T07:45:55: PM2 warn: [pidusage] We couldn't find uptime from /proc/uptime, using os.uptime() value
2026-06-01T07:46:25: PM2 warn: [pidusage] We couldn't find uptime from /proc/uptime, using os.uptime() value
2026-06-01T07:46:55: PM2 warn: [pidusage] We couldn't find uptime from /proc/uptime, using os.uptime() value
2026-06-01T07:47:25: PM2 warn: [pidusage] We couldn't find uptime from /proc/uptime, using os.uptime() value
2026-06-01T07:47:55: PM2 warn: [pidusage] We couldn't find uptime from /proc/uptime, using os.uptime() value
2026-06-01T07:48:25: PM2 warn: [pidusage] We couldn't find uptime from /proc/uptime, using os.uptime() value
2026-06-01T07:48:55: PM2 warn: [pidusage] We couldn't find uptime from /proc/uptime, using os.uptime() value
2026-06-01T07:49:25: PM2 warn: [pidusage] We couldn't find uptime from /proc/uptime, using os.uptime() value
2026-06-01T07:49:55: PM2 warn: [pidusage] We couldn't find uptime from /proc/uptime, using os.uptime() value
2026-06-01T07:50:25: PM2 warn: [pidusage] We couldn't find uptime from /proc/uptime, using os.uptime() value
2026-06-01T07:50:55: PM2 warn: [pidusage] We couldn't find uptime from /proc/uptime, using os.uptime() value
2026-06-01T07:51:25: PM2 warn: [pidusage] We couldn't find uptime from /proc/uptime, using os.uptime() value
2026-06-01T07:51:55: PM2 warn: [pidusage] We couldn't find uptime from /proc/uptime, using os.uptime() value
2026-06-01T07:52:25: PM2 warn: [pidusage] We couldn't find uptime from /proc/uptime, using os.uptime() value
2026-06-01T07:52:55: PM2 warn: [pidusage] We couldn't find uptime from /proc/uptime, using os.uptime() value
2026-06-01T07:53:25: PM2 warn: [pidusage] We couldn't find uptime from /proc/uptime, using os.uptime() value
2026-06-01T07:53:55: PM2 warn: [pidusage] We couldn't find uptime from /proc/uptime, using os.uptime() value
2026-06-01T07:54:25: PM2 warn: [pidusage] We couldn't find uptime from /proc/uptime, using os.uptime() value
2026-06-01T07:54:55: PM2 warn: [pidusage] We couldn't find uptime from /proc/uptime, using os.uptime() value
2026-06-01T07:55:25: PM2 warn: [pidusage] We couldn't find uptime from /proc/uptime, using os.uptime() value
2026-06-01T07:55:55: PM2 warn: [pidusage] We couldn't find uptime from /proc/uptime, using os.uptime() value
2026-06-01T07:56:25: PM2 warn: [pidusage] We couldn't find uptime from /proc/uptime, using os.uptime() value
2026-06-01T07:56:55: PM2 warn: [pidusage] We couldn't find uptime from /proc/uptime, using os.uptime() value
2026-06-01T07:57:25: PM2 warn: [pidusage] We couldn't find uptime from /proc/uptime, using os.uptime() value
2026-06-01T07:57:55: PM2 warn: [pidusage] We couldn't find uptime from /proc/uptime, using os.uptime() value
2026-06-01T07:58:25: PM2 warn: [pidusage] We couldn't find uptime from /proc/uptime, using os.uptime() value
2026-06-01T07:58:55: PM2 warn: [pidusage] We couldn't find uptime from /proc/uptime, using os.uptime() value
2026-06-01T07:59:25: PM2 warn: [pidusage] We couldn't find uptime from /proc/uptime, using os.uptime() value
2026-06-01T07:59:55: PM2 warn: [pidusage] We couldn't find uptime from /proc/uptime, using os.uptime() value
2026-06-01T08:00:25: PM2 warn: [pidusage] We couldn't find uptime from /proc/uptime, using os.uptime() value
2026-06-01T08:00:55: PM2 warn: [pidusage] We couldn't find uptime from /proc/uptime, using os.uptime() value
2026-06-01T08:01:25: PM2 warn: [pidusage] We couldn't find uptime from /proc/uptime, using os.uptime() value
2026-06-01T08:01:55: PM2 warn: [pidusage] We couldn't find uptime from /proc/uptime, using os.uptime() value
2026-06-01T08:02:25: PM2 warn: [pidusage] We couldn't find uptime from /proc/uptime, using os.uptime() value
2026-06-01T08:02:55: PM2 warn: [pidusage] We couldn't find uptime from /proc/uptime, using os.uptime() value
2026-06-01T08:03:25: PM2 warn: [pidusage] We couldn't find uptime from /proc/uptime, using os.uptime() value
2026-06-01T08:03:55: PM2 warn: [pidusage] We couldn't find uptime from /proc/uptime, using os.uptime() value
2026-06-01T08:04:25: PM2 warn: [pidusage] We couldn't find uptime from /proc/uptime, using os.uptime() value
2026-06-01T08:04:55: PM2 warn: [pidusage] We couldn't find uptime from /proc/uptime, using os.uptime() value
2026-06-01T08:05:25: PM2 warn: [pidusage] We couldn't find uptime from /proc/uptime, using os.uptime() value
2026-06-01T08:05:55: PM2 warn: [pidusage] We couldn't find uptime from /proc/uptime, using os.uptime() value
2026-06-01T08:06:25: PM2 warn: [pidusage] We couldn't find uptime from /proc/uptime, using os.uptime() value
2026-06-01T08:06:55: PM2 warn: [pidusage] We couldn't find uptime from /proc/uptime, using os.uptime() value
2026-06-01T08:07:25: PM2 warn: [pidusage] We couldn't find uptime from /proc/uptime, using os.uptime() value
2026-06-01T08:07:55: PM2 warn: [pidusage] We couldn't find uptime from /proc/uptime, using os.uptime() value
2026-06-01T08:08:25: PM2 warn: [pidusage] We couldn't find uptime from /proc/uptime, using os.uptime() value
2026-06-01T08:08:55: PM2 warn: [pidusage] We couldn't find uptime from /proc/uptime, using os.uptime() value
2026-06-01T08:09:25: PM2 warn: [pidusage] We couldn't find uptime from /proc/uptime, using os.uptime() value
2026-06-01T08:09:55: PM2 warn: [pidusage] We couldn't find uptime from /proc/uptime, using os.uptime() value
2026-06-01T08:10:25: PM2 warn: [pidusage] We couldn't find uptime from /proc/uptime, using os.uptime() value
2026-06-01T08:10:55: PM2 warn: [pidusage] We couldn't find uptime from /proc/uptime, using os.uptime() value
2026-06-01T08:11:25: PM2 warn: [pidusage] We couldn't find uptime from /proc/uptime, using os.uptime() value
2026-06-01T08:11:55: PM2 warn: [pidusage] We couldn't find uptime from /proc/uptime, using os.uptime() value
2026-06-01T08:12:25: PM2 warn: [pidusage] We couldn't find uptime from /proc/uptime, using os.uptime() value
2026-06-01T08:12:55: PM2 warn: [pidusage] We couldn't find uptime from /proc/uptime, using os.uptime() value
2026-06-01T08:13:25: PM2 warn: [pidusage] We couldn't find uptime from /proc/uptime, using os.uptime() value
2026-06-01T08:13:55: PM2 warn: [pidusage] We couldn't find uptime from /proc/uptime, using os.uptime() value
2026-06-01T08:14:25: PM2 warn: [pidusage] We couldn't find uptime from /proc/uptime, using os.uptime() value
2026-06-01T08:14:55: PM2 warn: [pidusage] We couldn't find uptime from /proc/uptime, using os.uptime() value
2026-06-01T08:15:25: PM2 warn: [pidusage] We couldn't find uptime from /proc/uptime, using os.uptime() value
2026-06-01T08:15:55: PM2 warn: [pidusage] We couldn't find uptime from /proc/uptime, using os.uptime() value
2026-06-01T08:16:25: PM2 warn: [pidusage] We couldn't find uptime from /proc/uptime, using os.uptime() value
2026-06-01T08:16:55: PM2 warn: [pidusage] We couldn't find uptime from /proc/uptime, using os.uptime() value
2026-06-01T08:17:25: PM2 warn: [pidusage] We couldn't find uptime from /proc/uptime, using os.uptime() value
2026-06-01T08:17:55: PM2 warn: [pidusage] We couldn't find uptime from /proc/uptime, using os.uptime() value
2026-06-01T08:18:25: PM2 warn: [pidusage] We couldn't find uptime from /proc/uptime, using os.uptime() value
2026-06-01T08:18:55: PM2 warn: [pidusage] We couldn't find uptime from /proc/uptime, using os.uptime() value
2026-06-01T08:19:25: PM2 warn: [pidusage] We couldn't find uptime from /proc/uptime, using os.uptime() value
2026-06-01T08:19:55: PM2 warn: [pidusage] We couldn't find uptime from /proc/uptime, using os.uptime() value
2026-06-01T08:20:25: PM2 warn: [pidusage] We couldn't find uptime from /proc/uptime, using os.uptime() value
2026-06-01T08:20:55: PM2 warn: [pidusage] We couldn't find uptime from /proc/uptime, using os.uptime() value
2026-06-01T08:21:25: PM2 warn: [pidusage] We couldn't find uptime from /proc/uptime, using os.uptime() value
2026-06-01T08:21:55: PM2 warn: [pidusage] We couldn't find uptime from /proc/uptime, using os.uptime() value
2026-06-01T08:22:25: PM2 warn: [pidusage] We couldn't find uptime from /proc/uptime, using os.uptime() value
2026-06-01T08:22:55: PM2 warn: [pidusage] We couldn't find uptime from /proc/uptime, using os.uptime() value
2026-06-01T08:23:25: PM2 warn: [pidusage] We couldn't find uptime from /proc/uptime, using os.uptime() value
2026-06-01T08:23:55: PM2 warn: [pidusage] We couldn't find uptime from /proc/uptime, using os.uptime() value
2026-06-01T08:24:25: PM2 warn: [pidusage] We couldn't find uptime from /proc/uptime, using os.uptime() value
2026-06-01T08:24:55: PM2 warn: [pidusage] We couldn't find uptime from /proc/uptime, using os.uptime() value
2026-06-01T08:25:25: PM2 warn: [pidusage] We couldn't find uptime from /proc/uptime, using os.uptime() value
2026-06-01T08:25:55: PM2 warn: [pidusage] We couldn't find uptime from /proc/uptime, using os.uptime() value
2026-06-01T08:26:25: PM2 warn: [pidusage] We couldn't find uptime from /proc/uptime, using os.uptime() value
2026-06-01T08:26:55: PM2 warn: [pidusage] We couldn't find uptime from /proc/uptime, using os.uptime() value
2026-06-01T08:27:25: PM2 warn: [pidusage] We couldn't find uptime from /proc/uptime, using os.uptime() value
2026-06-01T08:27:55: PM2 warn: [pidusage] We couldn't find uptime from /proc/uptime, using os.uptime() value
2026-06-01T08:28:25: PM2 warn: [pidusage] We couldn't find uptime from /proc/uptime, using os.uptime() value
2026-06-01T08:28:55: PM2 warn: [pidusage] We couldn't find uptime from /proc/uptime, using os.uptime() value
2026-06-01T08:29:25: PM2 warn: [pidusage] We couldn't find uptime from /proc/uptime, using os.uptime() value
2026-06-01T08:29:55: PM2 warn: [pidusage] We couldn't find uptime from /proc/uptime, using os.uptime() value
2026-06-01T08:30:25: PM2 warn: [pidusage] We couldn't find uptime from /proc/uptime, using os.uptime() value
2026-06-01T08:30:55: PM2 warn: [pidusage] We couldn't find uptime from /proc/uptime, using os.uptime() value
2026-06-01T08:31:25: PM2 warn: [pidusage] We couldn't find uptime from /proc/uptime, using os.uptime() value
2026-06-01T08:31:55: PM2 warn: [pidusage] We couldn't find uptime from /proc/uptime, using os.uptime() value
2026-06-01T08:32:25: PM2 warn: [pidusage] We couldn't find uptime from /proc/uptime, using os.uptime() value
2026-06-01T08:32:55: PM2 warn: [pidusage] We couldn't find uptime from /proc/uptime, using os.uptime() value
2026-06-01T08:33:25: PM2 warn: [pidusage] We couldn't find uptime from /proc/uptime, using os.uptime() value
2026-06-01T08:33:55: PM2 warn: [pidusage] We couldn't find uptime from /proc/uptime, using os.uptime() value
2026-06-01T08:34:25: PM2 warn: [pidusage] We couldn't find uptime from /proc/uptime, using os.uptime() value
2026-06-01T08:34:55: PM2 warn: [pidusage] We couldn't find uptime from /proc/uptime, using os.uptime() value
2026-06-01T08:35:25: PM2 warn: [pidusage] We couldn't find uptime from /proc/uptime, using os.uptime() value
2026-06-01T08:35:55: PM2 warn: [pidusage] We couldn't find uptime from /proc/uptime, using os.uptime() value
2026-06-01T08:36:25: PM2 warn: [pidusage] We couldn't find uptime from /proc/uptime, using os.uptime() value
2026-06-01T08:36:55: PM2 warn: [pidusage] We couldn't find uptime from /proc/uptime, using os.uptime() value
2026-06-01T08:37:25: PM2 warn: [pidusage] We couldn't find uptime from /proc/uptime, using os.uptime() value
2026-06-01T08:37:55: PM2 warn: [pidusage] We couldn't find uptime from /proc/uptime, using os.uptime() value
2026-06-01T08:38:25: PM2 warn: [pidusage] We couldn't find uptime from /proc/uptime, using os.uptime() value
2026-06-01T08:38:55: PM2 warn: [pidusage] We couldn't find uptime from /proc/uptime, using os.uptime() value
2026-06-01T08:39:25: PM2 warn: [pidusage] We couldn't find uptime from /proc/uptime, using os.uptime() value
2026-06-01T08:39:55: PM2 warn: [pidusage] We couldn't find uptime from /proc/uptime, using os.uptime() value
2026-06-01T08:40:25: PM2 warn: [pidusage] We couldn't find uptime from /proc/uptime, using os.uptime() value
2026-06-01T08:40:55: PM2 warn: [pidusage] We couldn't find uptime from /proc/uptime, using os.uptime() value
2026-06-01T08:41:25: PM2 warn: [pidusage] We couldn't find uptime from /proc/uptime, using os.uptime() value
2026-06-01T08:41:55: PM2 warn: [pidusage] We couldn't find uptime from /proc/uptime, using os.uptime() value
2026-06-01T08:42:25: PM2 warn: [pidusage] We couldn't find uptime from /proc/uptime, using os.uptime() value
2026-06-01T08:42:55: PM2 warn: [pidusage] We couldn't find uptime from /proc/uptime, using os.uptime() value
2026-06-01T08:43:25: PM2 warn: [pidusage] We couldn't find uptime from /proc/uptime, using os.uptime() value
2026-06-01T08:43:55: PM2 warn: [pidusage] We couldn't find uptime from /proc/uptime, using os.uptime() value
2026-06-01T08:44:25: PM2 warn: [pidusage] We couldn't find uptime from /proc/uptime, using os.uptime() value
2026-06-01T08:44:55: PM2 warn: [pidusage] We couldn't find uptime from /proc/uptime, using os.uptime() value
2026-06-01T08:45:25: PM2 warn: [pidusage] We couldn't find uptime from /proc/uptime, using os.uptime() value
2026-06-01T08:45:55: PM2 warn: [pidusage] We couldn't find uptime from /proc/uptime, using os.uptime() value
2026-06-01T08:46:25: PM2 warn: [pidusage] We couldn't find uptime from /proc/uptime, using os.uptime() value
2026-06-01T08:46:55: PM2 warn: [pidusage] We couldn't find uptime from /proc/uptime, using os.uptime() value
2026-06-01T08:47:25: PM2 warn: [pidusage] We couldn't find uptime from /proc/uptime, using os.uptime() value
2026-06-01T08:47:55: PM2 warn: [pidusage] We couldn't find uptime from /proc/uptime, using os.uptime() value
2026-06-01T08:48:25: PM2 warn: [pidusage] We couldn't find uptime from /proc/uptime, using os.uptime() value
2026-06-01T08:48:55: PM2 warn: [pidusage] We couldn't find uptime from /proc/uptime, using os.uptime() value
2026-06-01T08:49:25: PM2 warn: [pidusage] We couldn't find uptime from /proc/uptime, using os.uptime() value
2026-06-01T08:49:55: PM2 warn: [pidusage] We couldn't find uptime from /proc/uptime, using os.uptime() value
2026-06-01T08:50:25: PM2 warn: [pidusage] We couldn't find uptime from /proc/uptime, using os.uptime() value
2026-06-01T08:50:55: PM2 warn: [pidusage] We couldn't find uptime from /proc/uptime, using os.uptime() value
2026-06-01T08:51:25: PM2 warn: [pidusage] We couldn't find uptime from /proc/uptime, using os.uptime() value
2026-06-01T08:51:55: PM2 warn: [pidusage] We couldn't find uptime from /proc/uptime, using os.uptime() value
2026-06-01T08:52:25: PM2 warn: [pidusage] We couldn't find uptime from /proc/uptime, using os.uptime() value
2026-06-01T08:52:55: PM2 warn: [pidusage] We couldn't find uptime from /proc/uptime, using os.uptime() value
2026-06-01T08:53:25: PM2 warn: [pidusage] We couldn't find uptime from /proc/uptime, using os.uptime() value
2026-06-01T08:53:55: PM2 warn: [pidusage] We couldn't find uptime from /proc/uptime, using os.uptime() value
2026-06-01T08:54:25: PM2 warn: [pidusage] We couldn't find uptime from /proc/uptime, using os.uptime() value
2026-06-01T08:54:55: PM2 warn: [pidusage] We couldn't find uptime from /proc/uptime, using os.uptime() value
2026-06-01T08:55:25: PM2 warn: [pidusage] We couldn't find uptime from /proc/uptime, using os.uptime() value
2026-06-01T08:55:55: PM2 warn: [pidusage] We couldn't find uptime from /proc/uptime, using os.uptime() value
2026-06-01T08:56:25: PM2 warn: [pidusage] We couldn't find uptime from /proc/uptime, using os.uptime() value
2026-06-01T08:56:55: PM2 warn: [pidusage] We couldn't find uptime from /proc/uptime, using os.uptime() value
2026-06-01T08:57:25: PM2 warn: [pidusage] We couldn't find uptime from /proc/uptime, using os.uptime() value
2026-06-01T08:57:55: PM2 warn: [pidusage] We couldn't find uptime from /proc/uptime, using os.uptime() value
2026-06-01T08:58:25: PM2 warn: [pidusage] We couldn't find uptime from /proc/uptime, using os.uptime() value
2026-06-01T08:58:55: PM2 warn: [pidusage] We couldn't find uptime from /proc/uptime, using os.uptime() value
2026-06-01T08:59:25: PM2 warn: [pidusage] We couldn't find uptime from /proc/uptime, using os.uptime() value
2026-06-01T08:59:55: PM2 warn: [pidusage] We couldn't find uptime from /proc/uptime, using os.uptime() value
2026-06-01T09:00:25: PM2 warn: [pidusage] We couldn't find uptime from /proc/uptime, using os.uptime() value
2026-06-01T09:00:55: PM2 warn: [pidusage] We couldn't find uptime from /proc/uptime, using os.uptime() value
2026-06-01T09:01:25: PM2 warn: [pidusage] We couldn't find uptime from /proc/uptime, using os.uptime() value
2026-06-01T09:01:55: PM2 warn: [pidusage] We couldn't find uptime from /proc/uptime, using os.uptime() value
2026-06-01T09:02:25: PM2 warn: [pidusage] We couldn't find uptime from /proc/uptime, using os.uptime() value
2026-06-01T09:02:55: PM2 warn: [pidusage] We couldn't find uptime from /proc/uptime, using os.uptime() value
2026-06-01T09:03:25: PM2 warn: [pidusage] We couldn't find uptime from /proc/uptime, using os.uptime() value
2026-06-01T09:03:55: PM2 warn: [pidusage] We couldn't find uptime from /proc/uptime, using os.uptime() value
2026-06-01T09:04:25: PM2 warn: [pidusage] We couldn't find uptime from /proc/uptime, using os.uptime() value
2026-06-01T09:04:55: PM2 warn: [pidusage] We couldn't find uptime from /proc/uptime, using os.uptime() value
2026-06-01T09:05:25: PM2 warn: [pidusage] We couldn't find uptime from /proc/uptime, using os.uptime() value
2026-06-01T09:05:55: PM2 warn: [pidusage] We couldn't find uptime from /proc/uptime, using os.uptime() value
2026-06-01T09:06:25: PM2 warn: [pidusage] We couldn't find uptime from /proc/uptime, using os.uptime() value
2026-06-01T09:06:55: PM2 warn: [pidusage] We couldn't find uptime from /proc/uptime, using os.uptime() value
2026-06-01T09:07:25: PM2 warn: [pidusage] We couldn't find uptime from /proc/uptime, using os.uptime() value
2026-06-01T09:07:55: PM2 warn: [pidusage] We couldn't find uptime from /proc/uptime, using os.uptime() value
2026-06-01T09:08:25: PM2 warn: [pidusage] We couldn't find uptime from /proc/uptime, using os.uptime() value
2026-06-01T09:08:55: PM2 warn: [pidusage] We couldn't find uptime from /proc/uptime, using os.uptime() value
2026-06-01T09:09:25: PM2 warn: [pidusage] We couldn't find uptime from /proc/uptime, using os.uptime() value
2026-06-01T09:09:55: PM2 warn: [pidusage] We couldn't find uptime from /proc/uptime, using os.uptime() value
2026-06-01T09:10:25: PM2 warn: [pidusage] We couldn't find uptime from /proc/uptime, using os.uptime() value
2026-06-01T09:10:55: PM2 warn: [pidusage] We couldn't find uptime from /proc/uptime, using os.uptime() value
2026-06-01T09:11:25: PM2 warn: [pidusage] We couldn't find uptime from /proc/uptime, using os.uptime() value
2026-06-01T09:11:55: PM2 warn: [pidusage] We couldn't find uptime from /proc/uptime, using os.uptime() value
2026-06-01T09:12:25: PM2 warn: [pidusage] We couldn't find uptime from /proc/uptime, using os.uptime() value
2026-06-01T09:12:55: PM2 warn: [pidusage] We couldn't find uptime from /proc/uptime, using os.uptime() value
2026-06-01T09:13:25: PM2 warn: [pidusage] We couldn't find uptime from /proc/uptime, using os.uptime() value
2026-06-01T09:13:55: PM2 warn: [pidusage] We couldn't find uptime from /proc/uptime, using os.uptime() value
2026-06-01T09:14:25: PM2 warn: [pidusage] We couldn't find uptime from /proc/uptime, using os.uptime() value
2026-06-01T09:14:55: PM2 warn: [pidusage] We couldn't find uptime from /proc/uptime, using os.uptime() value
2026-06-01T09:15:25: PM2 warn: [pidusage] We couldn't find uptime from /proc/uptime, using os.uptime() value
2026-06-01T09:15:55: PM2 warn: [pidusage] We couldn't find uptime from /proc/uptime, using os.uptime() value
2026-06-01T09:16:25: PM2 warn: [pidusage] We couldn't find uptime from /proc/uptime, using os.uptime() value
2026-06-01T09:16:55: PM2 warn: [pidusage] We couldn't find uptime from /proc/uptime, using os.uptime() value
2026-06-01T09:17:25: PM2 warn: [pidusage] We couldn't find uptime from /proc/uptime, using os.uptime() value
2026-06-01T09:17:55: PM2 warn: [pidusage] We couldn't find uptime from /proc/uptime, using os.uptime() value
2026-06-01T09:18:25: PM2 warn: [pidusage] We couldn't find uptime from /proc/uptime, using os.uptime() value
2026-06-01T09:18:55: PM2 warn: [pidusage] We couldn't find uptime from /proc/uptime, using os.uptime() value
2026-06-01T09:19:25: PM2 warn: [pidusage] We couldn't find uptime from /proc/uptime, using os.uptime() value
2026-06-01T09:19:55: PM2 warn: [pidusage] We couldn't find uptime from /proc/uptime, using os.uptime() value
2026-06-01T09:20:25: PM2 warn: [pidusage] We couldn't find uptime from /proc/uptime, using os.uptime() value
2026-06-01T09:20:55: PM2 warn: [pidusage] We couldn't find uptime from /proc/uptime, using os.uptime() value
2026-06-01T09:21:25: PM2 warn: [pidusage] We couldn't find uptime from /proc/uptime, using os.uptime() value
2026-06-01T09:21:55: PM2 warn: [pidusage] We couldn't find uptime from /proc/uptime, using os.uptime() value
2026-06-01T09:22:25: PM2 warn: [pidusage] We couldn't find uptime from /proc/uptime, using os.uptime() value
2026-06-01T09:22:55: PM2 warn: [pidusage] We couldn't find uptime from /proc/uptime, using os.uptime() value
2026-06-01T09:23:25: PM2 warn: [pidusage] We couldn't find uptime from /proc/uptime, using os.uptime() value
2026-06-01T09:23:55: PM2 warn: [pidusage] We couldn't find uptime from /proc/uptime, using os.uptime() value
2026-06-01T09:24:25: PM2 warn: [pidusage] We couldn't find uptime from /proc/uptime, using os.uptime() value
2026-06-01T09:24:55: PM2 warn: [pidusage] We couldn't find uptime from /proc/uptime, using os.uptime() value
2026-06-01T09:25:25: PM2 warn: [pidusage] We couldn't find uptime from /proc/uptime, using os.uptime() value
2026-06-01T09:25:55: PM2 warn: [pidusage] We couldn't find uptime from /proc/uptime, using os.uptime() value
2026-06-01T09:26:25: PM2 warn: [pidusage] We couldn't find uptime from /proc/uptime, using os.uptime() value
2026-06-01T09:26:55: PM2 warn: [pidusage] We couldn't find uptime from /proc/uptime, using os.uptime() value
2026-06-01T09:27:25: PM2 warn: [pidusage] We couldn't find uptime from /proc/uptime, using os.uptime() value
2026-06-01T09:27:55: PM2 warn: [pidusage] We couldn't find uptime from /proc/uptime, using os.uptime() value
2026-06-01T09:28:25: PM2 warn: [pidusage] We couldn't find uptime from /proc/uptime, using os.uptime() value
2026-06-01T09:28:55: PM2 warn: [pidusage] We couldn't find uptime from /proc/uptime, using os.uptime() value
2026-06-01T09:29:25: PM2 warn: [pidusage] We couldn't find uptime from /proc/uptime, using os.uptime() value
2026-06-01T09:29:55: PM2 warn: [pidusage] We couldn't find uptime from /proc/uptime, using os.uptime() value
2026-06-01T09:30:25: PM2 warn: [pidusage] We couldn't find uptime from /proc/uptime, using os.uptime() value
2026-06-01T09:30:55: PM2 warn: [pidusage] We couldn't find uptime from /proc/uptime, using os.uptime() value
2026-06-01T09:31:25: PM2 warn: [pidusage] We couldn't find uptime from /proc/uptime, using os.uptime() value
2026-06-01T09:31:55: PM2 warn: [pidusage] We couldn't find uptime from /proc/uptime, using os.uptime() value
2026-06-01T09:32:25: PM2 warn: [pidusage] We couldn't find uptime from /proc/uptime, using os.uptime() value
2026-06-01T09:32:55: PM2 warn: [pidusage] We couldn't find uptime from /proc/uptime, using os.uptime() value
2026-06-01T09:33:25: PM2 warn: [pidusage] We couldn't find uptime from /proc/uptime, using os.uptime() value
2026-06-01T09:33:55: PM2 warn: [pidusage] We couldn't find uptime from /proc/uptime, using os.uptime() value
2026-06-01T09:34:25: PM2 warn: [pidusage] We couldn't find uptime from /proc/uptime, using os.uptime() value
2026-06-01T09:34:55: PM2 warn: [pidusage] We couldn't find uptime from /proc/uptime, using os.uptime() value
2026-06-01T09:35:25: PM2 warn: [pidusage] We couldn't find uptime from /proc/uptime, using os.uptime() value
2026-06-01T09:35:55: PM2 warn: [pidusage] We couldn't find uptime from /proc/uptime, using os.uptime() value
2026-06-01T09:36:25: PM2 warn: [pidusage] We couldn't find uptime from /proc/uptime, using os.uptime() value
2026-06-01T09:36:55: PM2 warn: [pidusage] We couldn't find uptime from /proc/uptime, using os.uptime() value
2026-06-01T09:37:26: PM2 warn: [pidusage] We couldn't find uptime from /proc/uptime, using os.uptime() value
2026-06-01T09:37:56: PM2 warn: [pidusage] We couldn't find uptime from /proc/uptime, using os.uptime() value
2026-06-01T09:38:25: PM2 warn: [pidusage] We couldn't find uptime from /proc/uptime, using os.uptime() value
2026-06-01T09:38:55: PM2 warn: [pidusage] We couldn't find uptime from /proc/uptime, using os.uptime() value
2026-06-01T09:39:26: PM2 warn: [pidusage] We couldn't find uptime from /proc/uptime, using os.uptime() value
2026-06-01T09:39:55: PM2 warn: [pidusage] We couldn't find uptime from /proc/uptime, using os.uptime() value
2026-06-01T09:40:25: PM2 warn: [pidusage] We couldn't find uptime from /proc/uptime, using os.uptime() value
2026-06-01T09:40:55: PM2 warn: [pidusage] We couldn't find uptime from /proc/uptime, using os.uptime() value
2026-06-01T09:41:26: PM2 warn: [pidusage] We couldn't find uptime from /proc/uptime, using os.uptime() value
2026-06-01T09:41:56: PM2 warn: [pidusage] We couldn't find uptime from /proc/uptime, using os.uptime() value
2026-06-01T09:42:26: PM2 warn: [pidusage] We couldn't find uptime from /proc/uptime, using os.uptime() value
2026-06-01T09:42:56: PM2 warn: [pidusage] We couldn't find uptime from /proc/uptime, using os.uptime() value
2026-06-01T09:43:26: PM2 warn: [pidusage] We couldn't find uptime from /proc/uptime, using os.uptime() value
2026-06-01T09:43:56: PM2 warn: [pidusage] We couldn't find uptime from /proc/uptime, using os.uptime() value
2026-06-01T09:44:26: PM2 warn: [pidusage] We couldn't find uptime from /proc/uptime, using os.uptime() value
2026-06-01T09:44:56: PM2 warn: [pidusage] We couldn't find uptime from /proc/uptime, using os.uptime() value
2026-06-01T09:45:26: PM2 warn: [pidusage] We couldn't find uptime from /proc/uptime, using os.uptime() value
2026-06-01T09:45:56: PM2 warn: [pidusage] We couldn't find uptime from /proc/uptime, using os.uptime() value
2026-06-01T09:46:26: PM2 warn: [pidusage] We couldn't find uptime from /proc/uptime, using os.uptime() value
2026-06-01T09:46:56: PM2 warn: [pidusage] We couldn't find uptime from /proc/uptime, using os.uptime() value
2026-06-01T09:47:26: PM2 warn: [pidusage] We couldn't find uptime from /proc/uptime, using os.uptime() value
2026-06-01T09:47:56: PM2 warn: [pidusage] We couldn't find uptime from /proc/uptime, using os.uptime() value
2026-06-01T09:48:26: PM2 warn: [pidusage] We couldn't find uptime from /proc/uptime, using os.uptime() value
2026-06-01T09:48:56: PM2 warn: [pidusage] We couldn't find uptime from /proc/uptime, using os.uptime() value
2026-06-01T09:49:26: PM2 warn: [pidusage] We couldn't find uptime from /proc/uptime, using os.uptime() value
2026-06-01T09:49:56: PM2 warn: [pidusage] We couldn't find uptime from /proc/uptime, using os.uptime() value
2026-06-01T09:50:26: PM2 warn: [pidusage] We couldn't find uptime from /proc/uptime, using os.uptime() value
2026-06-01T09:50:56: PM2 warn: [pidusage] We couldn't find uptime from /proc/uptime, using os.uptime() value
2026-06-01T09:51:26: PM2 warn: [pidusage] We couldn't find uptime from /proc/uptime, using os.uptime() value
2026-06-01T09:51:56: PM2 warn: [pidusage] We couldn't find uptime from /proc/uptime, using os.uptime() value
2026-06-01T09:52:26: PM2 warn: [pidusage] We couldn't find uptime from /proc/uptime, using os.uptime() value
2026-06-01T09:52:56: PM2 warn: [pidusage] We couldn't find uptime from /proc/uptime, using os.uptime() value
2026-06-01T09:53:26: PM2 warn: [pidusage] We couldn't find uptime from /proc/uptime, using os.uptime() value
2026-06-01T09:53:56: PM2 warn: [pidusage] We couldn't find uptime from /proc/uptime, using os.uptime() value
2026-06-01T09:54:26: PM2 warn: [pidusage] We couldn't find uptime from /proc/uptime, using os.uptime() value
2026-06-01T09:54:56: PM2 warn: [pidusage] We couldn't find uptime from /proc/uptime, using os.uptime() value
2026-06-01T09:55:26: PM2 warn: [pidusage] We couldn't find uptime from /proc/uptime, using os.uptime() value
2026-06-01T09:55:56: PM2 warn: [pidusage] We couldn't find uptime from /proc/uptime, using os.uptime() value
2026-06-01T09:56:26: PM2 warn: [pidusage] We couldn't find uptime from /proc/uptime, using os.uptime() value
2026-06-01T09:56:56: PM2 warn: [pidusage] We couldn't find uptime from /proc/uptime, using os.uptime() value
2026-06-01T09:57:26: PM2 warn: [pidusage] We couldn't find uptime from /proc/uptime, using os.uptime() value
2026-06-01T09:57:56: PM2 warn: [pidusage] We couldn't find uptime from /proc/uptime, using os.uptime() value
2026-06-01T09:58:26: PM2 warn: [pidusage] We couldn't find uptime from /proc/uptime, using os.uptime() value
2026-06-01T09:58:56: PM2 warn: [pidusage] We couldn't find uptime from /proc/uptime, using os.uptime() value
2026-06-01T09:59:26: PM2 warn: [pidusage] We couldn't find uptime from /proc/uptime, using os.uptime() value
2026-06-01T09:59:56: PM2 warn: [pidusage] We couldn't find uptime from /proc/uptime, using os.uptime() value
2026-06-01T10:00:26: PM2 warn: [pidusage] We couldn't find uptime from /proc/uptime, using os.uptime() value
2026-06-01T10:00:56: PM2 warn: [pidusage] We couldn't find uptime from /proc/uptime, using os.uptime() value
2026-06-01T10:01:26: PM2 warn: [pidusage] We couldn't find uptime from /proc/uptime, using os.uptime() value
2026-06-01T10:01:56: PM2 warn: [pidusage] We couldn't find uptime from /proc/uptime, using os.uptime() value
2026-06-01T10:02:26: PM2 warn: [pidusage] We couldn't find uptime from /proc/uptime, using os.uptime() value
2026-06-01T10:02:56: PM2 warn: [pidusage] We couldn't find uptime from /proc/uptime, using os.uptime() value
2026-06-01T10:03:26: PM2 warn: [pidusage] We couldn't find uptime from /proc/uptime, using os.uptime() value
2026-06-01T10:03:56: PM2 warn: [pidusage] We couldn't find uptime from /proc/uptime, using os.uptime() value
2026-06-01T10:04:26: PM2 warn: [pidusage] We couldn't find uptime from /proc/uptime, using os.uptime() value
2026-06-01T10:04:56: PM2 warn: [pidusage] We couldn't find uptime from /proc/uptime, using os.uptime() value
2026-06-01T10:05:26: PM2 warn: [pidusage] We couldn't find uptime from /proc/uptime, using os.uptime() value
2026-06-01T10:05:56: PM2 warn: [pidusage] We couldn't find uptime from /proc/uptime, using os.uptime() value
2026-06-01T10:06:26: PM2 warn: [pidusage] We couldn't find uptime from /proc/uptime, using os.uptime() value
2026-06-01T10:06:56: PM2 warn: [pidusage] We couldn't find uptime from /proc/uptime, using os.uptime() value
2026-06-01T10:07:26: PM2 warn: [pidusage] We couldn't find uptime from /proc/uptime, using os.uptime() value
2026-06-01T10:07:56: PM2 warn: [pidusage] We couldn't find uptime from /proc/uptime, using os.uptime() value
2026-06-01T10:08:26: PM2 warn: [pidusage] We couldn't find uptime from /proc/uptime, using os.uptime() value
2026-06-01T10:08:56: PM2 warn: [pidusage] We couldn't find uptime from /proc/uptime, using os.uptime() value
2026-06-01T10:09:26: PM2 warn: [pidusage] We couldn't find uptime from /proc/uptime, using os.uptime() value
2026-06-01T10:09:56: PM2 warn: [pidusage] We couldn't find uptime from /proc/uptime, using os.uptime() value
2026-06-01T10:10:26: PM2 warn: [pidusage] We couldn't find uptime from /proc/uptime, using os.uptime() value
2026-06-01T10:10:56: PM2 warn: [pidusage] We couldn't find uptime from /proc/uptime, using os.uptime() value
2026-06-01T10:11:26: PM2 warn: [pidusage] We couldn't find uptime from /proc/uptime, using os.uptime() value
2026-06-01T10:11:56: PM2 warn: [pidusage] We couldn't find uptime from /proc/uptime, using os.uptime() value
2026-06-01T10:12:26: PM2 warn: [pidusage] We couldn't find uptime from /proc/uptime, using os.uptime() value
2026-06-01T10:12:56: PM2 warn: [pidusage] We couldn't find uptime from /proc/uptime, using os.uptime() value
2026-06-01T10:13:26: PM2 warn: [pidusage] We couldn't find uptime from /proc/uptime, using os.uptime() value
2026-06-01T10:13:56: PM2 warn: [pidusage] We couldn't find uptime from /proc/uptime, using os.uptime() value
2026-06-01T10:14:26: PM2 warn: [pidusage] We couldn't find uptime from /proc/uptime, using os.uptime() value
2026-06-01T10:14:56: PM2 warn: [pidusage] We couldn't find uptime from /proc/uptime, using os.uptime() value
2026-06-01T10:15:26: PM2 warn: [pidusage] We couldn't find uptime from /proc/uptime, using os.uptime() value
2026-06-01T10:15:56: PM2 warn: [pidusage] We couldn't find uptime from /proc/uptime, using os.uptime() value
2026-06-01T10:16:26: PM2 warn: [pidusage] We couldn't find uptime from /proc/uptime, using os.uptime() value
2026-06-01T10:16:56: PM2 warn: [pidusage] We couldn't find uptime from /proc/uptime, using os.uptime() value
2026-06-01T10:17:26: PM2 warn: [pidusage] We couldn't find uptime from /proc/uptime, using os.uptime() value
2026-06-01T10:17:56: PM2 warn: [pidusage] We couldn't find uptime from /proc/uptime, using os.uptime() value
2026-06-01T10:18:26: PM2 warn: [pidusage] We couldn't find uptime from /proc/uptime, using os.uptime() value
2026-06-01T10:18:56: PM2 warn: [pidusage] We couldn't find uptime from /proc/uptime, using os.uptime() value
2026-06-01T10:19:26: PM2 warn: [pidusage] We couldn't find uptime from /proc/uptime, using os.uptime() value
2026-06-01T10:19:56: PM2 warn: [pidusage] We couldn't find uptime from /proc/uptime, using os.uptime() value
2026-06-01T10:20:26: PM2 warn: [pidusage] We couldn't find uptime from /proc/uptime, using os.uptime() value
2026-06-01T10:20:56: PM2 warn: [pidusage] We couldn't find uptime from /proc/uptime, using os.uptime() value
2026-06-01T10:21:26: PM2 warn: [pidusage] We couldn't find uptime from /proc/uptime, using os.uptime() value
2026-06-01T10:21:56: PM2 warn: [pidusage] We couldn't find uptime from /proc/uptime, using os.uptime() value
2026-06-01T10:22:26: PM2 warn: [pidusage] We couldn't find uptime from /proc/uptime, using os.uptime() value
2026-06-01T10:22:56: PM2 warn: [pidusage] We couldn't find uptime from /proc/uptime, using os.uptime() value
2026-06-01T10:23:26: PM2 warn: [pidusage] We couldn't find uptime from /proc/uptime, using os.uptime() value
2026-06-01T10:23:56: PM2 warn: [pidusage] We couldn't find uptime from /proc/uptime, using os.uptime() value
2026-06-01T10:24:26: PM2 warn: [pidusage] We couldn't find uptime from /proc/uptime, using os.uptime() value
2026-06-01T10:24:56: PM2 warn: [pidusage] We couldn't find uptime from /proc/uptime, using os.uptime() value
2026-06-01T10:25:26: PM2 warn: [pidusage] We couldn't find uptime from /proc/uptime, using os.uptime() value
2026-06-01T10:25:56: PM2 warn: [pidusage] We couldn't find uptime from /proc/uptime, using os.uptime() value
2026-06-01T10:26:26: PM2 warn: [pidusage] We couldn't find uptime from /proc/uptime, using os.uptime() value
2026-06-01T10:26:56: PM2 warn: [pidusage] We couldn't find uptime from /proc/uptime, using os.uptime() value
2026-06-01T10:27:26: PM2 warn: [pidusage] We couldn't find uptime from /proc/uptime, using os.uptime() value
2026-06-01T10:27:56: PM2 warn: [pidusage] We couldn't find uptime from /proc/uptime, using os.uptime() value
2026-06-01T10:28:26: PM2 warn: [pidusage] We couldn't find uptime from /proc/uptime, using os.uptime() value
2026-06-01T10:28:56: PM2 warn: [pidusage] We couldn't find uptime from /proc/uptime, using os.uptime() value
2026-06-01T10:29:26: PM2 warn: [pidusage] We couldn't find uptime from /proc/uptime, using os.uptime() value
2026-06-01T10:29:56: PM2 warn: [pidusage] We couldn't find uptime from /proc/uptime, using os.uptime() value
2026-06-01T10:30:26: PM2 warn: [pidusage] We couldn't find uptime from /proc/uptime, using os.uptime() value
2026-06-01T10:30:56: PM2 warn: [pidusage] We couldn't find uptime from /proc/uptime, using os.uptime() value
2026-06-01T10:31:26: PM2 warn: [pidusage] We couldn't find uptime from /proc/uptime, using os.uptime() value
2026-06-01T10:31:56: PM2 warn: [pidusage] We couldn't find uptime from /proc/uptime, using os.uptime() value
2026-06-01T10:32:26: PM2 warn: [pidusage] We couldn't find uptime from /proc/uptime, using os.uptime() value
2026-06-01T10:32:56: PM2 warn: [pidusage] We couldn't find uptime from /proc/uptime, using os.uptime() value
2026-06-01T10:33:26: PM2 warn: [pidusage] We couldn't find uptime from /proc/uptime, using os.uptime() value
2026-06-01T10:33:56: PM2 warn: [pidusage] We couldn't find uptime from /proc/uptime, using os.uptime() value
2026-06-01T10:34:26: PM2 warn: [pidusage] We couldn't find uptime from /proc/uptime, using os.uptime() value
2026-06-01T10:34:56: PM2 warn: [pidusage] We couldn't find uptime from /proc/uptime, using os.uptime() value
2026-06-01T10:35:26: PM2 warn: [pidusage] We couldn't find uptime from /proc/uptime, using os.uptime() value
2026-06-01T10:35:56: PM2 warn: [pidusage] We couldn't find uptime from /proc/uptime, using os.uptime() value
2026-06-01T10:36:26: PM2 warn: [pidusage] We couldn't find uptime from /proc/uptime, using os.uptime() value
2026-06-01T10:36:56: PM2 warn: [pidusage] We couldn't find uptime from /proc/uptime, using os.uptime() value
2026-06-01T10:37:26: PM2 warn: [pidusage] We couldn't find uptime from /proc/uptime, using os.uptime() value
2026-06-01T10:37:56: PM2 warn: [pidusage] We couldn't find uptime from /proc/uptime, using os.uptime() value
2026-06-01T10:38:26: PM2 warn: [pidusage] We couldn't find uptime from /proc/uptime, using os.uptime() value
2026-06-01T10:38:56: PM2 warn: [pidusage] We couldn't find uptime from /proc/uptime, using os.uptime() value
2026-06-01T10:39:26: PM2 warn: [pidusage] We couldn't find uptime from /proc/uptime, using os.uptime() value
2026-06-01T10:39:56: PM2 warn: [pidusage] We couldn't find uptime from /proc/uptime, using os.uptime() value
2026-06-01T10:40:26: PM2 warn: [pidusage] We couldn't find uptime from /proc/uptime, using os.uptime() value
2026-06-01T10:40:56: PM2 warn: [pidusage] We couldn't find uptime from /proc/uptime, using os.uptime() value
2026-06-01T10:41:26: PM2 warn: [pidusage] We couldn't find uptime from /proc/uptime, using os.uptime() value
2026-06-01T10:41:56: PM2 warn: [pidusage] We couldn't find uptime from /proc/uptime, using os.uptime() value
2026-06-01T10:42:26: PM2 warn: [pidusage] We couldn't find uptime from /proc/uptime, using os.uptime() value
2026-06-01T10:42:56: PM2 warn: [pidusage] We couldn't find uptime from /proc/uptime, using os.uptime() value
2026-06-01T10:43:26: PM2 warn: [pidusage] We couldn't find uptime from /proc/uptime, using os.uptime() value
2026-06-01T10:43:56: PM2 warn: [pidusage] We couldn't find uptime from /proc/uptime, using os.uptime() value
2026-06-01T10:44:26: PM2 warn: [pidusage] We couldn't find uptime from /proc/uptime, using os.uptime() value
2026-06-01T10:44:56: PM2 warn: [pidusage] We couldn't find uptime from /proc/uptime, using os.uptime() value
2026-06-01T10:45:26: PM2 warn: [pidusage] We couldn't find uptime from /proc/uptime, using os.uptime() value
2026-06-01T10:45:56: PM2 warn: [pidusage] We couldn't find uptime from /proc/uptime, using os.uptime() value
2026-06-01T10:46:26: PM2 warn: [pidusage] We couldn't find uptime from /proc/uptime, using os.uptime() value
2026-06-01T10:46:56: PM2 warn: [pidusage] We couldn't find uptime from /proc/uptime, using os.uptime() value
2026-06-01T10:47:26: PM2 warn: [pidusage] We couldn't find uptime from /proc/uptime, using os.uptime() value
2026-06-01T10:47:56: PM2 warn: [pidusage] We couldn't find uptime from /proc/uptime, using os.uptime() value
2026-06-01T10:48:26: PM2 warn: [pidusage] We couldn't find uptime from /proc/uptime, using os.uptime() value
2026-06-01T10:48:56: PM2 warn: [pidusage] We couldn't find uptime from /proc/uptime, using os.uptime() value
2026-06-01T10:49:26: PM2 warn: [pidusage] We couldn't find uptime from /proc/uptime, using os.uptime() value
2026-06-01T10:49:56: PM2 warn: [pidusage] We couldn't find uptime from /proc/uptime, using os.uptime() value
2026-06-01T10:50:26: PM2 warn: [pidusage] We couldn't find uptime from /proc/uptime, using os.uptime() value
2026-06-01T10:50:56: PM2 warn: [pidusage] We couldn't find uptime from /proc/uptime, using os.uptime() value
2026-06-01T10:51:26: PM2 warn: [pidusage] We couldn't find uptime from /proc/uptime, using os.uptime() value
2026-06-01T10:51:56: PM2 warn: [pidusage] We couldn't find uptime from /proc/uptime, using os.uptime() value
2026-06-01T10:52:26: PM2 warn: [pidusage] We couldn't find uptime from /proc/uptime, using os.uptime() value
2026-06-01T10:52:56: PM2 warn: [pidusage] We couldn't find uptime from /proc/uptime, using os.uptime() value
2026-06-01T10:53:26: PM2 warn: [pidusage] We couldn't find uptime from /proc/uptime, using os.uptime() value
2026-06-01T10:53:56: PM2 warn: [pidusage] We couldn't find uptime from /proc/uptime, using os.uptime() value
2026-06-01T10:54:26: PM2 warn: [pidusage] We couldn't find uptime from /proc/uptime, using os.uptime() value
2026-06-01T10:54:56: PM2 warn: [pidusage] We couldn't find uptime from /proc/uptime, using os.uptime() value
2026-06-01T10:55:26: PM2 warn: [pidusage] We couldn't find uptime from /proc/uptime, using os.uptime() value
2026-06-01T10:55:56: PM2 warn: [pidusage] We couldn't find uptime from /proc/uptime, using os.uptime() value
2026-06-01T10:56:26: PM2 warn: [pidusage] We couldn't find uptime from /proc/uptime, using os.uptime() value
2026-06-01T10:56:56: PM2 warn: [pidusage] We couldn't find uptime from /proc/uptime, using os.uptime() value
2026-06-01T10:57:26: PM2 warn: [pidusage] We couldn't find uptime from /proc/uptime, using os.uptime() value
2026-06-01T10:57:56: PM2 warn: [pidusage] We couldn't find uptime from /proc/uptime, using os.uptime() value
2026-06-01T10:58:26: PM2 warn: [pidusage] We couldn't find uptime from /proc/uptime, using os.uptime() value
2026-06-01T10:58:56: PM2 warn: [pidusage] We couldn't find uptime from /proc/uptime, using os.uptime() value
2026-06-01T10:59:26: PM2 warn: [pidusage] We couldn't find uptime from /proc/uptime, using os.uptime() value
2026-06-01T10:59:56: PM2 warn: [pidusage] We couldn't find uptime from /proc/uptime, using os.uptime() value
2026-06-01T11:00:26: PM2 warn: [pidusage] We couldn't find uptime from /proc/uptime, using os.uptime() value
2026-06-01T11:00:56: PM2 warn: [pidusage] We couldn't find uptime from /proc/uptime, using os.uptime() value
2026-06-01T11:01:26: PM2 warn: [pidusage] We couldn't find uptime from /proc/uptime, using os.uptime() value
2026-06-01T11:01:56: PM2 warn: [pidusage] We couldn't find uptime from /proc/uptime, using os.uptime() value
2026-06-01T11:02:26: PM2 warn: [pidusage] We couldn't find uptime from /proc/uptime, using os.uptime() value
2026-06-01T11:02:56: PM2 warn: [pidusage] We couldn't find uptime from /proc/uptime, using os.uptime() value
2026-06-01T11:03:26: PM2 warn: [pidusage] We couldn't find uptime from /proc/uptime, using os.uptime() value
2026-06-01T11:03:56: PM2 warn: [pidusage] We couldn't find uptime from /proc/uptime, using os.uptime() value
2026-06-01T11:04:26: PM2 warn: [pidusage] We couldn't find uptime from /proc/uptime, using os.uptime() value
2026-06-01T11:04:56: PM2 warn: [pidusage] We couldn't find uptime from /proc/uptime, using os.uptime() value
2026-06-01T11:05:26: PM2 warn: [pidusage] We couldn't find uptime from /proc/uptime, using os.uptime() value
2026-06-01T11:05:56: PM2 warn: [pidusage] We couldn't find uptime from /proc/uptime, using os.uptime() value
2026-06-01T11:06:26: PM2 warn: [pidusage] We couldn't find uptime from /proc/uptime, using os.uptime() value
2026-06-01T11:06:56: PM2 warn: [pidusage] We couldn't find uptime from /proc/uptime, using os.uptime() value
2026-06-01T11:07:26: PM2 warn: [pidusage] We couldn't find uptime from /proc/uptime, using os.uptime() value
2026-06-01T11:07:56: PM2 warn: [pidusage] We couldn't find uptime from /proc/uptime, using os.uptime() value
2026-06-01T11:08:26: PM2 warn: [pidusage] We couldn't find uptime from /proc/uptime, using os.uptime() value
2026-06-01T11:08:56: PM2 warn: [pidusage] We couldn't find uptime from /proc/uptime, using os.uptime() value
2026-06-01T11:09:26: PM2 warn: [pidusage] We couldn't find uptime from /proc/uptime, using os.uptime() value
2026-06-01T11:09:56: PM2 warn: [pidusage] We couldn't find uptime from /proc/uptime, using os.uptime() value
2026-06-01T11:10:26: PM2 warn: [pidusage] We couldn't find uptime from /proc/uptime, using os.uptime() value
2026-06-01T11:10:56: PM2 warn: [pidusage] We couldn't find uptime from /proc/uptime, using os.uptime() value
2026-06-01T11:11:26: PM2 warn: [pidusage] We couldn't find uptime from /proc/uptime, using os.uptime() value
2026-06-01T11:11:56: PM2 warn: [pidusage] We couldn't find uptime from /proc/uptime, using os.uptime() value
2026-06-01T11:12:26: PM2 warn: [pidusage] We couldn't find uptime from /proc/uptime, using os.uptime() value
2026-06-01T11:12:56: PM2 warn: [pidusage] We couldn't find uptime from /proc/uptime, using os.uptime() value
2026-06-01T11:13:26: PM2 warn: [pidusage] We couldn't find uptime from /proc/uptime, using os.uptime() value
2026-06-01T11:13:56: PM2 warn: [pidusage] We couldn't find uptime from /proc/uptime, using os.uptime() value
2026-06-01T11:14:26: PM2 warn: [pidusage] We couldn't find uptime from /proc/uptime, using os.uptime() value
2026-06-01T11:14:56: PM2 warn: [pidusage] We couldn't find uptime from /proc/uptime, using os.uptime() value
2026-06-01T11:15:26: PM2 warn: [pidusage] We couldn't find uptime from /proc/uptime, using os.uptime() value
2026-06-01T11:15:56: PM2 warn: [pidusage] We couldn't find uptime from /proc/uptime, using os.uptime() value
2026-06-01T11:16:26: PM2 warn: [pidusage] We couldn't find uptime from /proc/uptime, using os.uptime() value
2026-06-01T11:16:56: PM2 warn: [pidusage] We couldn't find uptime from /proc/uptime, using os.uptime() value
2026-06-01T11:17:26: PM2 warn: [pidusage] We couldn't find uptime from /proc/uptime, using os.uptime() value
2026-06-01T11:17:56: PM2 warn: [pidusage] We couldn't find uptime from /proc/uptime, using os.uptime() value
2026-06-01T11:18:26: PM2 warn: [pidusage] We couldn't find uptime from /proc/uptime, using os.uptime() value
2026-06-01T11:18:56: PM2 warn: [pidusage] We couldn't find uptime from /proc/uptime, using os.uptime() value
2026-06-01T11:19:26: PM2 warn: [pidusage] We couldn't find uptime from /proc/uptime, using os.uptime() value
2026-06-01T11:19:56: PM2 warn: [pidusage] We couldn't find uptime from /proc/uptime, using os.uptime() value
2026-06-01T11:20:26: PM2 warn: [pidusage] We couldn't find uptime from /proc/uptime, using os.uptime() value
2026-06-01T11:20:56: PM2 warn: [pidusage] We couldn't find uptime from /proc/uptime, using os.uptime() value
2026-06-01T11:21:26: PM2 warn: [pidusage] We couldn't find uptime from /proc/uptime, using os.uptime() value
2026-06-01T11:21:56: PM2 warn: [pidusage] We couldn't find uptime from /proc/uptime, using os.uptime() value
2026-06-01T11:22:26: PM2 warn: [pidusage] We couldn't find uptime from /proc/uptime, using os.uptime() value
2026-06-01T11:22:56: PM2 warn: [pidusage] We couldn't find uptime from /proc/uptime, using os.uptime() value
2026-06-01T11:23:26: PM2 warn: [pidusage] We couldn't find uptime from /proc/uptime, using os.uptime() value
2026-06-01T11:23:56: PM2 warn: [pidusage] We couldn't find uptime from /proc/uptime, using os.uptime() value
2026-06-01T11:24:26: PM2 warn: [pidusage] We couldn't find uptime from /proc/uptime, using os.uptime() value
2026-06-01T11:24:56: PM2 warn: [pidusage] We couldn't find uptime from /proc/uptime, using os.uptime() value
2026-06-01T11:25:26: PM2 warn: [pidusage] We couldn't find uptime from /proc/uptime, using os.uptime() value
2026-06-01T11:25:56: PM2 warn: [pidusage] We couldn't find uptime from /proc/uptime, using os.uptime() value
2026-06-01T11:26:26: PM2 warn: [pidusage] We couldn't find uptime from /proc/uptime, using os.uptime() value
2026-06-01T11:26:56: PM2 warn: [pidusage] We couldn't find uptime from /proc/uptime, using os.uptime() value
2026-06-01T11:27:26: PM2 warn: [pidusage] We couldn't find uptime from /proc/uptime, using os.uptime() value
2026-06-01T11:27:56: PM2 warn: [pidusage] We couldn't find uptime from /proc/uptime, using os.uptime() value
2026-06-01T11:28:26: PM2 warn: [pidusage] We couldn't find uptime from /proc/uptime, using os.uptime() value
2026-06-01T11:28:56: PM2 warn: [pidusage] We couldn't find uptime from /proc/uptime, using os.uptime() value
2026-06-01T11:29:26: PM2 warn: [pidusage] We couldn't find uptime from /proc/uptime, using os.uptime() value
2026-06-01T11:29:56: PM2 warn: [pidusage] We couldn't find uptime from /proc/uptime, using os.uptime() value
2026-06-01T11:30:26: PM2 warn: [pidusage] We couldn't find uptime from /proc/uptime, using os.uptime() value
2026-06-01T11:30:56: PM2 warn: [pidusage] We couldn't find uptime from /proc/uptime, using os.uptime() value
2026-06-01T11:31:26: PM2 warn: [pidusage] We couldn't find uptime from /proc/uptime, using os.uptime() value
2026-06-01T11:31:56: PM2 warn: [pidusage] We couldn't find uptime from /proc/uptime, using os.uptime() value
2026-06-01T11:32:26: PM2 warn: [pidusage] We couldn't find uptime from /proc/uptime, using os.uptime() value
2026-06-01T11:32:56: PM2 warn: [pidusage] We couldn't find uptime from /proc/uptime, using os.uptime() value
2026-06-01T11:33:26: PM2 warn: [pidusage] We couldn't find uptime from /proc/uptime, using os.uptime() value
2026-06-01T11:33:56: PM2 warn: [pidusage] We couldn't find uptime from /proc/uptime, using os.uptime() value
2026-06-01T11:34:26: PM2 warn: [pidusage] We couldn't find uptime from /proc/uptime, using os.uptime() value
2026-06-01T11:34:56: PM2 warn: [pidusage] We couldn't find uptime from /proc/uptime, using os.uptime() value
2026-06-01T11:35:26: PM2 warn: [pidusage] We couldn't find uptime from /proc/uptime, using os.uptime() value
2026-06-01T11:35:56: PM2 warn: [pidusage] We couldn't find uptime from /proc/uptime, using os.uptime() value
2026-06-01T11:36:26: PM2 warn: [pidusage] We couldn't find uptime from /proc/uptime, using os.uptime() value
2026-06-01T11:36:56: PM2 warn: [pidusage] We couldn't find uptime from /proc/uptime, using os.uptime() value
2026-06-01T11:37:26: PM2 warn: [pidusage] We couldn't find uptime from /proc/uptime, using os.uptime() value
2026-06-01T11:37:56: PM2 warn: [pidusage] We couldn't find uptime from /proc/uptime, using os.uptime() value
2026-06-01T11:38:26: PM2 warn: [pidusage] We couldn't find uptime from /proc/uptime, using os.uptime() value
2026-06-01T11:38:56: PM2 warn: [pidusage] We couldn't find uptime from /proc/uptime, using os.uptime() value
2026-06-01T11:39:26: PM2 warn: [pidusage] We couldn't find uptime from /proc/uptime, using os.uptime() value
2026-06-01T11:39:56: PM2 warn: [pidusage] We couldn't find uptime from /proc/uptime, using os.uptime() value
2026-06-01T11:40:26: PM2 warn: [pidusage] We couldn't find uptime from /proc/uptime, using os.uptime() value
2026-06-01T11:40:56: PM2 warn: [pidusage] We couldn't find uptime from /proc/uptime, using os.uptime() value
2026-06-01T11:41:26: PM2 warn: [pidusage] We couldn't find uptime from /proc/uptime, using os.uptime() value
2026-06-01T11:41:56: PM2 warn: [pidusage] We couldn't find uptime from /proc/uptime, using os.uptime() value
2026-06-01T11:42:26: PM2 warn: [pidusage] We couldn't find uptime from /proc/uptime, using os.uptime() value
2026-06-01T11:42:56: PM2 warn: [pidusage] We couldn't find uptime from /proc/uptime, using os.uptime() value
2026-06-01T11:43:26: PM2 warn: [pidusage] We couldn't find uptime from /proc/uptime, using os.uptime() value
2026-06-01T11:43:56: PM2 warn: [pidusage] We couldn't find uptime from /proc/uptime, using os.uptime() value
2026-06-01T11:44:26: PM2 warn: [pidusage] We couldn't find uptime from /proc/uptime, using os.uptime() value
2026-06-01T11:44:56: PM2 warn: [pidusage] We couldn't find uptime from /proc/uptime, using os.uptime() value
2026-06-01T11:45:26: PM2 warn: [pidusage] We couldn't find uptime from /proc/uptime, using os.uptime() value
2026-06-01T11:45:56: PM2 warn: [pidusage] We couldn't find uptime from /proc/uptime, using os.uptime() value
2026-06-01T11:46:26: PM2 warn: [pidusage] We couldn't find uptime from /proc/uptime, using os.uptime() value
2026-06-01T11:46:56: PM2 warn: [pidusage] We couldn't find uptime from /proc/uptime, using os.uptime() value
2026-06-01T11:47:26: PM2 warn: [pidusage] We couldn't find uptime from /proc/uptime, using os.uptime() value
2026-06-01T11:47:56: PM2 warn: [pidusage] We couldn't find uptime from /proc/uptime, using os.uptime() value
2026-06-01T11:48:26: PM2 warn: [pidusage] We couldn't find uptime from /proc/uptime, using os.uptime() value
2026-06-01T11:48:56: PM2 warn: [pidusage] We couldn't find uptime from /proc/uptime, using os.uptime() value
2026-06-01T11:49:26: PM2 warn: [pidusage] We couldn't find uptime from /proc/uptime, using os.uptime() value
2026-06-01T11:49:56: PM2 warn: [pidusage] We couldn't find uptime from /proc/uptime, using os.uptime() value
2026-06-01T11:50:26: PM2 warn: [pidusage] We couldn't find uptime from /proc/uptime, using os.uptime() value
2026-06-01T11:50:56: PM2 warn: [pidusage] We couldn't find uptime from /proc/uptime, using os.uptime() value
2026-06-01T11:51:26: PM2 warn: [pidusage] We couldn't find uptime from /proc/uptime, using os.uptime() value
2026-06-01T11:51:56: PM2 warn: [pidusage] We couldn't find uptime from /proc/uptime, using os.uptime() value
2026-06-01T11:52:26: PM2 warn: [pidusage] We couldn't find uptime from /proc/uptime, using os.uptime() value
2026-06-01T11:52:56: PM2 warn: [pidusage] We couldn't find uptime from /proc/uptime, using os.uptime() value
2026-06-01T11:53:26: PM2 warn: [pidusage] We couldn't find uptime from /proc/uptime, using os.uptime() value
2026-06-01T11:53:56: PM2 warn: [pidusage] We couldn't find uptime from /proc/uptime, using os.uptime() value
2026-06-01T11:54:26: PM2 warn: [pidusage] We couldn't find uptime from /proc/uptime, using os.uptime() value
2026-06-01T11:54:56: PM2 warn: [pidusage] We couldn't find uptime from /proc/uptime, using os.uptime() value
2026-06-01T11:55:26: PM2 warn: [pidusage] We couldn't find uptime from /proc/uptime, using os.uptime() value
2026-06-01T11:55:56: PM2 warn: [pidusage] We couldn't find uptime from /proc/uptime, using os.uptime() value
2026-06-01T11:56:26: PM2 warn: [pidusage] We couldn't find uptime from /proc/uptime, using os.uptime() value
2026-06-01T11:56:56: PM2 warn: [pidusage] We couldn't find uptime from /proc/uptime, using os.uptime() value
2026-06-01T11:57:26: PM2 warn: [pidusage] We couldn't find uptime from /proc/uptime, using os.uptime() value
2026-06-01T11:57:56: PM2 warn: [pidusage] We couldn't find uptime from /proc/uptime, using os.uptime() value
2026-06-01T11:58:26: PM2 warn: [pidusage] We couldn't find uptime from /proc/uptime, using os.uptime() value
2026-06-01T11:58:56: PM2 warn: [pidusage] We couldn't find uptime from /proc/uptime, using os.uptime() value
2026-06-01T11:59:26: PM2 warn: [pidusage] We couldn't find uptime from /proc/uptime, using os.uptime() value
2026-06-01T11:59:56: PM2 warn: [pidusage] We couldn't find uptime from /proc/uptime, using os.uptime() value
2026-06-01T12:00:26: PM2 warn: [pidusage] We couldn't find uptime from /proc/uptime, using os.uptime() value
2026-06-01T12:00:56: PM2 warn: [pidusage] We couldn't find uptime from /proc/uptime, using os.uptime() value
2026-06-01T12:01:26: PM2 warn: [pidusage] We couldn't find uptime from /proc/uptime, using os.uptime() value
2026-06-01T12:01:56: PM2 warn: [pidusage] We couldn't find uptime from /proc/uptime, using os.uptime() value
2026-06-01T12:02:26: PM2 warn: [pidusage] We couldn't find uptime from /proc/uptime, using os.uptime() value
2026-06-01T12:02:56: PM2 warn: [pidusage] We couldn't find uptime from /proc/uptime, using os.uptime() value
2026-06-01T12:03:26: PM2 warn: [pidusage] We couldn't find uptime from /proc/uptime, using os.uptime() value
2026-06-01T12:03:56: PM2 warn: [pidusage] We couldn't find uptime from /proc/uptime, using os.uptime() value
2026-06-01T12:04:26: PM2 warn: [pidusage] We couldn't find uptime from /proc/uptime, using os.uptime() value
2026-06-01T12:04:56: PM2 warn: [pidusage] We couldn't find uptime from /proc/uptime, using os.uptime() value
2026-06-01T12:05:26: PM2 warn: [pidusage] We couldn't find uptime from /proc/uptime, using os.uptime() value
2026-06-01T12:05:56: PM2 warn: [pidusage] We couldn't find uptime from /proc/uptime, using os.uptime() value
2026-06-01T12:06:26: PM2 warn: [pidusage] We couldn't find uptime from /proc/uptime, using os.uptime() value
2026-06-01T12:06:56: PM2 warn: [pidusage] We couldn't find uptime from /proc/uptime, using os.uptime() value
2026-06-01T12:07:26: PM2 warn: [pidusage] We couldn't find uptime from /proc/uptime, using os.uptime() value
2026-06-01T12:07:56: PM2 warn: [pidusage] We couldn't find uptime from /proc/uptime, using os.uptime() value
2026-06-01T12:08:26: PM2 warn: [pidusage] We couldn't find uptime from /proc/uptime, using os.uptime() value
2026-06-01T12:08:56: PM2 warn: [pidusage] We couldn't find uptime from /proc/uptime, using os.uptime() value
2026-06-01T12:09:26: PM2 warn: [pidusage] We couldn't find uptime from /proc/uptime, using os.uptime() value
2026-06-01T12:09:56: PM2 warn: [pidusage] We couldn't find uptime from /proc/uptime, using os.uptime() value
2026-06-01T12:10:26: PM2 warn: [pidusage] We couldn't find uptime from /proc/uptime, using os.uptime() value
2026-06-01T12:10:56: PM2 warn: [pidusage] We couldn't find uptime from /proc/uptime, using os.uptime() value
2026-06-01T12:11:26: PM2 warn: [pidusage] We couldn't find uptime from /proc/uptime, using os.uptime() value
2026-06-01T12:11:56: PM2 warn: [pidusage] We couldn't find uptime from /proc/uptime, using os.uptime() value
2026-06-01T12:12:26: PM2 warn: [pidusage] We couldn't find uptime from /proc/uptime, using os.uptime() value
2026-06-01T12:12:56: PM2 warn: [pidusage] We couldn't find uptime from /proc/uptime, using os.uptime() value
2026-06-01T12:13:26: PM2 warn: [pidusage] We couldn't find uptime from /proc/uptime, using os.uptime() value
2026-06-01T12:13:56: PM2 warn: [pidusage] We couldn't find uptime from /proc/uptime, using os.uptime() value
2026-06-01T12:14:26: PM2 warn: [pidusage] We couldn't find uptime from /proc/uptime, using os.uptime() value
2026-06-01T12:14:56: PM2 warn: [pidusage] We couldn't find uptime from /proc/uptime, using os.uptime() value
2026-06-01T12:15:26: PM2 warn: [pidusage] We couldn't find uptime from /proc/uptime, using os.uptime() value
2026-06-01T12:15:56: PM2 warn: [pidusage] We couldn't find uptime from /proc/uptime, using os.uptime() value
2026-06-01T12:16:26: PM2 warn: [pidusage] We couldn't find uptime from /proc/uptime, using os.uptime() value
2026-06-01T12:16:56: PM2 warn: [pidusage] We couldn't find uptime from /proc/uptime, using os.uptime() value
2026-06-01T12:17:26: PM2 warn: [pidusage] We couldn't find uptime from /proc/uptime, using os.uptime() value
2026-06-01T12:17:56: PM2 warn: [pidusage] We couldn't find uptime from /proc/uptime, using os.uptime() value
2026-06-01T12:18:26: PM2 warn: [pidusage] We couldn't find uptime from /proc/uptime, using os.uptime() value
2026-06-01T12:18:56: PM2 warn: [pidusage] We couldn't find uptime from /proc/uptime, using os.uptime() value
2026-06-01T12:19:26: PM2 warn: [pidusage] We couldn't find uptime from /proc/uptime, using os.uptime() value
2026-06-01T12:19:56: PM2 warn: [pidusage] We couldn't find uptime from /proc/uptime, using os.uptime() value
2026-06-01T12:20:26: PM2 warn: [pidusage] We couldn't find uptime from /proc/uptime, using os.uptime() value
2026-06-01T12:20:56: PM2 warn: [pidusage] We couldn't find uptime from /proc/uptime, using os.uptime() value
2026-06-01T12:21:26: PM2 warn: [pidusage] We couldn't find uptime from /proc/uptime, using os.uptime() value
2026-06-01T12:21:56: PM2 warn: [pidusage] We couldn't find uptime from /proc/uptime, using os.uptime() value
2026-06-01T12:22:26: PM2 warn: [pidusage] We couldn't find uptime from /proc/uptime, using os.uptime() value
2026-06-01T12:22:56: PM2 warn: [pidusage] We couldn't find uptime from /proc/uptime, using os.uptime() value
2026-06-01T12:23:26: PM2 warn: [pidusage] We couldn't find uptime from /proc/uptime, using os.uptime() value
2026-06-01T12:23:56: PM2 warn: [pidusage] We couldn't find uptime from /proc/uptime, using os.uptime() value
2026-06-01T12:24:26: PM2 warn: [pidusage] We couldn't find uptime from /proc/uptime, using os.uptime() value
2026-06-01T12:24:56: PM2 warn: [pidusage] We couldn't find uptime from /proc/uptime, using os.uptime() value
2026-06-01T12:25:26: PM2 warn: [pidusage] We couldn't find uptime from /proc/uptime, using os.uptime() value
2026-06-01T12:25:56: PM2 warn: [pidusage] We couldn't find uptime from /proc/uptime, using os.uptime() value
2026-06-01T12:26:26: PM2 warn: [pidusage] We couldn't find uptime from /proc/uptime, using os.uptime() value
2026-06-01T12:26:56: PM2 warn: [pidusage] We couldn't find uptime from /proc/uptime, using os.uptime() value
2026-06-01T12:27:26: PM2 warn: [pidusage] We couldn't find uptime from /proc/uptime, using os.uptime() value
2026-06-01T12:27:56: PM2 warn: [pidusage] We couldn't find uptime from /proc/uptime, using os.uptime() value
2026-06-01T12:28:26: PM2 warn: [pidusage] We couldn't find uptime from /proc/uptime, using os.uptime() value
2026-06-01T12:28:56: PM2 warn: [pidusage] We couldn't find uptime from /proc/uptime, using os.uptime() value
2026-06-01T12:29:26: PM2 warn: [pidusage] We couldn't find uptime from /proc/uptime, using os.uptime() value
2026-06-01T12:29:56: PM2 warn: [pidusage] We couldn't find uptime from /proc/uptime, using os.uptime() value
2026-06-01T12:30:26: PM2 warn: [pidusage] We couldn't find uptime from /proc/uptime, using os.uptime() value
2026-06-01T12:30:56: PM2 warn: [pidusage] We couldn't find uptime from /proc/uptime, using os.uptime() value
2026-06-01T12:31:26: PM2 warn: [pidusage] We couldn't find uptime from /proc/uptime, using os.uptime() value
2026-06-01T12:31:56: PM2 warn: [pidusage] We couldn't find uptime from /proc/uptime, using os.uptime() value
2026-06-01T12:32:26: PM2 warn: [pidusage] We couldn't find uptime from /proc/uptime, using os.uptime() value
2026-06-01T12:32:56: PM2 warn: [pidusage] We couldn't find uptime from /proc/uptime, using os.uptime() value
2026-06-01T12:33:26: PM2 warn: [pidusage] We couldn't find uptime from /proc/uptime, using os.uptime() value
2026-06-01T12:33:56: PM2 warn: [pidusage] We couldn't find uptime from /proc/uptime, using os.uptime() value
2026-06-01T12:34:26: PM2 warn: [pidusage] We couldn't find uptime from /proc/uptime, using os.uptime() value
2026-06-01T12:34:56: PM2 warn: [pidusage] We couldn't find uptime from /proc/uptime, using os.uptime() value
2026-06-01T12:35:26: PM2 warn: [pidusage] We couldn't find uptime from /proc/uptime, using os.uptime() value
2026-06-01T12:35:56: PM2 warn: [pidusage] We couldn't find uptime from /proc/uptime, using os.uptime() value
2026-06-01T12:36:26: PM2 warn: [pidusage] We couldn't find uptime from /proc/uptime, using os.uptime() value
2026-06-01T12:36:56: PM2 warn: [pidusage] We couldn't find uptime from /proc/uptime, using os.uptime() value
2026-06-01T12:37:26: PM2 warn: [pidusage] We couldn't find uptime from /proc/uptime, using os.uptime() value
2026-06-01T12:37:56: PM2 warn: [pidusage] We couldn't find uptime from /proc/uptime, using os.uptime() value
2026-06-01T12:38:26: PM2 warn: [pidusage] We couldn't find uptime from /proc/uptime, using os.uptime() value
2026-06-01T12:38:56: PM2 warn: [pidusage] We couldn't find uptime from /proc/uptime, using os.uptime() value
2026-06-01T12:39:26: PM2 warn: [pidusage] We couldn't find uptime from /proc/uptime, using os.uptime() value
2026-06-01T12:39:56: PM2 warn: [pidusage] We couldn't find uptime from /proc/uptime, using os.uptime() value
2026-06-01T12:40:26: PM2 warn: [pidusage] We couldn't find uptime from /proc/uptime, using os.uptime() value
2026-06-01T12:40:56: PM2 warn: [pidusage] We couldn't find uptime from /proc/uptime, using os.uptime() value
2026-06-01T12:41:26: PM2 warn: [pidusage] We couldn't find uptime from /proc/uptime, using os.uptime() value
2026-06-01T12:41:56: PM2 warn: [pidusage] We couldn't find uptime from /proc/uptime, using os.uptime() value
2026-06-01T12:42:26: PM2 warn: [pidusage] We couldn't find uptime from /proc/uptime, using os.uptime() value
2026-06-01T12:42:56: PM2 warn: [pidusage] We couldn't find uptime from /proc/uptime, using os.uptime() value
2026-06-01T12:43:26: PM2 warn: [pidusage] We couldn't find uptime from /proc/uptime, using os.uptime() value
2026-06-01T12:43:56: PM2 warn: [pidusage] We couldn't find uptime from /proc/uptime, using os.uptime() value
2026-06-01T12:44:26: PM2 warn: [pidusage] We couldn't find uptime from /proc/uptime, using os.uptime() value
2026-06-01T12:44:56: PM2 warn: [pidusage] We couldn't find uptime from /proc/uptime, using os.uptime() value
2026-06-01T12:45:26: PM2 warn: [pidusage] We couldn't find uptime from /proc/uptime, using os.uptime() value
2026-06-01T12:45:56: PM2 warn: [pidusage] We couldn't find uptime from /proc/uptime, using os.uptime() value
2026-06-01T12:46:26: PM2 warn: [pidusage] We couldn't find uptime from /proc/uptime, using os.uptime() value
2026-06-01T12:46:56: PM2 warn: [pidusage] We couldn't find uptime from /proc/uptime, using os.uptime() value
2026-06-01T12:47:26: PM2 warn: [pidusage] We couldn't find uptime from /proc/uptime, using os.uptime() value
2026-06-01T12:47:56: PM2 warn: [pidusage] We couldn't find uptime from /proc/uptime, using os.uptime() value
2026-06-01T12:48:26: PM2 warn: [pidusage] We couldn't find uptime from /proc/uptime, using os.uptime() value
2026-06-01T12:48:56: PM2 warn: [pidusage] We couldn't find uptime from /proc/uptime, using os.uptime() value
2026-06-01T12:49:26: PM2 warn: [pidusage] We couldn't find uptime from /proc/uptime, using os.uptime() value
2026-06-01T12:49:56: PM2 warn: [pidusage] We couldn't find uptime from /proc/uptime, using os.uptime() value
2026-06-01T12:50:26: PM2 warn: [pidusage] We couldn't find uptime from /proc/uptime, using os.uptime() value
2026-06-01T12:50:56: PM2 warn: [pidusage] We couldn't find uptime from /proc/uptime, using os.uptime() value
2026-06-01T12:51:26: PM2 warn: [pidusage] We couldn't find uptime from /proc/uptime, using os.uptime() value
2026-06-01T12:51:56: PM2 warn: [pidusage] We couldn't find uptime from /proc/uptime, using os.uptime() value
2026-06-01T12:52:26: PM2 warn: [pidusage] We couldn't find uptime from /proc/uptime, using os.uptime() value
2026-06-01T12:52:56: PM2 warn: [pidusage] We couldn't find uptime from /proc/uptime, using os.uptime() value
2026-06-01T12:53:26: PM2 warn: [pidusage] We couldn't find uptime from /proc/uptime, using os.uptime() value
2026-06-01T12:53:56: PM2 warn: [pidusage] We couldn't find uptime from /proc/uptime, using os.uptime() value
2026-06-01T12:54:26: PM2 warn: [pidusage] We couldn't find uptime from /proc/uptime, using os.uptime() value
2026-06-01T12:54:56: PM2 warn: [pidusage] We couldn't find uptime from /proc/uptime, using os.uptime() value
2026-06-01T12:55:26: PM2 warn: [pidusage] We couldn't find uptime from /proc/uptime, using os.uptime() value
2026-06-01T12:55:56: PM2 warn: [pidusage] We couldn't find uptime from /proc/uptime, using os.uptime() value
2026-06-01T12:56:26: PM2 warn: [pidusage] We couldn't find uptime from /proc/uptime, using os.uptime() value
2026-06-01T12:56:56: PM2 warn: [pidusage] We couldn't find uptime from /proc/uptime, using os.uptime() value
2026-06-01T12:57:26: PM2 warn: [pidusage] We couldn't find uptime from /proc/uptime, using os.uptime() value
2026-06-01T12:57:56: PM2 warn: [pidusage] We couldn't find uptime from /proc/uptime, using os.uptime() value
2026-06-01T12:58:26: PM2 warn: [pidusage] We couldn't find uptime from /proc/uptime, using os.uptime() value
2026-06-01T12:58:56: PM2 warn: [pidusage] We couldn't find uptime from /proc/uptime, using os.uptime() value
2026-06-01T12:59:26: PM2 warn: [pidusage] We couldn't find uptime from /proc/uptime, using os.uptime() value
2026-06-01T12:59:56: PM2 warn: [pidusage] We couldn't find uptime from /proc/uptime, using os.uptime() value
2026-06-01T13:00:26: PM2 warn: [pidusage] We couldn't find uptime from /proc/uptime, using os.uptime() value
2026-06-01T13:00:56: PM2 warn: [pidusage] We couldn't find uptime from /proc/uptime, using os.uptime() value
2026-06-01T13:01:26: PM2 warn: [pidusage] We couldn't find uptime from /proc/uptime, using os.uptime() value
2026-06-01T13:01:56: PM2 warn: [pidusage] We couldn't find uptime from /proc/uptime, using os.uptime() value
2026-06-01T13:02:26: PM2 warn: [pidusage] We couldn't find uptime from /proc/uptime, using os.uptime() value
2026-06-01T13:02:56: PM2 warn: [pidusage] We couldn't find uptime from /proc/uptime, using os.uptime() value
2026-06-01T13:03:26: PM2 warn: [pidusage] We couldn't find uptime from /proc/uptime, using os.uptime() value
2026-06-01T13:03:56: PM2 warn: [pidusage] We couldn't find uptime from /proc/uptime, using os.uptime() value
2026-06-01T13:04:26: PM2 warn: [pidusage] We couldn't find uptime from /proc/uptime, using os.uptime() value
2026-06-01T13:04:56: PM2 warn: [pidusage] We couldn't find uptime from /proc/uptime, using os.uptime() value
2026-06-01T13:05:26: PM2 warn: [pidusage] We couldn't find uptime from /proc/uptime, using os.uptime() value
2026-06-01T13:05:56: PM2 warn: [pidusage] We couldn't find uptime from /proc/uptime, using os.uptime() value
2026-06-01T13:06:26: PM2 warn: [pidusage] We couldn't find uptime from /proc/uptime, using os.uptime() value
2026-06-01T13:06:56: PM2 warn: [pidusage] We couldn't find uptime from /proc/uptime, using os.uptime() value
2026-06-01T13:07:26: PM2 warn: [pidusage] We couldn't find uptime from /proc/uptime, using os.uptime() value
2026-06-01T13:07:56: PM2 warn: [pidusage] We couldn't find uptime from /proc/uptime, using os.uptime() value
2026-06-01T13:08:26: PM2 warn: [pidusage] We couldn't find uptime from /proc/uptime, using os.uptime() value
2026-06-01T13:08:56: PM2 warn: [pidusage] We couldn't find uptime from /proc/uptime, using os.uptime() value
2026-06-01T13:09:26: PM2 warn: [pidusage] We couldn't find uptime from /proc/uptime, using os.uptime() value
2026-06-01T13:09:56: PM2 warn: [pidusage] We couldn't find uptime from /proc/uptime, using os.uptime() value
2026-06-01T13:10:26: PM2 warn: [pidusage] We couldn't find uptime from /proc/uptime, using os.uptime() value
2026-06-01T13:10:56: PM2 warn: [pidusage] We couldn't find uptime from /proc/uptime, using os.uptime() value
2026-06-01T13:11:26: PM2 warn: [pidusage] We couldn't find uptime from /proc/uptime, using os.uptime() value
2026-06-01T13:11:56: PM2 warn: [pidusage] We couldn't find uptime from /proc/uptime, using os.uptime() value
2026-06-01T13:12:26: PM2 warn: [pidusage] We couldn't find uptime from /proc/uptime, using os.uptime() value
2026-06-01T13:12:56: PM2 warn: [pidusage] We couldn't find uptime from /proc/uptime, using os.uptime() value
2026-06-01T13:13:26: PM2 warn: [pidusage] We couldn't find uptime from /proc/uptime, using os.uptime() value
2026-06-01T13:13:56: PM2 warn: [pidusage] We couldn't find uptime from /proc/uptime, using os.uptime() value
2026-06-01T13:14:26: PM2 warn: [pidusage] We couldn't find uptime from /proc/uptime, using os.uptime() value
2026-06-01T13:14:56: PM2 warn: [pidusage] We couldn't find uptime from /proc/uptime, using os.uptime() value
2026-06-01T13:15:26: PM2 warn: [pidusage] We couldn't find uptime from /proc/uptime, using os.uptime() value
2026-06-01T13:15:56: PM2 warn: [pidusage] We couldn't find uptime from /proc/uptime, using os.uptime() value
2026-06-01T13:16:26: PM2 warn: [pidusage] We couldn't find uptime from /proc/uptime, using os.uptime() value
2026-06-01T13:16:56: PM2 warn: [pidusage] We couldn't find uptime from /proc/uptime, using os.uptime() value
2026-06-01T13:17:26: PM2 warn: [pidusage] We couldn't find uptime from /proc/uptime, using os.uptime() value
2026-06-01T13:17:56: PM2 warn: [pidusage] We couldn't find uptime from /proc/uptime, using os.uptime() value
2026-06-01T13:18:26: PM2 warn: [pidusage] We couldn't find uptime from /proc/uptime, using os.uptime() value
2026-06-01T13:18:56: PM2 warn: [pidusage] We couldn't find uptime from /proc/uptime, using os.uptime() value
2026-06-01T13:19:26: PM2 warn: [pidusage] We couldn't find uptime from /proc/uptime, using os.uptime() value
2026-06-01T13:19:56: PM2 warn: [pidusage] We couldn't find uptime from /proc/uptime, using os.uptime() value
2026-06-01T13:20:26: PM2 warn: [pidusage] We couldn't find uptime from /proc/uptime, using os.uptime() value
2026-06-01T13:20:56: PM2 warn: [pidusage] We couldn't find uptime from /proc/uptime, using os.uptime() value
2026-06-01T13:21:26: PM2 warn: [pidusage] We couldn't find uptime from /proc/uptime, using os.uptime() value
2026-06-01T13:21:56: PM2 warn: [pidusage] We couldn't find uptime from /proc/uptime, using os.uptime() value
2026-06-01T13:22:26: PM2 warn: [pidusage] We couldn't find uptime from /proc/uptime, using os.uptime() value
2026-06-01T13:22:56: PM2 warn: [pidusage] We couldn't find uptime from /proc/uptime, using os.uptime() value
2026-06-01T13:23:26: PM2 warn: [pidusage] We couldn't find uptime from /proc/uptime, using os.uptime() value
2026-06-01T13:23:56: PM2 warn: [pidusage] We couldn't find uptime from /proc/uptime, using os.uptime() value
2026-06-01T13:24:26: PM2 warn: [pidusage] We couldn't find uptime from /proc/uptime, using os.uptime() value
2026-06-01T13:24:56: PM2 warn: [pidusage] We couldn't find uptime from /proc/uptime, using os.uptime() value
2026-06-01T13:25:26: PM2 warn: [pidusage] We couldn't find uptime from /proc/uptime, using os.uptime() value
2026-06-01T13:25:56: PM2 warn: [pidusage] We couldn't find uptime from /proc/uptime, using os.uptime() value
2026-06-01T13:26:26: PM2 warn: [pidusage] We couldn't find uptime from /proc/uptime, using os.uptime() value
2026-06-01T13:26:56: PM2 warn: [pidusage] We couldn't find uptime from /proc/uptime, using os.uptime() value
2026-06-01T13:27:26: PM2 warn: [pidusage] We couldn't find uptime from /proc/uptime, using os.uptime() value
2026-06-01T13:27:56: PM2 warn: [pidusage] We couldn't find uptime from /proc/uptime, using os.uptime() value
2026-06-01T13:28:26: PM2 warn: [pidusage] We couldn't find uptime from /proc/uptime, using os.uptime() value
2026-06-01T13:28:56: PM2 warn: [pidusage] We couldn't find uptime from /proc/uptime, using os.uptime() value
2026-06-01T13:29:26: PM2 warn: [pidusage] We couldn't find uptime from /proc/uptime, using os.uptime() value
2026-06-01T13:29:56: PM2 warn: [pidusage] We couldn't find uptime from /proc/uptime, using os.uptime() value
2026-06-01T13:30:26: PM2 warn: [pidusage] We couldn't find uptime from /proc/uptime, using os.uptime() value
2026-06-01T13:30:56: PM2 warn: [pidusage] We couldn't find uptime from /proc/uptime, using os.uptime() value
2026-06-01T13:31:26: PM2 warn: [pidusage] We couldn't find uptime from /proc/uptime, using os.uptime() value
2026-06-01T13:31:56: PM2 warn: [pidusage] We couldn't find uptime from /proc/uptime, using os.uptime() value
2026-06-01T13:32:26: PM2 warn: [pidusage] We couldn't find uptime from /proc/uptime, using os.uptime() value
2026-06-01T13:32:56: PM2 warn: [pidusage] We couldn't find uptime from /proc/uptime, using os.uptime() value
2026-06-01T13:33:26: PM2 warn: [pidusage] We couldn't find uptime from /proc/uptime, using os.uptime() value
2026-06-01T13:33:56: PM2 warn: [pidusage] We couldn't find uptime from /proc/uptime, using os.uptime() value
2026-06-01T13:34:26: PM2 warn: [pidusage] We couldn't find uptime from /proc/uptime, using os.uptime() value
2026-06-01T13:34:56: PM2 warn: [pidusage] We couldn't find uptime from /proc/uptime, using os.uptime() value
2026-06-01T13:35:26: PM2 warn: [pidusage] We couldn't find uptime from /proc/uptime, using os.uptime() value
2026-06-01T13:35:56: PM2 warn: [pidusage] We couldn't find uptime from /proc/uptime, using os.uptime() value
2026-06-01T13:36:26: PM2 warn: [pidusage] We couldn't find uptime from /proc/uptime, using os.uptime() value
2026-06-01T13:36:56: PM2 warn: [pidusage] We couldn't find uptime from /proc/uptime, using os.uptime() value
2026-06-01T13:37:26: PM2 warn: [pidusage] We couldn't find uptime from /proc/uptime, using os.uptime() value
2026-06-01T13:37:56: PM2 warn: [pidusage] We couldn't find uptime from /proc/uptime, using os.uptime() value
2026-06-01T13:38:26: PM2 warn: [pidusage] We couldn't find uptime from /proc/uptime, using os.uptime() value
2026-06-01T13:38:56: PM2 warn: [pidusage] We couldn't find uptime from /proc/uptime, using os.uptime() value
2026-06-01T13:39:26: PM2 warn: [pidusage] We couldn't find uptime from /proc/uptime, using os.uptime() value
2026-06-01T13:39:56: PM2 warn: [pidusage] We couldn't find uptime from /proc/uptime, using os.uptime() value
2026-06-01T13:40:26: PM2 warn: [pidusage] We couldn't find uptime from /proc/uptime, using os.uptime() value
2026-06-01T13:40:56: PM2 warn: [pidusage] We couldn't find uptime from /proc/uptime, using os.uptime() value
2026-06-01T13:41:26: PM2 warn: [pidusage] We couldn't find uptime from /proc/uptime, using os.uptime() value
2026-06-01T13:41:56: PM2 warn: [pidusage] We couldn't find uptime from /proc/uptime, using os.uptime() value
2026-06-01T13:42:26: PM2 warn: [pidusage] We couldn't find uptime from /proc/uptime, using os.uptime() value
2026-06-01T13:42:56: PM2 warn: [pidusage] We couldn't find uptime from /proc/uptime, using os.uptime() value
2026-06-01T13:43:26: PM2 warn: [pidusage] We couldn't find uptime from /proc/uptime, using os.uptime() value
2026-06-01T13:43:56: PM2 warn: [pidusage] We couldn't find uptime from /proc/uptime, using os.uptime() value
2026-06-01T13:44:26: PM2 warn: [pidusage] We couldn't find uptime from /proc/uptime, using os.uptime() value
2026-06-01T13:44:56: PM2 warn: [pidusage] We couldn't find uptime from /proc/uptime, using os.uptime() value
2026-06-01T13:45:26: PM2 warn: [pidusage] We couldn't find uptime from /proc/uptime, using os.uptime() value
2026-06-01T13:45:56: PM2 warn: [pidusage] We couldn't find uptime from /proc/uptime, using os.uptime() value
2026-06-01T13:46:26: PM2 warn: [pidusage] We couldn't find uptime from /proc/uptime, using os.uptime() value
2026-06-01T13:46:56: PM2 warn: [pidusage] We couldn't find uptime from /proc/uptime, using os.uptime() value
2026-06-01T13:47:26: PM2 warn: [pidusage] We couldn't find uptime from /proc/uptime, using os.uptime() value
2026-06-01T13:47:56: PM2 warn: [pidusage] We couldn't find uptime from /proc/uptime, using os.uptime() value
2026-06-01T13:48:26: PM2 warn: [pidusage] We couldn't find uptime from /proc/uptime, using os.uptime() value
2026-06-01T13:48:56: PM2 warn: [pidusage] We couldn't find uptime from /proc/uptime, using os.uptime() value
2026-06-01T13:49:26: PM2 warn: [pidusage] We couldn't find uptime from /proc/uptime, using os.uptime() value
2026-06-01T13:49:56: PM2 warn: [pidusage] We couldn't find uptime from /proc/uptime, using os.uptime() value
2026-06-01T13:50:26: PM2 warn: [pidusage] We couldn't find uptime from /proc/uptime, using os.uptime() value
2026-06-01T13:50:56: PM2 warn: [pidusage] We couldn't find uptime from /proc/uptime, using os.uptime() value
2026-06-01T13:51:26: PM2 warn: [pidusage] We couldn't find uptime from /proc/uptime, using os.uptime() value
2026-06-01T13:51:56: PM2 warn: [pidusage] We couldn't find uptime from /proc/uptime, using os.uptime() value
2026-06-01T13:52:26: PM2 warn: [pidusage] We couldn't find uptime from /proc/uptime, using os.uptime() value
2026-06-01T13:52:56: PM2 warn: [pidusage] We couldn't find uptime from /proc/uptime, using os.uptime() value
2026-06-01T13:53:26: PM2 warn: [pidusage] We couldn't find uptime from /proc/uptime, using os.uptime() value
2026-06-01T13:53:56: PM2 warn: [pidusage] We couldn't find uptime from /proc/uptime, using os.uptime() value
2026-06-01T13:54:26: PM2 warn: [pidusage] We couldn't find uptime from /proc/uptime, using os.uptime() value
2026-06-01T13:54:56: PM2 warn: [pidusage] We couldn't find uptime from /proc/uptime, using os.uptime() value
2026-06-01T13:55:26: PM2 warn: [pidusage] We couldn't find uptime from /proc/uptime, using os.uptime() value
2026-06-01T13:55:56: PM2 warn: [pidusage] We couldn't find uptime from /proc/uptime, using os.uptime() value
2026-06-01T13:56:26: PM2 warn: [pidusage] We couldn't find uptime from /proc/uptime, using os.uptime() value
2026-06-01T13:56:56: PM2 warn: [pidusage] We couldn't find uptime from /proc/uptime, using os.uptime() value
2026-06-01T13:57:26: PM2 warn: [pidusage] We couldn't find uptime from /proc/uptime, using os.uptime() value
2026-06-01T13:57:56: PM2 warn: [pidusage] We couldn't find uptime from /proc/uptime, using os.uptime() value
2026-06-01T13:58:26: PM2 warn: [pidusage] We couldn't find uptime from /proc/uptime, using os.uptime() value
2026-06-01T13:58:56: PM2 warn: [pidusage] We couldn't find uptime from /proc/uptime, using os.uptime() value
2026-06-01T13:59:26: PM2 warn: [pidusage] We couldn't find uptime from /proc/uptime, using os.uptime() value
2026-06-01T13:59:56: PM2 warn: [pidusage] We couldn't find uptime from /proc/uptime, using os.uptime() value
2026-06-01T14:00:26: PM2 warn: [pidusage] We couldn't find uptime from /proc/uptime, using os.uptime() value
2026-06-01T14:00:56: PM2 warn: [pidusage] We couldn't find uptime from /proc/uptime, using os.uptime() value
2026-06-01T14:01:26: PM2 warn: [pidusage] We couldn't find uptime from /proc/uptime, using os.uptime() value
2026-06-01T14:01:56: PM2 warn: [pidusage] We couldn't find uptime from /proc/uptime, using os.uptime() value
2026-06-01T14:02:26: PM2 warn: [pidusage] We couldn't find uptime from /proc/uptime, using os.uptime() value
2026-06-01T14:02:56: PM2 warn: [pidusage] We couldn't find uptime from /proc/uptime, using os.uptime() value
2026-06-01T14:03:26: PM2 warn: [pidusage] We couldn't find uptime from /proc/uptime, using os.uptime() value
2026-06-01T14:03:56: PM2 warn: [pidusage] We couldn't find uptime from /proc/uptime, using os.uptime() value
2026-06-01T14:04:27: PM2 warn: [pidusage] We couldn't find uptime from /proc/uptime, using os.uptime() value
2026-06-01T14:04:56: PM2 warn: [pidusage] We couldn't find uptime from /proc/uptime, using os.uptime() value
2026-06-01T14:05:26: PM2 warn: [pidusage] We couldn't find uptime from /proc/uptime, using os.uptime() value
2026-06-01T14:05:56: PM2 warn: [pidusage] We couldn't find uptime from /proc/uptime, using os.uptime() value
2026-06-01T14:06:26: PM2 warn: [pidusage] We couldn't find uptime from /proc/uptime, using os.uptime() value
2026-06-01T14:06:56: PM2 warn: [pidusage] We couldn't find uptime from /proc/uptime, using os.uptime() value
2026-06-01T14:07:26: PM2 warn: [pidusage] We couldn't find uptime from /proc/uptime, using os.uptime() value
2026-06-01T14:07:56: PM2 warn: [pidusage] We couldn't find uptime from /proc/uptime, using os.uptime() value
2026-06-01T14:08:26: PM2 warn: [pidusage] We couldn't find uptime from /proc/uptime, using os.uptime() value
2026-06-01T14:08:56: PM2 warn: [pidusage] We couldn't find uptime from /proc/uptime, using os.uptime() value
2026-06-01T14:09:26: PM2 warn: [pidusage] We couldn't find uptime from /proc/uptime, using os.uptime() value
2026-06-01T14:09:57: PM2 warn: [pidusage] We couldn't find uptime from /proc/uptime, using os.uptime() value
2026-06-01T14:10:26: PM2 warn: [pidusage] We couldn't find uptime from /proc/uptime, using os.uptime() value
2026-06-01T14:10:56: PM2 warn: [pidusage] We couldn't find uptime from /proc/uptime, using os.uptime() value
2026-06-01T14:11:26: PM2 warn: [pidusage] We couldn't find uptime from /proc/uptime, using os.uptime() value
2026-06-01T14:11:56: PM2 warn: [pidusage] We couldn't find uptime from /proc/uptime, using os.uptime() value
2026-06-01T14:12:26: PM2 warn: [pidusage] We couldn't find uptime from /proc/uptime, using os.uptime() value
2026-06-01T14:12:56: PM2 warn: [pidusage] We couldn't find uptime from /proc/uptime, using os.uptime() value
2026-06-01T14:13:26: PM2 warn: [pidusage] We couldn't find uptime from /proc/uptime, using os.uptime() value
2026-06-01T14:13:56: PM2 warn: [pidusage] We couldn't find uptime from /proc/uptime, using os.uptime() value
2026-06-01T14:14:26: PM2 warn: [pidusage] We couldn't find uptime from /proc/uptime, using os.uptime() value
2026-06-01T14:14:57: PM2 warn: [pidusage] We couldn't find uptime from /proc/uptime, using os.uptime() value
2026-06-01T14:15:26: PM2 warn: [pidusage] We couldn't find uptime from /proc/uptime, using os.uptime() value
2026-06-01T14:15:56: PM2 warn: [pidusage] We couldn't find uptime from /proc/uptime, using os.uptime() value
2026-06-01T14:16:26: PM2 warn: [pidusage] We couldn't find uptime from /proc/uptime, using os.uptime() value
2026-06-01T14:16:56: PM2 warn: [pidusage] We couldn't find uptime from /proc/uptime, using os.uptime() value
2026-06-01T14:17:26: PM2 warn: [pidusage] We couldn't find uptime from /proc/uptime, using os.uptime() value
2026-06-01T14:17:56: PM2 warn: [pidusage] We couldn't find uptime from /proc/uptime, using os.uptime() value
2026-06-01T14:18:26: PM2 warn: [pidusage] We couldn't find uptime from /proc/uptime, using os.uptime() value
2026-06-01T14:18:56: PM2 warn: [pidusage] We couldn't find uptime from /proc/uptime, using os.uptime() value
2026-06-01T14:19:26: PM2 warn: [pidusage] We couldn't find uptime from /proc/uptime, using os.uptime() value
2026-06-01T14:19:56: PM2 warn: [pidusage] We couldn't find uptime from /proc/uptime, using os.uptime() value
2026-06-01T14:20:26: PM2 warn: [pidusage] We couldn't find uptime from /proc/uptime, using os.uptime() value
2026-06-01T14:20:56: PM2 warn: [pidusage] We couldn't find uptime from /proc/uptime, using os.uptime() value
2026-06-01T14:21:27: PM2 warn: [pidusage] We couldn't find uptime from /proc/uptime, using os.uptime() value
2026-06-01T14:21:57: PM2 warn: [pidusage] We couldn't find uptime from /proc/uptime, using os.uptime() value
2026-06-01T14:22:27: PM2 warn: [pidusage] We couldn't find uptime from /proc/uptime, using os.uptime() value
2026-06-01T14:22:57: PM2 warn: [pidusage] We couldn't find uptime from /proc/uptime, using os.uptime() value
2026-06-01T14:23:27: PM2 warn: [pidusage] We couldn't find uptime from /proc/uptime, using os.uptime() value
2026-06-01T14:23:57: PM2 warn: [pidusage] We couldn't find uptime from /proc/uptime, using os.uptime() value
2026-06-01T14:24:27: PM2 warn: [pidusage] We couldn't find uptime from /proc/uptime, using os.uptime() value
2026-06-01T14:24:57: PM2 warn: [pidusage] We couldn't find uptime from /proc/uptime, using os.uptime() value
2026-06-01T14:25:27: PM2 warn: [pidusage] We couldn't find uptime from /proc/uptime, using os.uptime() value
2026-06-01T14:25:57: PM2 warn: [pidusage] We couldn't find uptime from /proc/uptime, using os.uptime() value
2026-06-01T14:26:27: PM2 warn: [pidusage] We couldn't find uptime from /proc/uptime, using os.uptime() value
2026-06-01T14:26:57: PM2 warn: [pidusage] We couldn't find uptime from /proc/uptime, using os.uptime() value
2026-06-01T14:27:27: PM2 warn: [pidusage] We couldn't find uptime from /proc/uptime, using os.uptime() value
2026-06-01T14:27:57: PM2 warn: [pidusage] We couldn't find uptime from /proc/uptime, using os.uptime() value
2026-06-01T14:28:27: PM2 warn: [pidusage] We couldn't find uptime from /proc/uptime, using os.uptime() value
2026-06-01T14:28:57: PM2 warn: [pidusage] We couldn't find uptime from /proc/uptime, using os.uptime() value
2026-06-01T14:29:27: PM2 warn: [pidusage] We couldn't find uptime from /proc/uptime, using os.uptime() value
2026-06-01T14:29:57: PM2 warn: [pidusage] We couldn't find uptime from /proc/uptime, using os.uptime() value
2026-06-01T14:30:27: PM2 warn: [pidusage] We couldn't find uptime from /proc/uptime, using os.uptime() value
2026-06-01T14:30:57: PM2 warn: [pidusage] We couldn't find uptime from /proc/uptime, using os.uptime() value
2026-06-01T14:31:27: PM2 warn: [pidusage] We couldn't find uptime from /proc/uptime, using os.uptime() value
2026-06-01T14:31:57: PM2 warn: [pidusage] We couldn't find uptime from /proc/uptime, using os.uptime() value
2026-06-01T14:32:27: PM2 warn: [pidusage] We couldn't find uptime from /proc/uptime, using os.uptime() value
2026-06-01T14:32:57: PM2 warn: [pidusage] We couldn't find uptime from /proc/uptime, using os.uptime() value
2026-06-01T14:33:27: PM2 warn: [pidusage] We couldn't find uptime from /proc/uptime, using os.uptime() value
2026-06-01T14:33:57: PM2 warn: [pidusage] We couldn't find uptime from /proc/uptime, using os.uptime() value
2026-06-01T14:34:27: PM2 warn: [pidusage] We couldn't find uptime from /proc/uptime, using os.uptime() value
2026-06-01T14:34:57: PM2 warn: [pidusage] We couldn't find uptime from /proc/uptime, using os.uptime() value
2026-06-01T14:35:27: PM2 warn: [pidusage] We couldn't find uptime from /proc/uptime, using os.uptime() value
2026-06-01T14:35:57: PM2 warn: [pidusage] We couldn't find uptime from /proc/uptime, using os.uptime() value
2026-06-01T14:36:27: PM2 warn: [pidusage] We couldn't find uptime from /proc/uptime, using os.uptime() value
2026-06-01T14:36:57: PM2 warn: [pidusage] We couldn't find uptime from /proc/uptime, using os.uptime() value
2026-06-01T14:37:27: PM2 warn: [pidusage] We couldn't find uptime from /proc/uptime, using os.uptime() value
2026-06-01T14:37:57: PM2 warn: [pidusage] We couldn't find uptime from /proc/uptime, using os.uptime() value
2026-06-01T14:38:27: PM2 warn: [pidusage] We couldn't find uptime from /proc/uptime, using os.uptime() value
2026-06-01T14:38:57: PM2 warn: [pidusage] We couldn't find uptime from /proc/uptime, using os.uptime() value
2026-06-01T14:39:27: PM2 warn: [pidusage] We couldn't find uptime from /proc/uptime, using os.uptime() value
2026-06-01T14:39:57: PM2 warn: [pidusage] We couldn't find uptime from /proc/uptime, using os.uptime() value
2026-06-01T14:40:27: PM2 warn: [pidusage] We couldn't find uptime from /proc/uptime, using os.uptime() value
2026-06-01T14:40:57: PM2 warn: [pidusage] We couldn't find uptime from /proc/uptime, using os.uptime() value
2026-06-01T14:41:27: PM2 warn: [pidusage] We couldn't find uptime from /proc/uptime, using os.uptime() value
2026-06-01T14:41:57: PM2 warn: [pidusage] We couldn't find uptime from /proc/uptime, using os.uptime() value
2026-06-01T14:42:27: PM2 warn: [pidusage] We couldn't find uptime from /proc/uptime, using os.uptime() value
2026-06-01T14:42:57: PM2 warn: [pidusage] We couldn't find uptime from /proc/uptime, using os.uptime() value
2026-06-01T14:43:27: PM2 warn: [pidusage] We couldn't find uptime from /proc/uptime, using os.uptime() value
2026-06-01T14:43:57: PM2 warn: [pidusage] We couldn't find uptime from /proc/uptime, using os.uptime() value
2026-06-01T14:44:27: PM2 warn: [pidusage] We couldn't find uptime from /proc/uptime, using os.uptime() value
2026-06-01T14:44:57: PM2 warn: [pidusage] We couldn't find uptime from /proc/uptime, using os.uptime() value
2026-06-01T14:45:27: PM2 warn: [pidusage] We couldn't find uptime from /proc/uptime, using os.uptime() value
2026-06-01T14:45:57: PM2 warn: [pidusage] We couldn't find uptime from /proc/uptime, using os.uptime() value
2026-06-01T14:46:27: PM2 warn: [pidusage] We couldn't find uptime from /proc/uptime, using os.uptime() value
2026-06-01T14:46:57: PM2 warn: [pidusage] We couldn't find uptime from /proc/uptime, using os.uptime() value
2026-06-01T14:47:27: PM2 warn: [pidusage] We couldn't find uptime from /proc/uptime, using os.uptime() value
2026-06-01T14:47:57: PM2 warn: [pidusage] We couldn't find uptime from /proc/uptime, using os.uptime() value
2026-06-01T14:48:27: PM2 warn: [pidusage] We couldn't find uptime from /proc/uptime, using os.uptime() value
2026-06-01T14:48:57: PM2 warn: [pidusage] We couldn't find uptime from /proc/uptime, using os.uptime() value
2026-06-01T14:49:27: PM2 warn: [pidusage] We couldn't find uptime from /proc/uptime, using os.uptime() value
2026-06-01T14:49:57: PM2 warn: [pidusage] We couldn't find uptime from /proc/uptime, using os.uptime() value
2026-06-01T14:50:27: PM2 warn: [pidusage] We couldn't find uptime from /proc/uptime, using os.uptime() value
2026-06-01T14:50:57: PM2 warn: [pidusage] We couldn't find uptime from /proc/uptime, using os.uptime() value
2026-06-01T14:51:27: PM2 warn: [pidusage] We couldn't find uptime from /proc/uptime, using os.uptime() value
2026-06-01T14:51:57: PM2 warn: [pidusage] We couldn't find uptime from /proc/uptime, using os.uptime() value
2026-06-01T14:52:27: PM2 warn: [pidusage] We couldn't find uptime from /proc/uptime, using os.uptime() value
2026-06-01T14:52:57: PM2 warn: [pidusage] We couldn't find uptime from /proc/uptime, using os.uptime() value
2026-06-01T14:53:27: PM2 warn: [pidusage] We couldn't find uptime from /proc/uptime, using os.uptime() value
2026-06-01T14:53:57: PM2 warn: [pidusage] We couldn't find uptime from /proc/uptime, using os.uptime() value
2026-06-01T14:54:27: PM2 warn: [pidusage] We couldn't find uptime from /proc/uptime, using os.uptime() value
2026-06-01T14:54:57: PM2 warn: [pidusage] We couldn't find uptime from /proc/uptime, using os.uptime() value
2026-06-01T14:55:27: PM2 warn: [pidusage] We couldn't find uptime from /proc/uptime, using os.uptime() value
2026-06-01T14:55:57: PM2 warn: [pidusage] We couldn't find uptime from /proc/uptime, using os.uptime() value
2026-06-01T14:56:27: PM2 warn: [pidusage] We couldn't find uptime from /proc/uptime, using os.uptime() value
2026-06-01T14:56:57: PM2 warn: [pidusage] We couldn't find uptime from /proc/uptime, using os.uptime() value
2026-06-01T14:57:27: PM2 warn: [pidusage] We couldn't find uptime from /proc/uptime, using os.uptime() value
2026-06-01T14:57:57: PM2 warn: [pidusage] We couldn't find uptime from /proc/uptime, using os.uptime() value
2026-06-01T14:58:27: PM2 warn: [pidusage] We couldn't find uptime from /proc/uptime, using os.uptime() value
2026-06-01T14:58:57: PM2 warn: [pidusage] We couldn't find uptime from /proc/uptime, using os.uptime() value
2026-06-01T14:59:27: PM2 warn: [pidusage] We couldn't find uptime from /proc/uptime, using os.uptime() value
2026-06-01T14:59:57: PM2 warn: [pidusage] We couldn't find uptime from /proc/uptime, using os.uptime() value
2026-06-01T15:00:27: PM2 warn: [pidusage] We couldn't find uptime from /proc/uptime, using os.uptime() value
2026-06-01T15:00:57: PM2 warn: [pidusage] We couldn't find uptime from /proc/uptime, using os.uptime() value
2026-06-01T15:01:27: PM2 warn: [pidusage] We couldn't find uptime from /proc/uptime, using os.uptime() value
2026-06-01T15:01:57: PM2 warn: [pidusage] We couldn't find uptime from /proc/uptime, using os.uptime() value
2026-06-01T15:02:27: PM2 warn: [pidusage] We couldn't find uptime from /proc/uptime, using os.uptime() value
2026-06-01T15:02:57: PM2 warn: [pidusage] We couldn't find uptime from /proc/uptime, using os.uptime() value
2026-06-01T15:03:27: PM2 warn: [pidusage] We couldn't find uptime from /proc/uptime, using os.uptime() value
2026-06-01T15:03:57: PM2 warn: [pidusage] We couldn't find uptime from /proc/uptime, using os.uptime() value
2026-06-01T15:04:27: PM2 warn: [pidusage] We couldn't find uptime from /proc/uptime, using os.uptime() value
2026-06-01T15:04:57: PM2 warn: [pidusage] We couldn't find uptime from /proc/uptime, using os.uptime() value
2026-06-01T15:05:27: PM2 warn: [pidusage] We couldn't find uptime from /proc/uptime, using os.uptime() value
2026-06-01T15:05:57: PM2 warn: [pidusage] We couldn't find uptime from /proc/uptime, using os.uptime() value
2026-06-01T15:06:27: PM2 warn: [pidusage] We couldn't find uptime from /proc/uptime, using os.uptime() value
2026-06-01T15:06:57: PM2 warn: [pidusage] We couldn't find uptime from /proc/uptime, using os.uptime() value
2026-06-01T15:07:27: PM2 warn: [pidusage] We couldn't find uptime from /proc/uptime, using os.uptime() value
2026-06-01T15:07:57: PM2 warn: [pidusage] We couldn't find uptime from /proc/uptime, using os.uptime() value
2026-06-01T15:08:27: PM2 warn: [pidusage] We couldn't find uptime from /proc/uptime, using os.uptime() value
2026-06-01T15:08:57: PM2 warn: [pidusage] We couldn't find uptime from /proc/uptime, using os.uptime() value
2026-06-01T15:09:27: PM2 warn: [pidusage] We couldn't find uptime from /proc/uptime, using os.uptime() value
2026-06-01T15:09:57: PM2 warn: [pidusage] We couldn't find uptime from /proc/uptime, using os.uptime() value
2026-06-01T15:10:27: PM2 warn: [pidusage] We couldn't find uptime from /proc/uptime, using os.uptime() value
2026-06-01T15:10:57: PM2 warn: [pidusage] We couldn't find uptime from /proc/uptime, using os.uptime() value
2026-06-01T15:11:27: PM2 warn: [pidusage] We couldn't find uptime from /proc/uptime, using os.uptime() value
2026-06-01T15:11:57: PM2 warn: [pidusage] We couldn't find uptime from /proc/uptime, using os.uptime() value
2026-06-01T15:12:27: PM2 warn: [pidusage] We couldn't find uptime from /proc/uptime, using os.uptime() value
2026-06-01T15:12:57: PM2 warn: [pidusage] We couldn't find uptime from /proc/uptime, using os.uptime() value
2026-06-01T15:13:27: PM2 warn: [pidusage] We couldn't find uptime from /proc/uptime, using os.uptime() value
2026-06-01T15:13:57: PM2 warn: [pidusage] We couldn't find uptime from /proc/uptime, using os.uptime() value
2026-06-01T15:14:27: PM2 warn: [pidusage] We couldn't find uptime from /proc/uptime, using os.uptime() value
2026-06-01T15:14:57: PM2 warn: [pidusage] We couldn't find uptime from /proc/uptime, using os.uptime() value
2026-06-01T15:15:27: PM2 warn: [pidusage] We couldn't find uptime from /proc/uptime, using os.uptime() value
2026-06-01T15:15:57: PM2 warn: [pidusage] We couldn't find uptime from /proc/uptime, using os.uptime() value
2026-06-01T15:16:27: PM2 warn: [pidusage] We couldn't find uptime from /proc/uptime, using os.uptime() value
2026-06-01T15:16:57: PM2 warn: [pidusage] We couldn't find uptime from /proc/uptime, using os.uptime() value
2026-06-01T15:17:27: PM2 warn: [pidusage] We couldn't find uptime from /proc/uptime, using os.uptime() value
2026-06-01T15:17:57: PM2 warn: [pidusage] We couldn't find uptime from /proc/uptime, using os.uptime() value
2026-06-01T15:18:27: PM2 warn: [pidusage] We couldn't find uptime from /proc/uptime, using os.uptime() value
2026-06-01T15:18:57: PM2 warn: [pidusage] We couldn't find uptime from /proc/uptime, using os.uptime() value
2026-06-01T15:19:27: PM2 warn: [pidusage] We couldn't find uptime from /proc/uptime, using os.uptime() value
2026-06-01T15:19:57: PM2 warn: [pidusage] We couldn't find uptime from /proc/uptime, using os.uptime() value
2026-06-01T15:20:27: PM2 warn: [pidusage] We couldn't find uptime from /proc/uptime, using os.uptime() value
2026-06-01T15:20:57: PM2 warn: [pidusage] We couldn't find uptime from /proc/uptime, using os.uptime() value
2026-06-01T15:21:27: PM2 warn: [pidusage] We couldn't find uptime from /proc/uptime, using os.uptime() value
2026-06-01T15:21:57: PM2 warn: [pidusage] We couldn't find uptime from /proc/uptime, using os.uptime() value
2026-06-01T15:22:27: PM2 warn: [pidusage] We couldn't find uptime from /proc/uptime, using os.uptime() value
2026-06-01T15:22:57: PM2 warn: [pidusage] We couldn't find uptime from /proc/uptime, using os.uptime() value
2026-06-01T15:23:27: PM2 warn: [pidusage] We couldn't find uptime from /proc/uptime, using os.uptime() value
2026-06-01T15:23:57: PM2 warn: [pidusage] We couldn't find uptime from /proc/uptime, using os.uptime() value
2026-06-01T15:24:27: PM2 warn: [pidusage] We couldn't find uptime from /proc/uptime, using os.uptime() value
2026-06-01T15:24:57: PM2 warn: [pidusage] We couldn't find uptime from /proc/uptime, using os.uptime() value
2026-06-01T15:25:27: PM2 warn: [pidusage] We couldn't find uptime from /proc/uptime, using os.uptime() value
2026-06-01T15:25:57: PM2 warn: [pidusage] We couldn't find uptime from /proc/uptime, using os.uptime() value
2026-06-01T15:26:27: PM2 warn: [pidusage] We couldn't find uptime from /proc/uptime, using os.uptime() value
2026-06-01T15:26:57: PM2 warn: [pidusage] We couldn't find uptime from /proc/uptime, using os.uptime() value
2026-06-01T15:27:27: PM2 warn: [pidusage] We couldn't find uptime from /proc/uptime, using os.uptime() value
2026-06-01T15:27:57: PM2 warn: [pidusage] We couldn't find uptime from /proc/uptime, using os.uptime() value
2026-06-01T15:28:27: PM2 warn: [pidusage] We couldn't find uptime from /proc/uptime, using os.uptime() value
2026-06-01T15:28:57: PM2 warn: [pidusage] We couldn't find uptime from /proc/uptime, using os.uptime() value
2026-06-01T15:29:27: PM2 warn: [pidusage] We couldn't find uptime from /proc/uptime, using os.uptime() value
2026-06-01T15:29:57: PM2 warn: [pidusage] We couldn't find uptime from /proc/uptime, using os.uptime() value
2026-06-01T15:30:27: PM2 warn: [pidusage] We couldn't find uptime from /proc/uptime, using os.uptime() value
2026-06-01T15:30:57: PM2 warn: [pidusage] We couldn't find uptime from /proc/uptime, using os.uptime() value
2026-06-01T15:31:27: PM2 warn: [pidusage] We couldn't find uptime from /proc/uptime, using os.uptime() value
2026-06-01T15:31:57: PM2 warn: [pidusage] We couldn't find uptime from /proc/uptime, using os.uptime() value
2026-06-01T15:32:27: PM2 warn: [pidusage] We couldn't find uptime from /proc/uptime, using os.uptime() value
2026-06-01T15:32:57: PM2 warn: [pidusage] We couldn't find uptime from /proc/uptime, using os.uptime() value
2026-06-01T15:33:27: PM2 warn: [pidusage] We couldn't find uptime from /proc/uptime, using os.uptime() value
2026-06-01T15:33:57: PM2 warn: [pidusage] We couldn't find uptime from /proc/uptime, using os.uptime() value
2026-06-01T15:34:27: PM2 warn: [pidusage] We couldn't find uptime from /proc/uptime, using os.uptime() value
2026-06-01T15:34:57: PM2 warn: [pidusage] We couldn't find uptime from /proc/uptime, using os.uptime() value
2026-06-01T15:35:27: PM2 warn: [pidusage] We couldn't find uptime from /proc/uptime, using os.uptime() value
2026-06-01T15:35:57: PM2 warn: [pidusage] We couldn't find uptime from /proc/uptime, using os.uptime() value
2026-06-01T15:36:27: PM2 warn: [pidusage] We couldn't find uptime from /proc/uptime, using os.uptime() value
2026-06-01T15:36:57: PM2 warn: [pidusage] We couldn't find uptime from /proc/uptime, using os.uptime() value
2026-06-01T15:37:27: PM2 warn: [pidusage] We couldn't find uptime from /proc/uptime, using os.uptime() value
2026-06-01T15:37:57: PM2 warn: [pidusage] We couldn't find uptime from /proc/uptime, using os.uptime() value
2026-06-01T15:38:27: PM2 warn: [pidusage] We couldn't find uptime from /proc/uptime, using os.uptime() value
2026-06-01T15:38:57: PM2 warn: [pidusage] We couldn't find uptime from /proc/uptime, using os.uptime() value
2026-06-01T15:39:27: PM2 warn: [pidusage] We couldn't find uptime from /proc/uptime, using os.uptime() value
2026-06-01T15:39:57: PM2 warn: [pidusage] We couldn't find uptime from /proc/uptime, using os.uptime() value
2026-06-01T15:40:27: PM2 warn: [pidusage] We couldn't find uptime from /proc/uptime, using os.uptime() value
2026-06-01T15:40:57: PM2 warn: [pidusage] We couldn't find uptime from /proc/uptime, using os.uptime() value
2026-06-01T15:41:27: PM2 warn: [pidusage] We couldn't find uptime from /proc/uptime, using os.uptime() value
2026-06-01T15:41:57: PM2 warn: [pidusage] We couldn't find uptime from /proc/uptime, using os.uptime() value
2026-06-01T15:42:27: PM2 warn: [pidusage] We couldn't find uptime from /proc/uptime, using os.uptime() value
2026-06-01T15:42:57: PM2 warn: [pidusage] We couldn't find uptime from /proc/uptime, using os.uptime() value
2026-06-01T15:43:27: PM2 warn: [pidusage] We couldn't find uptime from /proc/uptime, using os.uptime() value
2026-06-01T15:43:57: PM2 warn: [pidusage] We couldn't find uptime from /proc/uptime, using os.uptime() value
2026-06-01T15:44:27: PM2 warn: [pidusage] We couldn't find uptime from /proc/uptime, using os.uptime() value
2026-06-01T15:44:57: PM2 warn: [pidusage] We couldn't find uptime from /proc/uptime, using os.uptime() value
2026-06-01T15:45:27: PM2 warn: [pidusage] We couldn't find uptime from /proc/uptime, using os.uptime() value
2026-06-01T15:45:57: PM2 warn: [pidusage] We couldn't find uptime from /proc/uptime, using os.uptime() value
2026-06-01T15:46:27: PM2 warn: [pidusage] We couldn't find uptime from /proc/uptime, using os.uptime() value
2026-06-01T15:46:57: PM2 warn: [pidusage] We couldn't find uptime from /proc/uptime, using os.uptime() value
2026-06-01T15:47:27: PM2 warn: [pidusage] We couldn't find uptime from /proc/uptime, using os.uptime() value
2026-06-01T15:47:57: PM2 warn: [pidusage] We couldn't find uptime from /proc/uptime, using os.uptime() value
2026-06-01T15:48:27: PM2 warn: [pidusage] We couldn't find uptime from /proc/uptime, using os.uptime() value
2026-06-01T15:48:57: PM2 warn: [pidusage] We couldn't find uptime from /proc/uptime, using os.uptime() value
2026-06-01T15:49:27: PM2 warn: [pidusage] We couldn't find uptime from /proc/uptime, using os.uptime() value
2026-06-01T15:49:57: PM2 warn: [pidusage] We couldn't find uptime from /proc/uptime, using os.uptime() value
2026-06-01T15:50:27: PM2 warn: [pidusage] We couldn't find uptime from /proc/uptime, using os.uptime() value
2026-06-01T15:50:57: PM2 warn: [pidusage] We couldn't find uptime from /proc/uptime, using os.uptime() value
2026-06-01T15:51:27: PM2 warn: [pidusage] We couldn't find uptime from /proc/uptime, using os.uptime() value
2026-06-01T15:51:57: PM2 warn: [pidusage] We couldn't find uptime from /proc/uptime, using os.uptime() value
2026-06-01T15:52:27: PM2 warn: [pidusage] We couldn't find uptime from /proc/uptime, using os.uptime() value
2026-06-01T15:52:57: PM2 warn: [pidusage] We couldn't find uptime from /proc/uptime, using os.uptime() value
2026-06-01T15:53:27: PM2 warn: [pidusage] We couldn't find uptime from /proc/uptime, using os.uptime() value
2026-06-01T15:53:57: PM2 warn: [pidusage] We couldn't find uptime from /proc/uptime, using os.uptime() value
2026-06-01T15:54:27: PM2 warn: [pidusage] We couldn't find uptime from /proc/uptime, using os.uptime() value
2026-06-01T15:54:57: PM2 warn: [pidusage] We couldn't find uptime from /proc/uptime, using os.uptime() value
2026-06-01T15:55:27: PM2 warn: [pidusage] We couldn't find uptime from /proc/uptime, using os.uptime() value
2026-06-01T15:55:57: PM2 warn: [pidusage] We couldn't find uptime from /proc/uptime, using os.uptime() value
2026-06-01T15:56:27: PM2 warn: [pidusage] We couldn't find uptime from /proc/uptime, using os.uptime() value
2026-06-01T15:56:57: PM2 warn: [pidusage] We couldn't find uptime from /proc/uptime, using os.uptime() value
2026-06-01T15:57:27: PM2 warn: [pidusage] We couldn't find uptime from /proc/uptime, using os.uptime() value
2026-06-01T15:57:57: PM2 warn: [pidusage] We couldn't find uptime from /proc/uptime, using os.uptime() value
2026-06-01T15:58:27: PM2 warn: [pidusage] We couldn't find uptime from /proc/uptime, using os.uptime() value
2026-06-01T15:58:57: PM2 warn: [pidusage] We couldn't find uptime from /proc/uptime, using os.uptime() value
2026-06-01T15:59:27: PM2 warn: [pidusage] We couldn't find uptime from /proc/uptime, using os.uptime() value
2026-06-01T15:59:57: PM2 warn: [pidusage] We couldn't find uptime from /proc/uptime, using os.uptime() value
2026-06-01T16:00:27: PM2 warn: [pidusage] We couldn't find uptime from /proc/uptime, using os.uptime() value
2026-06-01T16:00:57: PM2 warn: [pidusage] We couldn't find uptime from /proc/uptime, using os.uptime() value
2026-06-01T16:01:27: PM2 warn: [pidusage] We couldn't find uptime from /proc/uptime, using os.uptime() value
2026-06-01T16:01:57: PM2 warn: [pidusage] We couldn't find uptime from /proc/uptime, using os.uptime() value
2026-06-01T16:02:27: PM2 warn: [pidusage] We couldn't find uptime from /proc/uptime, using os.uptime() value
2026-06-01T16:02:57: PM2 warn: [pidusage] We couldn't find uptime from /proc/uptime, using os.uptime() value
2026-06-01T16:03:27: PM2 warn: [pidusage] We couldn't find uptime from /proc/uptime, using os.uptime() value
2026-06-01T16:03:57: PM2 warn: [pidusage] We couldn't find uptime from /proc/uptime, using os.uptime() value
2026-06-01T16:04:27: PM2 warn: [pidusage] We couldn't find uptime from /proc/uptime, using os.uptime() value
2026-06-01T16:04:57: PM2 warn: [pidusage] We couldn't find uptime from /proc/uptime, using os.uptime() value
2026-06-01T16:05:27: PM2 warn: [pidusage] We couldn't find uptime from /proc/uptime, using os.uptime() value
2026-06-01T16:05:57: PM2 warn: [pidusage] We couldn't find uptime from /proc/uptime, using os.uptime() value
2026-06-01T16:06:27: PM2 warn: [pidusage] We couldn't find uptime from /proc/uptime, using os.uptime() value
2026-06-01T16:06:57: PM2 warn: [pidusage] We couldn't find uptime from /proc/uptime, using os.uptime() value
2026-06-01T16:07:27: PM2 warn: [pidusage] We couldn't find uptime from /proc/uptime, using os.uptime() value
2026-06-01T16:07:57: PM2 warn: [pidusage] We couldn't find uptime from /proc/uptime, using os.uptime() value
2026-06-01T16:08:27: PM2 warn: [pidusage] We couldn't find uptime from /proc/uptime, using os.uptime() value
2026-06-01T16:08:57: PM2 warn: [pidusage] We couldn't find uptime from /proc/uptime, using os.uptime() value
2026-06-01T16:09:27: PM2 warn: [pidusage] We couldn't find uptime from /proc/uptime, using os.uptime() value
2026-06-01T16:09:57: PM2 warn: [pidusage] We couldn't find uptime from /proc/uptime, using os.uptime() value
2026-06-01T16:10:27: PM2 warn: [pidusage] We couldn't find uptime from /proc/uptime, using os.uptime() value
2026-06-01T16:10:57: PM2 warn: [pidusage] We couldn't find uptime from /proc/uptime, using os.uptime() value
2026-06-01T16:11:27: PM2 warn: [pidusage] We couldn't find uptime from /proc/uptime, using os.uptime() value
2026-06-01T16:11:57: PM2 warn: [pidusage] We couldn't find uptime from /proc/uptime, using os.uptime() value
2026-06-01T16:12:27: PM2 warn: [pidusage] We couldn't find uptime from /proc/uptime, using os.uptime() value
2026-06-01T16:12:57: PM2 warn: [pidusage] We couldn't find uptime from /proc/uptime, using os.uptime() value
2026-06-01T16:13:27: PM2 warn: [pidusage] We couldn't find uptime from /proc/uptime, using os.uptime() value
2026-06-01T16:13:57: PM2 warn: [pidusage] We couldn't find uptime from /proc/uptime, using os.uptime() value
2026-06-01T16:14:27: PM2 warn: [pidusage] We couldn't find uptime from /proc/uptime, using os.uptime() value
2026-06-01T16:14:57: PM2 warn: [pidusage] We couldn't find uptime from /proc/uptime, using os.uptime() value
2026-06-01T16:15:27: PM2 warn: [pidusage] We couldn't find uptime from /proc/uptime, using os.uptime() value
2026-06-01T16:15:57: PM2 warn: [pidusage] We couldn't find uptime from /proc/uptime, using os.uptime() value
2026-06-01T16:16:27: PM2 warn: [pidusage] We couldn't find uptime from /proc/uptime, using os.uptime() value
2026-06-01T16:16:57: PM2 warn: [pidusage] We couldn't find uptime from /proc/uptime, using os.uptime() value
2026-06-01T16:17:27: PM2 warn: [pidusage] We couldn't find uptime from /proc/uptime, using os.uptime() value
2026-06-01T16:17:57: PM2 warn: [pidusage] We couldn't find uptime from /proc/uptime, using os.uptime() value
2026-06-01T16:18:27: PM2 warn: [pidusage] We couldn't find uptime from /proc/uptime, using os.uptime() value
2026-06-01T16:18:57: PM2 warn: [pidusage] We couldn't find uptime from /proc/uptime, using os.uptime() value
2026-06-01T16:19:27: PM2 warn: [pidusage] We couldn't find uptime from /proc/uptime, using os.uptime() value
2026-06-01T16:19:57: PM2 warn: [pidusage] We couldn't find uptime from /proc/uptime, using os.uptime() value
2026-06-01T16:20:27: PM2 warn: [pidusage] We couldn't find uptime from /proc/uptime, using os.uptime() value
2026-06-01T16:20:57: PM2 warn: [pidusage] We couldn't find uptime from /proc/uptime, using os.uptime() value
2026-06-01T16:21:27: PM2 warn: [pidusage] We couldn't find uptime from /proc/uptime, using os.uptime() value
2026-06-01T16:21:57: PM2 warn: [pidusage] We couldn't find uptime from /proc/uptime, using os.uptime() value
2026-06-01T16:22:27: PM2 warn: [pidusage] We couldn't find uptime from /proc/uptime, using os.uptime() value
2026-06-01T16:22:57: PM2 warn: [pidusage] We couldn't find uptime from /proc/uptime, using os.uptime() value
2026-06-01T16:23:27: PM2 warn: [pidusage] We couldn't find uptime from /proc/uptime, using os.uptime() value
2026-06-01T16:23:57: PM2 warn: [pidusage] We couldn't find uptime from /proc/uptime, using os.uptime() value
2026-06-01T16:24:27: PM2 warn: [pidusage] We couldn't find uptime from /proc/uptime, using os.uptime() value
2026-06-01T16:24:57: PM2 warn: [pidusage] We couldn't find uptime from /proc/uptime, using os.uptime() value
2026-06-01T16:25:27: PM2 warn: [pidusage] We couldn't find uptime from /proc/uptime, using os.uptime() value
2026-06-01T16:25:57: PM2 warn: [pidusage] We couldn't find uptime from /proc/uptime, using os.uptime() value
2026-06-01T16:26:27: PM2 warn: [pidusage] We couldn't find uptime from /proc/uptime, using os.uptime() value
2026-06-01T16:26:57: PM2 warn: [pidusage] We couldn't find uptime from /proc/uptime, using os.uptime() value
2026-06-01T16:27:27: PM2 warn: [pidusage] We couldn't find uptime from /proc/uptime, using os.uptime() value
2026-06-01T16:27:57: PM2 warn: [pidusage] We couldn't find uptime from /proc/uptime, using os.uptime() value
2026-06-01T16:28:27: PM2 warn: [pidusage] We couldn't find uptime from /proc/uptime, using os.uptime() value
2026-06-01T16:28:57: PM2 warn: [pidusage] We couldn't find uptime from /proc/uptime, using os.uptime() value
2026-06-01T16:29:27: PM2 warn: [pidusage] We couldn't find uptime from /proc/uptime, using os.uptime() value
2026-06-01T16:29:57: PM2 warn: [pidusage] We couldn't find uptime from /proc/uptime, using os.uptime() value
2026-06-01T16:30:27: PM2 warn: [pidusage] We couldn't find uptime from /proc/uptime, using os.uptime() value
2026-06-01T16:30:57: PM2 warn: [pidusage] We couldn't find uptime from /proc/uptime, using os.uptime() value
2026-06-01T16:31:27: PM2 warn: [pidusage] We couldn't find uptime from /proc/uptime, using os.uptime() value
2026-06-01T16:31:57: PM2 warn: [pidusage] We couldn't find uptime from /proc/uptime, using os.uptime() value
2026-06-01T16:32:27: PM2 warn: [pidusage] We couldn't find uptime from /proc/uptime, using os.uptime() value
2026-06-01T16:32:57: PM2 warn: [pidusage] We couldn't find uptime from /proc/uptime, using os.uptime() value
2026-06-01T16:33:27: PM2 warn: [pidusage] We couldn't find uptime from /proc/uptime, using os.uptime() value
2026-06-01T16:33:57: PM2 warn: [pidusage] We couldn't find uptime from /proc/uptime, using os.uptime() value
2026-06-01T16:34:27: PM2 warn: [pidusage] We couldn't find uptime from /proc/uptime, using os.uptime() value
2026-06-01T16:34:57: PM2 warn: [pidusage] We couldn't find uptime from /proc/uptime, using os.uptime() value
2026-06-01T16:35:27: PM2 warn: [pidusage] We couldn't find uptime from /proc/uptime, using os.uptime() value
2026-06-01T16:35:57: PM2 warn: [pidusage] We couldn't find uptime from /proc/uptime, using os.uptime() value
2026-06-01T16:36:27: PM2 warn: [pidusage] We couldn't find uptime from /proc/uptime, using os.uptime() value
2026-06-01T16:36:57: PM2 warn: [pidusage] We couldn't find uptime from /proc/uptime, using os.uptime() value
2026-06-01T16:37:27: PM2 warn: [pidusage] We couldn't find uptime from /proc/uptime, using os.uptime() value
2026-06-01T16:37:57: PM2 warn: [pidusage] We couldn't find uptime from /proc/uptime, using os.uptime() value
2026-06-01T16:38:27: PM2 warn: [pidusage] We couldn't find uptime from /proc/uptime, using os.uptime() value
2026-06-01T16:38:57: PM2 warn: [pidusage] We couldn't find uptime from /proc/uptime, using os.uptime() value
2026-06-01T16:39:27: PM2 warn: [pidusage] We couldn't find uptime from /proc/uptime, using os.uptime() value
2026-06-01T16:39:57: PM2 warn: [pidusage] We couldn't find uptime from /proc/uptime, using os.uptime() value
2026-06-01T16:40:27: PM2 warn: [pidusage] We couldn't find uptime from /proc/uptime, using os.uptime() value
2026-06-01T16:40:57: PM2 warn: [pidusage] We couldn't find uptime from /proc/uptime, using os.uptime() value
2026-06-01T16:41:27: PM2 warn: [pidusage] We couldn't find uptime from /proc/uptime, using os.uptime() value
2026-06-01T16:41:57: PM2 warn: [pidusage] We couldn't find uptime from /proc/uptime, using os.uptime() value
2026-06-01T16:42:27: PM2 warn: [pidusage] We couldn't find uptime from /proc/uptime, using os.uptime() value
2026-06-01T16:42:57: PM2 warn: [pidusage] We couldn't find uptime from /proc/uptime, using os.uptime() value
2026-06-01T16:43:27: PM2 warn: [pidusage] We couldn't find uptime from /proc/uptime, using os.uptime() value
2026-06-01T16:43:57: PM2 warn: [pidusage] We couldn't find uptime from /proc/uptime, using os.uptime() value
2026-06-01T16:44:27: PM2 warn: [pidusage] We couldn't find uptime from /proc/uptime, using os.uptime() value
2026-06-01T16:44:57: PM2 warn: [pidusage] We couldn't find uptime from /proc/uptime, using os.uptime() value
2026-06-01T16:45:27: PM2 warn: [pidusage] We couldn't find uptime from /proc/uptime, using os.uptime() value
2026-06-01T16:45:57: PM2 warn: [pidusage] We couldn't find uptime from /proc/uptime, using os.uptime() value
2026-06-01T16:46:27: PM2 warn: [pidusage] We couldn't find uptime from /proc/uptime, using os.uptime() value
2026-06-01T16:46:57: PM2 warn: [pidusage] We couldn't find uptime from /proc/uptime, using os.uptime() value
2026-06-01T16:47:27: PM2 warn: [pidusage] We couldn't find uptime from /proc/uptime, using os.uptime() value
2026-06-01T16:47:57: PM2 warn: [pidusage] We couldn't find uptime from /proc/uptime, using os.uptime() value
2026-06-01T16:48:27: PM2 warn: [pidusage] We couldn't find uptime from /proc/uptime, using os.uptime() value
2026-06-01T16:48:57: PM2 warn: [pidusage] We couldn't find uptime from /proc/uptime, using os.uptime() value
2026-06-01T16:49:27: PM2 warn: [pidusage] We couldn't find uptime from /proc/uptime, using os.uptime() value
2026-06-01T16:49:57: PM2 warn: [pidusage] We couldn't find uptime from /proc/uptime, using os.uptime() value
2026-06-01T16:50:27: PM2 warn: [pidusage] We couldn't find uptime from /proc/uptime, using os.uptime() value
2026-06-01T16:50:57: PM2 warn: [pidusage] We couldn't find uptime from /proc/uptime, using os.uptime() value
2026-06-01T16:51:27: PM2 warn: [pidusage] We couldn't find uptime from /proc/uptime, using os.uptime() value
2026-06-01T16:51:57: PM2 warn: [pidusage] We couldn't find uptime from /proc/uptime, using os.uptime() value
2026-06-01T16:52:27: PM2 warn: [pidusage] We couldn't find uptime from /proc/uptime, using os.uptime() value
2026-06-01T16:52:57: PM2 warn: [pidusage] We couldn't find uptime from /proc/uptime, using os.uptime() value
2026-06-01T16:53:27: PM2 warn: [pidusage] We couldn't find uptime from /proc/uptime, using os.uptime() value
2026-06-01T16:53:57: PM2 warn: [pidusage] We couldn't find uptime from /proc/uptime, using os.uptime() value
2026-06-01T16:54:27: PM2 warn: [pidusage] We couldn't find uptime from /proc/uptime, using os.uptime() value
2026-06-01T16:54:57: PM2 warn: [pidusage] We couldn't find uptime from /proc/uptime, using os.uptime() value
2026-06-01T16:55:27: PM2 warn: [pidusage] We couldn't find uptime from /proc/uptime, using os.uptime() value
2026-06-01T16:55:57: PM2 warn: [pidusage] We couldn't find uptime from /proc/uptime, using os.uptime() value
2026-06-01T16:56:27: PM2 warn: [pidusage] We couldn't find uptime from /proc/uptime, using os.uptime() value
2026-06-01T16:56:57: PM2 warn: [pidusage] We couldn't find uptime from /proc/uptime, using os.uptime() value
2026-06-01T16:57:27: PM2 warn: [pidusage] We couldn't find uptime from /proc/uptime, using os.uptime() value
2026-06-01T16:57:57: PM2 warn: [pidusage] We couldn't find uptime from /proc/uptime, using os.uptime() value
2026-06-01T16:58:27: PM2 warn: [pidusage] We couldn't find uptime from /proc/uptime, using os.uptime() value
2026-06-01T16:58:57: PM2 warn: [pidusage] We couldn't find uptime from /proc/uptime, using os.uptime() value
2026-06-01T16:59:27: PM2 warn: [pidusage] We couldn't find uptime from /proc/uptime, using os.uptime() value
2026-06-01T16:59:57: PM2 warn: [pidusage] We couldn't find uptime from /proc/uptime, using os.uptime() value
2026-06-01T17:00:27: PM2 warn: [pidusage] We couldn't find uptime from /proc/uptime, using os.uptime() value
2026-06-01T17:00:57: PM2 warn: [pidusage] We couldn't find uptime from /proc/uptime, using os.uptime() value
2026-06-01T17:01:27: PM2 warn: [pidusage] We couldn't find uptime from /proc/uptime, using os.uptime() value
2026-06-01T17:01:57: PM2 warn: [pidusage] We couldn't find uptime from /proc/uptime, using os.uptime() value
2026-06-01T17:02:27: PM2 warn: [pidusage] We couldn't find uptime from /proc/uptime, using os.uptime() value
2026-06-01T17:02:57: PM2 warn: [pidusage] We couldn't find uptime from /proc/uptime, using os.uptime() value
2026-06-01T17:03:27: PM2 warn: [pidusage] We couldn't find uptime from /proc/uptime, using os.uptime() value
2026-06-01T17:03:57: PM2 warn: [pidusage] We couldn't find uptime from /proc/uptime, using os.uptime() value
2026-06-01T17:04:27: PM2 warn: [pidusage] We couldn't find uptime from /proc/uptime, using os.uptime() value
2026-06-01T17:04:57: PM2 warn: [pidusage] We couldn't find uptime from /proc/uptime, using os.uptime() value
2026-06-01T17:05:27: PM2 warn: [pidusage] We couldn't find uptime from /proc/uptime, using os.uptime() value
2026-06-01T17:05:57: PM2 warn: [pidusage] We couldn't find uptime from /proc/uptime, using os.uptime() value
2026-06-01T17:06:27: PM2 warn: [pidusage] We couldn't find uptime from /proc/uptime, using os.uptime() value
2026-06-01T17:06:57: PM2 warn: [pidusage] We couldn't find uptime from /proc/uptime, using os.uptime() value
2026-06-01T17:07:27: PM2 warn: [pidusage] We couldn't find uptime from /proc/uptime, using os.uptime() value
2026-06-01T17:07:57: PM2 warn: [pidusage] We couldn't find uptime from /proc/uptime, using os.uptime() value
2026-06-01T17:08:27: PM2 warn: [pidusage] We couldn't find uptime from /proc/uptime, using os.uptime() value
2026-06-01T17:08:57: PM2 warn: [pidusage] We couldn't find uptime from /proc/uptime, using os.uptime() value
2026-06-01T17:09:27: PM2 warn: [pidusage] We couldn't find uptime from /proc/uptime, using os.uptime() value
2026-06-01T17:09:57: PM2 warn: [pidusage] We couldn't find uptime from /proc/uptime, using os.uptime() value
2026-06-01T17:10:27: PM2 warn: [pidusage] We couldn't find uptime from /proc/uptime, using os.uptime() value
2026-06-01T17:10:57: PM2 warn: [pidusage] We couldn't find uptime from /proc/uptime, using os.uptime() value
2026-06-01T17:11:27: PM2 warn: [pidusage] We couldn't find uptime from /proc/uptime, using os.uptime() value
2026-06-01T17:11:57: PM2 warn: [pidusage] We couldn't find uptime from /proc/uptime, using os.uptime() value
2026-06-01T17:12:27: PM2 warn: [pidusage] We couldn't find uptime from /proc/uptime, using os.uptime() value
2026-06-01T17:12:57: PM2 warn: [pidusage] We couldn't find uptime from /proc/uptime, using os.uptime() value
2026-06-01T17:13:27: PM2 warn: [pidusage] We couldn't find uptime from /proc/uptime, using os.uptime() value
2026-06-01T17:13:57: PM2 warn: [pidusage] We couldn't find uptime from /proc/uptime, using os.uptime() value
2026-06-01T17:14:27: PM2 warn: [pidusage] We couldn't find uptime from /proc/uptime, using os.uptime() value
2026-06-01T17:14:57: PM2 warn: [pidusage] We couldn't find uptime from /proc/uptime, using os.uptime() value
2026-06-01T17:15:27: PM2 warn: [pidusage] We couldn't find uptime from /proc/uptime, using os.uptime() value
2026-06-01T17:15:57: PM2 warn: [pidusage] We couldn't find uptime from /proc/uptime, using os.uptime() value
2026-06-01T17:16:27: PM2 warn: [pidusage] We couldn't find uptime from /proc/uptime, using os.uptime() value
2026-06-01T17:16:57: PM2 warn: [pidusage] We couldn't find uptime from /proc/uptime, using os.uptime() value
2026-06-01T17:17:27: PM2 warn: [pidusage] We couldn't find uptime from /proc/uptime, using os.uptime() value
2026-06-01T17:17:57: PM2 warn: [pidusage] We couldn't find uptime from /proc/uptime, using os.uptime() value
2026-06-01T17:18:27: PM2 warn: [pidusage] We couldn't find uptime from /proc/uptime, using os.uptime() value
2026-06-01T17:18:57: PM2 warn: [pidusage] We couldn't find uptime from /proc/uptime, using os.uptime() value
2026-06-01T17:19:27: PM2 warn: [pidusage] We couldn't find uptime from /proc/uptime, using os.uptime() value
2026-06-01T17:19:57: PM2 warn: [pidusage] We couldn't find uptime from /proc/uptime, using os.uptime() value
2026-06-01T17:20:27: PM2 warn: [pidusage] We couldn't find uptime from /proc/uptime, using os.uptime() value
2026-06-01T17:20:57: PM2 warn: [pidusage] We couldn't find uptime from /proc/uptime, using os.uptime() value
2026-06-01T17:21:27: PM2 warn: [pidusage] We couldn't find uptime from /proc/uptime, using os.uptime() value
2026-06-01T17:21:57: PM2 warn: [pidusage] We couldn't find uptime from /proc/uptime, using os.uptime() value
2026-06-01T17:22:27: PM2 warn: [pidusage] We couldn't find uptime from /proc/uptime, using os.uptime() value
2026-06-01T17:22:57: PM2 warn: [pidusage] We couldn't find uptime from /proc/uptime, using os.uptime() value
2026-06-01T17:23:27: PM2 warn: [pidusage] We couldn't find uptime from /proc/uptime, using os.uptime() value
2026-06-01T17:23:57: PM2 warn: [pidusage] We couldn't find uptime from /proc/uptime, using os.uptime() value
2026-06-01T17:24:27: PM2 warn: [pidusage] We couldn't find uptime from /proc/uptime, using os.uptime() value
2026-06-01T17:24:57: PM2 warn: [pidusage] We couldn't find uptime from /proc/uptime, using os.uptime() value
2026-06-01T17:25:27: PM2 warn: [pidusage] We couldn't find uptime from /proc/uptime, using os.uptime() value
2026-06-01T17:25:57: PM2 warn: [pidusage] We couldn't find uptime from /proc/uptime, using os.uptime() value
2026-06-01T17:26:27: PM2 warn: [pidusage] We couldn't find uptime from /proc/uptime, using os.uptime() value
2026-06-01T17:26:57: PM2 warn: [pidusage] We couldn't find uptime from /proc/uptime, using os.uptime() value
2026-06-01T17:27:27: PM2 warn: [pidusage] We couldn't find uptime from /proc/uptime, using os.uptime() value
2026-06-01T17:27:57: PM2 warn: [pidusage] We couldn't find uptime from /proc/uptime, using os.uptime() value
2026-06-01T17:28:27: PM2 warn: [pidusage] We couldn't find uptime from /proc/uptime, using os.uptime() value
2026-06-01T17:28:57: PM2 warn: [pidusage] We couldn't find uptime from /proc/uptime, using os.uptime() value
2026-06-01T17:29:27: PM2 warn: [pidusage] We couldn't find uptime from /proc/uptime, using os.uptime() value
2026-06-01T17:29:57: PM2 warn: [pidusage] We couldn't find uptime from /proc/uptime, using os.uptime() value
2026-06-01T17:30:27: PM2 warn: [pidusage] We couldn't find uptime from /proc/uptime, using os.uptime() value
2026-06-01T17:30:57: PM2 warn: [pidusage] We couldn't find uptime from /proc/uptime, using os.uptime() value
2026-06-01T17:31:27: PM2 warn: [pidusage] We couldn't find uptime from /proc/uptime, using os.uptime() value
2026-06-01T17:31:57: PM2 warn: [pidusage] We couldn't find uptime from /proc/uptime, using os.uptime() value
2026-06-01T17:32:27: PM2 warn: [pidusage] We couldn't find uptime from /proc/uptime, using os.uptime() value
2026-06-01T17:32:57: PM2 warn: [pidusage] We couldn't find uptime from /proc/uptime, using os.uptime() value
2026-06-01T17:33:27: PM2 warn: [pidusage] We couldn't find uptime from /proc/uptime, using os.uptime() value
2026-06-01T17:33:57: PM2 warn: [pidusage] We couldn't find uptime from /proc/uptime, using os.uptime() value
2026-06-01T17:34:27: PM2 warn: [pidusage] We couldn't find uptime from /proc/uptime, using os.uptime() value
2026-06-01T17:34:57: PM2 warn: [pidusage] We couldn't find uptime from /proc/uptime, using os.uptime() value
2026-06-01T17:35:27: PM2 warn: [pidusage] We couldn't find uptime from /proc/uptime, using os.uptime() value
2026-06-01T17:35:57: PM2 warn: [pidusage] We couldn't find uptime from /proc/uptime, using os.uptime() value
2026-06-01T17:36:27: PM2 warn: [pidusage] We couldn't find uptime from /proc/uptime, using os.uptime() value
2026-06-01T17:36:57: PM2 warn: [pidusage] We couldn't find uptime from /proc/uptime, using os.uptime() value
2026-06-01T17:37:27: PM2 warn: [pidusage] We couldn't find uptime from /proc/uptime, using os.uptime() value
2026-06-01T17:37:57: PM2 warn: [pidusage] We couldn't find uptime from /proc/uptime, using os.uptime() value
2026-06-01T17:38:27: PM2 warn: [pidusage] We couldn't find uptime from /proc/uptime, using os.uptime() value
2026-06-01T17:38:57: PM2 warn: [pidusage] We couldn't find uptime from /proc/uptime, using os.uptime() value
2026-06-01T17:39:27: PM2 warn: [pidusage] We couldn't find uptime from /proc/uptime, using os.uptime() value
2026-06-01T17:39:57: PM2 warn: [pidusage] We couldn't find uptime from /proc/uptime, using os.uptime() value
2026-06-01T17:40:27: PM2 warn: [pidusage] We couldn't find uptime from /proc/uptime, using os.uptime() value
2026-06-01T17:40:57: PM2 warn: [pidusage] We couldn't find uptime from /proc/uptime, using os.uptime() value
2026-06-01T17:41:27: PM2 warn: [pidusage] We couldn't find uptime from /proc/uptime, using os.uptime() value
2026-06-01T17:41:57: PM2 warn: [pidusage] We couldn't find uptime from /proc/uptime, using os.uptime() value
2026-06-01T17:42:27: PM2 warn: [pidusage] We couldn't find uptime from /proc/uptime, using os.uptime() value
2026-06-01T17:42:57: PM2 warn: [pidusage] We couldn't find uptime from /proc/uptime, using os.uptime() value
2026-06-01T17:43:27: PM2 warn: [pidusage] We couldn't find uptime from /proc/uptime, using os.uptime() value
2026-06-01T17:43:57: PM2 warn: [pidusage] We couldn't find uptime from /proc/uptime, using os.uptime() value
2026-06-01T17:44:27: PM2 warn: [pidusage] We couldn't find uptime from /proc/uptime, using os.uptime() value
2026-06-01T17:44:57: PM2 warn: [pidusage] We couldn't find uptime from /proc/uptime, using os.uptime() value
2026-06-01T17:45:27: PM2 warn: [pidusage] We couldn't find uptime from /proc/uptime, using os.uptime() value
2026-06-01T17:45:57: PM2 warn: [pidusage] We couldn't find uptime from /proc/uptime, using os.uptime() value
2026-06-01T17:46:27: PM2 warn: [pidusage] We couldn't find uptime from /proc/uptime, using os.uptime() value
2026-06-01T17:46:57: PM2 warn: [pidusage] We couldn't find uptime from /proc/uptime, using os.uptime() value
2026-06-01T17:47:27: PM2 warn: [pidusage] We couldn't find uptime from /proc/uptime, using os.uptime() value
2026-06-01T17:47:57: PM2 warn: [pidusage] We couldn't find uptime from /proc/uptime, using os.uptime() value
2026-06-01T17:48:27: PM2 warn: [pidusage] We couldn't find uptime from /proc/uptime, using os.uptime() value
2026-06-01T17:48:57: PM2 warn: [pidusage] We couldn't find uptime from /proc/uptime, using os.uptime() value
2026-06-01T17:49:27: PM2 warn: [pidusage] We couldn't find uptime from /proc/uptime, using os.uptime() value
2026-06-01T17:49:57: PM2 warn: [pidusage] We couldn't find uptime from /proc/uptime, using os.uptime() value
2026-06-01T17:50:27: PM2 warn: [pidusage] We couldn't find uptime from /proc/uptime, using os.uptime() value
2026-06-01T17:50:57: PM2 warn: [pidusage] We couldn't find uptime from /proc/uptime, using os.uptime() value
2026-06-01T17:51:27: PM2 warn: [pidusage] We couldn't find uptime from /proc/uptime, using os.uptime() value
2026-06-01T17:51:57: PM2 warn: [pidusage] We couldn't find uptime from /proc/uptime, using os.uptime() value
2026-06-01T17:52:27: PM2 warn: [pidusage] We couldn't find uptime from /proc/uptime, using os.uptime() value
2026-06-01T17:52:57: PM2 warn: [pidusage] We couldn't find uptime from /proc/uptime, using os.uptime() value
2026-06-01T17:53:27: PM2 warn: [pidusage] We couldn't find uptime from /proc/uptime, using os.uptime() value
2026-06-01T17:53:57: PM2 warn: [pidusage] We couldn't find uptime from /proc/uptime, using os.uptime() value
2026-06-01T17:54:27: PM2 warn: [pidusage] We couldn't find uptime from /proc/uptime, using os.uptime() value
2026-06-01T17:54:57: PM2 warn: [pidusage] We couldn't find uptime from /proc/uptime, using os.uptime() value
2026-06-01T17:55:27: PM2 warn: [pidusage] We couldn't find uptime from /proc/uptime, using os.uptime() value
2026-06-01T17:55:57: PM2 warn: [pidusage] We couldn't find uptime from /proc/uptime, using os.uptime() value
2026-06-01T17:56:27: PM2 warn: [pidusage] We couldn't find uptime from /proc/uptime, using os.uptime() value
2026-06-01T17:56:57: PM2 warn: [pidusage] We couldn't find uptime from /proc/uptime, using os.uptime() value
2026-06-01T17:57:27: PM2 warn: [pidusage] We couldn't find uptime from /proc/uptime, using os.uptime() value
2026-06-01T17:57:57: PM2 warn: [pidusage] We couldn't find uptime from /proc/uptime, using os.uptime() value
2026-06-01T17:58:27: PM2 warn: [pidusage] We couldn't find uptime from /proc/uptime, using os.uptime() value
2026-06-01T17:58:57: PM2 warn: [pidusage] We couldn't find uptime from /proc/uptime, using os.uptime() value
2026-06-01T17:59:27: PM2 warn: [pidusage] We couldn't find uptime from /proc/uptime, using os.uptime() value
2026-06-01T17:59:57: PM2 warn: [pidusage] We couldn't find uptime from /proc/uptime, using os.uptime() value
2026-06-01T18:00:27: PM2 warn: [pidusage] We couldn't find uptime from /proc/uptime, using os.uptime() value
2026-06-01T18:00:57: PM2 warn: [pidusage] We couldn't find uptime from /proc/uptime, using os.uptime() value
2026-06-01T18:01:27: PM2 warn: [pidusage] We couldn't find uptime from /proc/uptime, using os.uptime() value
2026-06-01T18:01:57: PM2 warn: [pidusage] We couldn't find uptime from /proc/uptime, using os.uptime() value
2026-06-01T18:02:27: PM2 warn: [pidusage] We couldn't find uptime from /proc/uptime, using os.uptime() value
2026-06-01T18:02:57: PM2 warn: [pidusage] We couldn't find uptime from /proc/uptime, using os.uptime() value
2026-06-01T18:03:27: PM2 warn: [pidusage] We couldn't find uptime from /proc/uptime, using os.uptime() value
2026-06-01T18:03:57: PM2 warn: [pidusage] We couldn't find uptime from /proc/uptime, using os.uptime() value
2026-06-01T18:04:27: PM2 warn: [pidusage] We couldn't find uptime from /proc/uptime, using os.uptime() value
2026-06-01T18:04:57: PM2 warn: [pidusage] We couldn't find uptime from /proc/uptime, using os.uptime() value
2026-06-01T18:05:27: PM2 warn: [pidusage] We couldn't find uptime from /proc/uptime, using os.uptime() value
2026-06-01T18:05:57: PM2 warn: [pidusage] We couldn't find uptime from /proc/uptime, using os.uptime() value
2026-06-01T18:06:27: PM2 warn: [pidusage] We couldn't find uptime from /proc/uptime, using os.uptime() value
2026-06-01T18:06:57: PM2 warn: [pidusage] We couldn't find uptime from /proc/uptime, using os.uptime() value
2026-06-01T18:07:27: PM2 warn: [pidusage] We couldn't find uptime from /proc/uptime, using os.uptime() value
2026-06-01T18:07:57: PM2 warn: [pidusage] We couldn't find uptime from /proc/uptime, using os.uptime() value
2026-06-01T18:08:27: PM2 warn: [pidusage] We couldn't find uptime from /proc/uptime, using os.uptime() value
2026-06-01T18:08:57: PM2 warn: [pidusage] We couldn't find uptime from /proc/uptime, using os.uptime() value
2026-06-01T18:09:27: PM2 warn: [pidusage] We couldn't find uptime from /proc/uptime, using os.uptime() value
2026-06-01T18:09:57: PM2 warn: [pidusage] We couldn't find uptime from /proc/uptime, using os.uptime() value
2026-06-01T18:10:27: PM2 warn: [pidusage] We couldn't find uptime from /proc/uptime, using os.uptime() value
2026-06-01T18:10:57: PM2 warn: [pidusage] We couldn't find uptime from /proc/uptime, using os.uptime() value
2026-06-01T18:11:27: PM2 warn: [pidusage] We couldn't find uptime from /proc/uptime, using os.uptime() value
2026-06-01T18:11:57: PM2 warn: [pidusage] We couldn't find uptime from /proc/uptime, using os.uptime() value
2026-06-01T18:12:27: PM2 warn: [pidusage] We couldn't find uptime from /proc/uptime, using os.uptime() value
2026-06-01T18:12:57: PM2 warn: [pidusage] We couldn't find uptime from /proc/uptime, using os.uptime() value
2026-06-01T18:13:27: PM2 warn: [pidusage] We couldn't find uptime from /proc/uptime, using os.uptime() value
2026-06-01T18:13:57: PM2 warn: [pidusage] We couldn't find uptime from /proc/uptime, using os.uptime() value
2026-06-01T18:14:27: PM2 warn: [pidusage] We couldn't find uptime from /proc/uptime, using os.uptime() value
2026-06-01T18:14:57: PM2 warn: [pidusage] We couldn't find uptime from /proc/uptime, using os.uptime() value
2026-06-01T18:15:27: PM2 warn: [pidusage] We couldn't find uptime from /proc/uptime, using os.uptime() value
2026-06-01T18:15:57: PM2 warn: [pidusage] We couldn't find uptime from /proc/uptime, using os.uptime() value
2026-06-01T18:16:27: PM2 warn: [pidusage] We couldn't find uptime from /proc/uptime, using os.uptime() value
2026-06-01T18:16:57: PM2 warn: [pidusage] We couldn't find uptime from /proc/uptime, using os.uptime() value
2026-06-01T18:17:27: PM2 warn: [pidusage] We couldn't find uptime from /proc/uptime, using os.uptime() value
2026-06-01T18:17:57: PM2 warn: [pidusage] We couldn't find uptime from /proc/uptime, using os.uptime() value
2026-06-01T18:18:27: PM2 warn: [pidusage] We couldn't find uptime from /proc/uptime, using os.uptime() value
2026-06-01T18:18:57: PM2 warn: [pidusage] We couldn't find uptime from /proc/uptime, using os.uptime() value
2026-06-01T18:19:27: PM2 warn: [pidusage] We couldn't find uptime from /proc/uptime, using os.uptime() value
2026-06-01T18:19:57: PM2 warn: [pidusage] We couldn't find uptime from /proc/uptime, using os.uptime() value
2026-06-01T18:20:27: PM2 warn: [pidusage] We couldn't find uptime from /proc/uptime, using os.uptime() value
2026-06-01T18:20:57: PM2 warn: [pidusage] We couldn't find uptime from /proc/uptime, using os.uptime() value
2026-06-01T18:21:27: PM2 warn: [pidusage] We couldn't find uptime from /proc/uptime, using os.uptime() value
2026-06-01T18:21:57: PM2 warn: [pidusage] We couldn't find uptime from /proc/uptime, using os.uptime() value
2026-06-01T18:22:27: PM2 warn: [pidusage] We couldn't find uptime from /proc/uptime, using os.uptime() value
2026-06-01T18:22:57: PM2 warn: [pidusage] We couldn't find uptime from /proc/uptime, using os.uptime() value
2026-06-01T18:23:27: PM2 warn: [pidusage] We couldn't find uptime from /proc/uptime, using os.uptime() value
2026-06-01T18:23:57: PM2 warn: [pidusage] We couldn't find uptime from /proc/uptime, using os.uptime() value
2026-06-01T18:24:27: PM2 warn: [pidusage] We couldn't find uptime from /proc/uptime, using os.uptime() value
2026-06-01T18:24:57: PM2 warn: [pidusage] We couldn't find uptime from /proc/uptime, using os.uptime() value
2026-06-01T18:25:27: PM2 warn: [pidusage] We couldn't find uptime from /proc/uptime, using os.uptime() value
2026-06-01T18:25:57: PM2 warn: [pidusage] We couldn't find uptime from /proc/uptime, using os.uptime() value
2026-06-01T18:26:27: PM2 warn: [pidusage] We couldn't find uptime from /proc/uptime, using os.uptime() value
2026-06-01T18:26:57: PM2 warn: [pidusage] We couldn't find uptime from /proc/uptime, using os.uptime() value
2026-06-01T18:27:27: PM2 warn: [pidusage] We couldn't find uptime from /proc/uptime, using os.uptime() value
2026-06-01T18:27:57: PM2 warn: [pidusage] We couldn't find uptime from /proc/uptime, using os.uptime() value
2026-06-01T18:28:27: PM2 warn: [pidusage] We couldn't find uptime from /proc/uptime, using os.uptime() value
2026-06-01T18:28:57: PM2 warn: [pidusage] We couldn't find uptime from /proc/uptime, using os.uptime() value
2026-06-01T18:29:27: PM2 warn: [pidusage] We couldn't find uptime from /proc/uptime, using os.uptime() value
2026-06-01T18:29:57: PM2 warn: [pidusage] We couldn't find uptime from /proc/uptime, using os.uptime() value
2026-06-01T18:30:27: PM2 warn: [pidusage] We couldn't find uptime from /proc/uptime, using os.uptime() value
2026-06-01T18:30:57: PM2 warn: [pidusage] We couldn't find uptime from /proc/uptime, using os.uptime() value
2026-06-01T18:31:27: PM2 warn: [pidusage] We couldn't find uptime from /proc/uptime, using os.uptime() value
2026-06-01T18:31:57: PM2 warn: [pidusage] We couldn't find uptime from /proc/uptime, using os.uptime() value
2026-06-01T18:32:27: PM2 warn: [pidusage] We couldn't find uptime from /proc/uptime, using os.uptime() value
2026-06-01T18:32:57: PM2 warn: [pidusage] We couldn't find uptime from /proc/uptime, using os.uptime() value
2026-06-01T18:33:27: PM2 warn: [pidusage] We couldn't find uptime from /proc/uptime, using os.uptime() value
2026-06-01T18:33:57: PM2 warn: [pidusage] We couldn't find uptime from /proc/uptime, using os.uptime() value
2026-06-01T18:34:27: PM2 warn: [pidusage] We couldn't find uptime from /proc/uptime, using os.uptime() value
2026-06-01T18:34:57: PM2 warn: [pidusage] We couldn't find uptime from /proc/uptime, using os.uptime() value
2026-06-01T18:35:27: PM2 warn: [pidusage] We couldn't find uptime from /proc/uptime, using os.uptime() value
2026-06-01T18:35:57: PM2 warn: [pidusage] We couldn't find uptime from /proc/uptime, using os.uptime() value
2026-06-01T18:36:27: PM2 warn: [pidusage] We couldn't find uptime from /proc/uptime, using os.uptime() value
2026-06-01T18:36:57: PM2 warn: [pidusage] We couldn't find uptime from /proc/uptime, using os.uptime() value
2026-06-01T18:37:27: PM2 warn: [pidusage] We couldn't find uptime from /proc/uptime, using os.uptime() value
2026-06-01T18:37:57: PM2 warn: [pidusage] We couldn't find uptime from /proc/uptime, using os.uptime() value
2026-06-01T18:38:27: PM2 warn: [pidusage] We couldn't find uptime from /proc/uptime, using os.uptime() value
2026-06-01T18:38:57: PM2 warn: [pidusage] We couldn't find uptime from /proc/uptime, using os.uptime() value
2026-06-01T18:39:27: PM2 warn: [pidusage] We couldn't find uptime from /proc/uptime, using os.uptime() value
2026-06-01T18:39:57: PM2 warn: [pidusage] We couldn't find uptime from /proc/uptime, using os.uptime() value
2026-06-01T18:40:27: PM2 warn: [pidusage] We couldn't find uptime from /proc/uptime, using os.uptime() value
2026-06-01T18:40:57: PM2 warn: [pidusage] We couldn't find uptime from /proc/uptime, using os.uptime() value
2026-06-01T18:41:27: PM2 warn: [pidusage] We couldn't find uptime from /proc/uptime, using os.uptime() value
2026-06-01T18:41:57: PM2 warn: [pidusage] We couldn't find uptime from /proc/uptime, using os.uptime() value
2026-06-01T18:42:27: PM2 warn: [pidusage] We couldn't find uptime from /proc/uptime, using os.uptime() value
2026-06-01T18:42:57: PM2 warn: [pidusage] We couldn't find uptime from /proc/uptime, using os.uptime() value
2026-06-01T18:43:27: PM2 warn: [pidusage] We couldn't find uptime from /proc/uptime, using os.uptime() value
2026-06-01T18:43:57: PM2 warn: [pidusage] We couldn't find uptime from /proc/uptime, using os.uptime() value
2026-06-01T18:44:27: PM2 warn: [pidusage] We couldn't find uptime from /proc/uptime, using os.uptime() value
2026-06-01T18:44:57: PM2 warn: [pidusage] We couldn't find uptime from /proc/uptime, using os.uptime() value
2026-06-01T18:45:27: PM2 warn: [pidusage] We couldn't find uptime from /proc/uptime, using os.uptime() value
2026-06-01T18:45:57: PM2 warn: [pidusage] We couldn't find uptime from /proc/uptime, using os.uptime() value
2026-06-01T18:46:27: PM2 warn: [pidusage] We couldn't find uptime from /proc/uptime, using os.uptime() value
2026-06-01T18:46:57: PM2 warn: [pidusage] We couldn't find uptime from /proc/uptime, using os.uptime() value
2026-06-01T18:47:27: PM2 warn: [pidusage] We couldn't find uptime from /proc/uptime, using os.uptime() value
2026-06-01T18:47:57: PM2 warn: [pidusage] We couldn't find uptime from /proc/uptime, using os.uptime() value
2026-06-01T18:48:27: PM2 warn: [pidusage] We couldn't find uptime from /proc/uptime, using os.uptime() value
2026-06-01T18:48:57: PM2 warn: [pidusage] We couldn't find uptime from /proc/uptime, using os.uptime() value
2026-06-01T18:49:27: PM2 warn: [pidusage] We couldn't find uptime from /proc/uptime, using os.uptime() value
2026-06-01T18:49:57: PM2 warn: [pidusage] We couldn't find uptime from /proc/uptime, using os.uptime() value
2026-06-01T18:50:27: PM2 warn: [pidusage] We couldn't find uptime from /proc/uptime, using os.uptime() value
2026-06-01T18:50:57: PM2 warn: [pidusage] We couldn't find uptime from /proc/uptime, using os.uptime() value
2026-06-01T18:51:27: PM2 warn: [pidusage] We couldn't find uptime from /proc/uptime, using os.uptime() value
2026-06-01T18:51:57: PM2 warn: [pidusage] We couldn't find uptime from /proc/uptime, using os.uptime() value
2026-06-01T18:52:27: PM2 warn: [pidusage] We couldn't find uptime from /proc/uptime, using os.uptime() value
2026-06-01T18:52:57: PM2 warn: [pidusage] We couldn't find uptime from /proc/uptime, using os.uptime() value
2026-06-01T18:53:27: PM2 warn: [pidusage] We couldn't find uptime from /proc/uptime, using os.uptime() value
2026-06-01T18:53:57: PM2 warn: [pidusage] We couldn't find uptime from /proc/uptime, using os.uptime() value
2026-06-01T18:54:27: PM2 warn: [pidusage] We couldn't find uptime from /proc/uptime, using os.uptime() value
2026-06-01T18:54:57: PM2 warn: [pidusage] We couldn't find uptime from /proc/uptime, using os.uptime() value
2026-06-01T18:55:27: PM2 warn: [pidusage] We couldn't find uptime from /proc/uptime, using os.uptime() value
2026-06-01T18:55:57: PM2 warn: [pidusage] We couldn't find uptime from /proc/uptime, using os.uptime() value
2026-06-01T18:56:27: PM2 warn: [pidusage] We couldn't find uptime from /proc/uptime, using os.uptime() value
2026-06-01T18:56:57: PM2 warn: [pidusage] We couldn't find uptime from /proc/uptime, using os.uptime() value
2026-06-01T18:57:27: PM2 warn: [pidusage] We couldn't find uptime from /proc/uptime, using os.uptime() value
2026-06-01T18:57:57: PM2 warn: [pidusage] We couldn't find uptime from /proc/uptime, using os.uptime() value
2026-06-01T18:58:27: PM2 warn: [pidusage] We couldn't find uptime from /proc/uptime, using os.uptime() value
2026-06-01T18:58:57: PM2 warn: [pidusage] We couldn't find uptime from /proc/uptime, using os.uptime() value
2026-06-01T18:59:27: PM2 warn: [pidusage] We couldn't find uptime from /proc/uptime, using os.uptime() value
2026-06-01T18:59:57: PM2 warn: [pidusage] We couldn't find uptime from /proc/uptime, using os.uptime() value
2026-06-01T19:00:27: PM2 warn: [pidusage] We couldn't find uptime from /proc/uptime, using os.uptime() value
2026-06-01T19:00:57: PM2 warn: [pidusage] We couldn't find uptime from /proc/uptime, using os.uptime() value
2026-06-01T19:01:27: PM2 warn: [pidusage] We couldn't find uptime from /proc/uptime, using os.uptime() value
2026-06-01T19:01:57: PM2 warn: [pidusage] We couldn't find uptime from /proc/uptime, using os.uptime() value
2026-06-01T19:02:27: PM2 warn: [pidusage] We couldn't find uptime from /proc/uptime, using os.uptime() value
2026-06-01T19:02:57: PM2 warn: [pidusage] We couldn't find uptime from /proc/uptime, using os.uptime() value
2026-06-01T19:03:27: PM2 warn: [pidusage] We couldn't find uptime from /proc/uptime, using os.uptime() value
2026-06-01T19:03:57: PM2 warn: [pidusage] We couldn't find uptime from /proc/uptime, using os.uptime() value
2026-06-01T19:04:28: PM2 warn: [pidusage] We couldn't find uptime from /proc/uptime, using os.uptime() value
2026-06-01T19:04:57: PM2 warn: [pidusage] We couldn't find uptime from /proc/uptime, using os.uptime() value
2026-06-01T19:05:27: PM2 warn: [pidusage] We couldn't find uptime from /proc/uptime, using os.uptime() value
2026-06-01T19:05:57: PM2 warn: [pidusage] We couldn't find uptime from /proc/uptime, using os.uptime() value
2026-06-01T19:06:27: PM2 warn: [pidusage] We couldn't find uptime from /proc/uptime, using os.uptime() value
2026-06-01T19:06:57: PM2 warn: [pidusage] We couldn't find uptime from /proc/uptime, using os.uptime() value
2026-06-01T19:07:28: PM2 warn: [pidusage] We couldn't find uptime from /proc/uptime, using os.uptime() value
2026-06-01T19:07:57: PM2 warn: [pidusage] We couldn't find uptime from /proc/uptime, using os.uptime() value
2026-06-01T19:08:28: PM2 warn: [pidusage] We couldn't find uptime from /proc/uptime, using os.uptime() value
2026-06-01T19:08:58: PM2 warn: [pidusage] We couldn't find uptime from /proc/uptime, using os.uptime() value
2026-06-01T19:09:28: PM2 warn: [pidusage] We couldn't find uptime from /proc/uptime, using os.uptime() value
2026-06-01T19:09:58: PM2 warn: [pidusage] We couldn't find uptime from /proc/uptime, using os.uptime() value
2026-06-01T19:10:28: PM2 warn: [pidusage] We couldn't find uptime from /proc/uptime, using os.uptime() value
2026-06-01T19:10:58: PM2 warn: [pidusage] We couldn't find uptime from /proc/uptime, using os.uptime() value
2026-06-01T19:11:28: PM2 warn: [pidusage] We couldn't find uptime from /proc/uptime, using os.uptime() value
2026-06-01T19:11:58: PM2 warn: [pidusage] We couldn't find uptime from /proc/uptime, using os.uptime() value
2026-06-01T19:12:28: PM2 warn: [pidusage] We couldn't find uptime from /proc/uptime, using os.uptime() value
2026-06-01T19:12:58: PM2 warn: [pidusage] We couldn't find uptime from /proc/uptime, using os.uptime() value
2026-06-01T19:13:28: PM2 warn: [pidusage] We couldn't find uptime from /proc/uptime, using os.uptime() value
2026-06-01T19:13:58: PM2 warn: [pidusage] We couldn't find uptime from /proc/uptime, using os.uptime() value
2026-06-01T19:14:28: PM2 warn: [pidusage] We couldn't find uptime from /proc/uptime, using os.uptime() value
2026-06-01T19:14:58: PM2 warn: [pidusage] We couldn't find uptime from /proc/uptime, using os.uptime() value
2026-06-01T19:15:28: PM2 warn: [pidusage] We couldn't find uptime from /proc/uptime, using os.uptime() value
2026-06-01T19:15:58: PM2 warn: [pidusage] We couldn't find uptime from /proc/uptime, using os.uptime() value
2026-06-01T19:16:28: PM2 warn: [pidusage] We couldn't find uptime from /proc/uptime, using os.uptime() value
2026-06-01T19:16:58: PM2 warn: [pidusage] We couldn't find uptime from /proc/uptime, using os.uptime() value
2026-06-01T19:17:28: PM2 warn: [pidusage] We couldn't find uptime from /proc/uptime, using os.uptime() value
2026-06-01T19:17:58: PM2 warn: [pidusage] We couldn't find uptime from /proc/uptime, using os.uptime() value
2026-06-01T19:18:28: PM2 warn: [pidusage] We couldn't find uptime from /proc/uptime, using os.uptime() value
2026-06-01T19:18:58: PM2 warn: [pidusage] We couldn't find uptime from /proc/uptime, using os.uptime() value
2026-06-01T19:19:28: PM2 warn: [pidusage] We couldn't find uptime from /proc/uptime, using os.uptime() value
2026-06-01T19:19:58: PM2 warn: [pidusage] We couldn't find uptime from /proc/uptime, using os.uptime() value
2026-06-01T19:20:28: PM2 warn: [pidusage] We couldn't find uptime from /proc/uptime, using os.uptime() value
2026-06-01T19:20:58: PM2 warn: [pidusage] We couldn't find uptime from /proc/uptime, using os.uptime() value
2026-06-01T19:21:28: PM2 warn: [pidusage] We couldn't find uptime from /proc/uptime, using os.uptime() value
2026-06-01T19:21:58: PM2 warn: [pidusage] We couldn't find uptime from /proc/uptime, using os.uptime() value
2026-06-01T19:22:28: PM2 warn: [pidusage] We couldn't find uptime from /proc/uptime, using os.uptime() value
2026-06-01T19:22:58: PM2 warn: [pidusage] We couldn't find uptime from /proc/uptime, using os.uptime() value
2026-06-01T19:23:28: PM2 warn: [pidusage] We couldn't find uptime from /proc/uptime, using os.uptime() value
2026-06-01T19:23:58: PM2 warn: [pidusage] We couldn't find uptime from /proc/uptime, using os.uptime() value
2026-06-01T19:24:28: PM2 warn: [pidusage] We couldn't find uptime from /proc/uptime, using os.uptime() value
2026-06-01T19:24:58: PM2 warn: [pidusage] We couldn't find uptime from /proc/uptime, using os.uptime() value
2026-06-01T19:25:28: PM2 warn: [pidusage] We couldn't find uptime from /proc/uptime, using os.uptime() value
2026-06-01T19:25:58: PM2 warn: [pidusage] We couldn't find uptime from /proc/uptime, using os.uptime() value
2026-06-01T19:26:28: PM2 warn: [pidusage] We couldn't find uptime from /proc/uptime, using os.uptime() value
2026-06-01T19:26:58: PM2 warn: [pidusage] We couldn't find uptime from /proc/uptime, using os.uptime() value
2026-06-01T19:27:28: PM2 warn: [pidusage] We couldn't find uptime from /proc/uptime, using os.uptime() value
2026-06-01T19:27:58: PM2 warn: [pidusage] We couldn't find uptime from /proc/uptime, using os.uptime() value
2026-06-01T19:28:28: PM2 warn: [pidusage] We couldn't find uptime from /proc/uptime, using os.uptime() value
2026-06-01T19:28:58: PM2 warn: [pidusage] We couldn't find uptime from /proc/uptime, using os.uptime() value
2026-06-01T19:29:28: PM2 warn: [pidusage] We couldn't find uptime from /proc/uptime, using os.uptime() value
2026-06-01T19:29:58: PM2 warn: [pidusage] We couldn't find uptime from /proc/uptime, using os.uptime() value
2026-06-01T19:30:28: PM2 warn: [pidusage] We couldn't find uptime from /proc/uptime, using os.uptime() value
2026-06-01T19:30:58: PM2 warn: [pidusage] We couldn't find uptime from /proc/uptime, using os.uptime() value
2026-06-01T19:31:28: PM2 warn: [pidusage] We couldn't find uptime from /proc/uptime, using os.uptime() value
2026-06-01T19:31:58: PM2 warn: [pidusage] We couldn't find uptime from /proc/uptime, using os.uptime() value
2026-06-01T19:32:28: PM2 warn: [pidusage] We couldn't find uptime from /proc/uptime, using os.uptime() value
2026-06-01T19:32:58: PM2 warn: [pidusage] We couldn't find uptime from /proc/uptime, using os.uptime() value
2026-06-01T19:33:28: PM2 warn: [pidusage] We couldn't find uptime from /proc/uptime, using os.uptime() value
2026-06-01T19:33:58: PM2 warn: [pidusage] We couldn't find uptime from /proc/uptime, using os.uptime() value
2026-06-01T19:34:28: PM2 warn: [pidusage] We couldn't find uptime from /proc/uptime, using os.uptime() value
2026-06-01T19:34:58: PM2 warn: [pidusage] We couldn't find uptime from /proc/uptime, using os.uptime() value
2026-06-01T19:35:28: PM2 warn: [pidusage] We couldn't find uptime from /proc/uptime, using os.uptime() value
2026-06-01T19:35:58: PM2 warn: [pidusage] We couldn't find uptime from /proc/uptime, using os.uptime() value
2026-06-01T19:36:28: PM2 warn: [pidusage] We couldn't find uptime from /proc/uptime, using os.uptime() value
2026-06-01T19:36:58: PM2 warn: [pidusage] We couldn't find uptime from /proc/uptime, using os.uptime() value
2026-06-01T19:37:28: PM2 warn: [pidusage] We couldn't find uptime from /proc/uptime, using os.uptime() value
2026-06-01T19:37:58: PM2 warn: [pidusage] We couldn't find uptime from /proc/uptime, using os.uptime() value
2026-06-01T19:38:28: PM2 warn: [pidusage] We couldn't find uptime from /proc/uptime, using os.uptime() value
2026-06-01T19:38:58: PM2 warn: [pidusage] We couldn't find uptime from /proc/uptime, using os.uptime() value
2026-06-01T19:39:28: PM2 warn: [pidusage] We couldn't find uptime from /proc/uptime, using os.uptime() value
2026-06-01T19:39:58: PM2 warn: [pidusage] We couldn't find uptime from /proc/uptime, using os.uptime() value
2026-06-01T19:40:28: PM2 warn: [pidusage] We couldn't find uptime from /proc/uptime, using os.uptime() value
2026-06-01T19:40:58: PM2 warn: [pidusage] We couldn't find uptime from /proc/uptime, using os.uptime() value
2026-06-01T19:41:28: PM2 warn: [pidusage] We couldn't find uptime from /proc/uptime, using os.uptime() value
2026-06-01T19:41:58: PM2 warn: [pidusage] We couldn't find uptime from /proc/uptime, using os.uptime() value
2026-06-01T19:42:28: PM2 warn: [pidusage] We couldn't find uptime from /proc/uptime, using os.uptime() value
2026-06-01T19:42:58: PM2 warn: [pidusage] We couldn't find uptime from /proc/uptime, using os.uptime() value
2026-06-01T19:43:28: PM2 warn: [pidusage] We couldn't find uptime from /proc/uptime, using os.uptime() value
2026-06-01T19:43:58: PM2 warn: [pidusage] We couldn't find uptime from /proc/uptime, using os.uptime() value
2026-06-01T19:44:28: PM2 warn: [pidusage] We couldn't find uptime from /proc/uptime, using os.uptime() value
2026-06-01T19:44:58: PM2 warn: [pidusage] We couldn't find uptime from /proc/uptime, using os.uptime() value
2026-06-01T19:45:28: PM2 warn: [pidusage] We couldn't find uptime from /proc/uptime, using os.uptime() value
2026-06-01T19:45:58: PM2 warn: [pidusage] We couldn't find uptime from /proc/uptime, using os.uptime() value
2026-06-01T19:46:28: PM2 warn: [pidusage] We couldn't find uptime from /proc/uptime, using os.uptime() value
2026-06-01T19:46:58: PM2 warn: [pidusage] We couldn't find uptime from /proc/uptime, using os.uptime() value
2026-06-01T19:47:28: PM2 warn: [pidusage] We couldn't find uptime from /proc/uptime, using os.uptime() value
2026-06-01T19:47:58: PM2 warn: [pidusage] We couldn't find uptime from /proc/uptime, using os.uptime() value
2026-06-01T19:48:28: PM2 warn: [pidusage] We couldn't find uptime from /proc/uptime, using os.uptime() value
2026-06-01T19:48:58: PM2 warn: [pidusage] We couldn't find uptime from /proc/uptime, using os.uptime() value
2026-06-01T19:49:28: PM2 warn: [pidusage] We couldn't find uptime from /proc/uptime, using os.uptime() value
2026-06-01T19:49:58: PM2 warn: [pidusage] We couldn't find uptime from /proc/uptime, using os.uptime() value
2026-06-01T19:50:28: PM2 warn: [pidusage] We couldn't find uptime from /proc/uptime, using os.uptime() value
2026-06-01T19:50:58: PM2 warn: [pidusage] We couldn't find uptime from /proc/uptime, using os.uptime() value
2026-06-01T19:51:28: PM2 warn: [pidusage] We couldn't find uptime from /proc/uptime, using os.uptime() value
2026-06-01T19:51:58: PM2 warn: [pidusage] We couldn't find uptime from /proc/uptime, using os.uptime() value
2026-06-01T19:52:28: PM2 warn: [pidusage] We couldn't find uptime from /proc/uptime, using os.uptime() value
2026-06-01T19:52:58: PM2 warn: [pidusage] We couldn't find uptime from /proc/uptime, using os.uptime() value
2026-06-01T19:53:28: PM2 warn: [pidusage] We couldn't find uptime from /proc/uptime, using os.uptime() value
2026-06-01T19:53:58: PM2 warn: [pidusage] We couldn't find uptime from /proc/uptime, using os.uptime() value
2026-06-01T19:54:28: PM2 warn: [pidusage] We couldn't find uptime from /proc/uptime, using os.uptime() value
2026-06-01T19:54:58: PM2 warn: [pidusage] We couldn't find uptime from /proc/uptime, using os.uptime() value
2026-06-01T19:55:28: PM2 warn: [pidusage] We couldn't find uptime from /proc/uptime, using os.uptime() value
2026-06-01T19:55:58: PM2 warn: [pidusage] We couldn't find uptime from /proc/uptime, using os.uptime() value
2026-06-01T19:56:28: PM2 warn: [pidusage] We couldn't find uptime from /proc/uptime, using os.uptime() value
2026-06-01T19:56:58: PM2 warn: [pidusage] We couldn't find uptime from /proc/uptime, using os.uptime() value
2026-06-01T19:57:28: PM2 warn: [pidusage] We couldn't find uptime from /proc/uptime, using os.uptime() value
2026-06-01T19:57:58: PM2 warn: [pidusage] We couldn't find uptime from /proc/uptime, using os.uptime() value
2026-06-01T19:58:28: PM2 warn: [pidusage] We couldn't find uptime from /proc/uptime, using os.uptime() value
2026-06-01T19:58:58: PM2 warn: [pidusage] We couldn't find uptime from /proc/uptime, using os.uptime() value
2026-06-01T19:59:28: PM2 warn: [pidusage] We couldn't find uptime from /proc/uptime, using os.uptime() value
2026-06-01T19:59:58: PM2 warn: [pidusage] We couldn't find uptime from /proc/uptime, using os.uptime() value
2026-06-01T20:00:28: PM2 warn: [pidusage] We couldn't find uptime from /proc/uptime, using os.uptime() value
2026-06-01T20:00:58: PM2 warn: [pidusage] We couldn't find uptime from /proc/uptime, using os.uptime() value
2026-06-01T20:01:28: PM2 warn: [pidusage] We couldn't find uptime from /proc/uptime, using os.uptime() value
2026-06-01T20:01:58: PM2 warn: [pidusage] We couldn't find uptime from /proc/uptime, using os.uptime() value
2026-06-01T20:02:28: PM2 warn: [pidusage] We couldn't find uptime from /proc/uptime, using os.uptime() value
2026-06-01T20:02:58: PM2 warn: [pidusage] We couldn't find uptime from /proc/uptime, using os.uptime() value
2026-06-01T20:03:28: PM2 warn: [pidusage] We couldn't find uptime from /proc/uptime, using os.uptime() value
2026-06-01T20:03:58: PM2 warn: [pidusage] We couldn't find uptime from /proc/uptime, using os.uptime() value
2026-06-01T20:04:28: PM2 warn: [pidusage] We couldn't find uptime from /proc/uptime, using os.uptime() value
2026-06-01T20:04:58: PM2 warn: [pidusage] We couldn't find uptime from /proc/uptime, using os.uptime() value
2026-06-01T20:05:28: PM2 warn: [pidusage] We couldn't find uptime from /proc/uptime, using os.uptime() value
2026-06-01T20:05:58: PM2 warn: [pidusage] We couldn't find uptime from /proc/uptime, using os.uptime() value
2026-06-01T20:06:28: PM2 warn: [pidusage] We couldn't find uptime from /proc/uptime, using os.uptime() value
2026-06-01T20:06:58: PM2 warn: [pidusage] We couldn't find uptime from /proc/uptime, using os.uptime() value
2026-06-01T20:07:28: PM2 warn: [pidusage] We couldn't find uptime from /proc/uptime, using os.uptime() value
2026-06-01T20:07:58: PM2 warn: [pidusage] We couldn't find uptime from /proc/uptime, using os.uptime() value
2026-06-01T20:08:28: PM2 warn: [pidusage] We couldn't find uptime from /proc/uptime, using os.uptime() value
2026-06-01T20:08:58: PM2 warn: [pidusage] We couldn't find uptime from /proc/uptime, using os.uptime() value
2026-06-01T20:09:28: PM2 warn: [pidusage] We couldn't find uptime from /proc/uptime, using os.uptime() value
2026-06-01T20:09:58: PM2 warn: [pidusage] We couldn't find uptime from /proc/uptime, using os.uptime() value
2026-06-01T20:10:28: PM2 warn: [pidusage] We couldn't find uptime from /proc/uptime, using os.uptime() value
2026-06-01T20:10:58: PM2 warn: [pidusage] We couldn't find uptime from /proc/uptime, using os.uptime() value
2026-06-01T20:11:28: PM2 warn: [pidusage] We couldn't find uptime from /proc/uptime, using os.uptime() value
2026-06-01T20:11:58: PM2 warn: [pidusage] We couldn't find uptime from /proc/uptime, using os.uptime() value
2026-06-01T20:12:28: PM2 warn: [pidusage] We couldn't find uptime from /proc/uptime, using os.uptime() value
2026-06-01T20:12:58: PM2 warn: [pidusage] We couldn't find uptime from /proc/uptime, using os.uptime() value
2026-06-01T20:13:28: PM2 warn: [pidusage] We couldn't find uptime from /proc/uptime, using os.uptime() value
2026-06-01T20:13:58: PM2 warn: [pidusage] We couldn't find uptime from /proc/uptime, using os.uptime() value
2026-06-01T20:14:28: PM2 warn: [pidusage] We couldn't find uptime from /proc/uptime, using os.uptime() value
2026-06-01T20:14:58: PM2 warn: [pidusage] We couldn't find uptime from /proc/uptime, using os.uptime() value
2026-06-01T20:15:28: PM2 warn: [pidusage] We couldn't find uptime from /proc/uptime, using os.uptime() value
2026-06-01T20:15:58: PM2 warn: [pidusage] We couldn't find uptime from /proc/uptime, using os.uptime() value
2026-06-01T20:16:28: PM2 warn: [pidusage] We couldn't find uptime from /proc/uptime, using os.uptime() value
2026-06-01T20:16:58: PM2 warn: [pidusage] We couldn't find uptime from /proc/uptime, using os.uptime() value
2026-06-01T20:17:28: PM2 warn: [pidusage] We couldn't find uptime from /proc/uptime, using os.uptime() value
2026-06-01T20:17:58: PM2 warn: [pidusage] We couldn't find uptime from /proc/uptime, using os.uptime() value
2026-06-01T20:18:28: PM2 warn: [pidusage] We couldn't find uptime from /proc/uptime, using os.uptime() value
2026-06-01T20:18:58: PM2 warn: [pidusage] We couldn't find uptime from /proc/uptime, using os.uptime() value
2026-06-01T20:19:28: PM2 warn: [pidusage] We couldn't find uptime from /proc/uptime, using os.uptime() value
2026-06-01T20:19:58: PM2 warn: [pidusage] We couldn't find uptime from /proc/uptime, using os.uptime() value
2026-06-01T20:20:28: PM2 warn: [pidusage] We couldn't find uptime from /proc/uptime, using os.uptime() value
2026-06-01T20:20:58: PM2 warn: [pidusage] We couldn't find uptime from /proc/uptime, using os.uptime() value
2026-06-01T20:21:28: PM2 warn: [pidusage] We couldn't find uptime from /proc/uptime, using os.uptime() value
2026-06-01T20:21:58: PM2 warn: [pidusage] We couldn't find uptime from /proc/uptime, using os.uptime() value
2026-06-01T20:22:28: PM2 warn: [pidusage] We couldn't find uptime from /proc/uptime, using os.uptime() value
2026-06-01T20:22:58: PM2 warn: [pidusage] We couldn't find uptime from /proc/uptime, using os.uptime() value
2026-06-01T20:23:28: PM2 warn: [pidusage] We couldn't find uptime from /proc/uptime, using os.uptime() value
2026-06-01T20:23:58: PM2 warn: [pidusage] We couldn't find uptime from /proc/uptime, using os.uptime() value
2026-06-01T20:24:28: PM2 warn: [pidusage] We couldn't find uptime from /proc/uptime, using os.uptime() value
2026-06-01T20:24:58: PM2 warn: [pidusage] We couldn't find uptime from /proc/uptime, using os.uptime() value
2026-06-01T20:25:28: PM2 warn: [pidusage] We couldn't find uptime from /proc/uptime, using os.uptime() value
2026-06-01T20:25:58: PM2 warn: [pidusage] We couldn't find uptime from /proc/uptime, using os.uptime() value
2026-06-01T20:26:28: PM2 warn: [pidusage] We couldn't find uptime from /proc/uptime, using os.uptime() value
2026-06-01T20:26:58: PM2 warn: [pidusage] We couldn't find uptime from /proc/uptime, using os.uptime() value
2026-06-01T20:27:28: PM2 warn: [pidusage] We couldn't find uptime from /proc/uptime, using os.uptime() value
2026-06-01T20:27:58: PM2 warn: [pidusage] We couldn't find uptime from /proc/uptime, using os.uptime() value
2026-06-01T20:28:28: PM2 warn: [pidusage] We couldn't find uptime from /proc/uptime, using os.uptime() value
2026-06-01T20:28:58: PM2 warn: [pidusage] We couldn't find uptime from /proc/uptime, using os.uptime() value
2026-06-01T20:29:28: PM2 warn: [pidusage] We couldn't find uptime from /proc/uptime, using os.uptime() value
2026-06-01T20:29:58: PM2 warn: [pidusage] We couldn't find uptime from /proc/uptime, using os.uptime() value
2026-06-01T20:30:28: PM2 warn: [pidusage] We couldn't find uptime from /proc/uptime, using os.uptime() value
2026-06-01T20:30:58: PM2 warn: [pidusage] We couldn't find uptime from /proc/uptime, using os.uptime() value
2026-06-01T20:31:28: PM2 warn: [pidusage] We couldn't find uptime from /proc/uptime, using os.uptime() value
2026-06-01T20:31:58: PM2 warn: [pidusage] We couldn't find uptime from /proc/uptime, using os.uptime() value
2026-06-01T20:32:28: PM2 warn: [pidusage] We couldn't find uptime from /proc/uptime, using os.uptime() value
2026-06-01T20:32:58: PM2 warn: [pidusage] We couldn't find uptime from /proc/uptime, using os.uptime() value
2026-06-01T20:33:28: PM2 warn: [pidusage] We couldn't find uptime from /proc/uptime, using os.uptime() value
2026-06-01T20:33:58: PM2 warn: [pidusage] We couldn't find uptime from /proc/uptime, using os.uptime() value
2026-06-01T20:34:28: PM2 warn: [pidusage] We couldn't find uptime from /proc/uptime, using os.uptime() value
2026-06-01T20:34:58: PM2 warn: [pidusage] We couldn't find uptime from /proc/uptime, using os.uptime() value
2026-06-01T20:35:28: PM2 warn: [pidusage] We couldn't find uptime from /proc/uptime, using os.uptime() value
2026-06-01T20:35:58: PM2 warn: [pidusage] We couldn't find uptime from /proc/uptime, using os.uptime() value
2026-06-01T20:36:28: PM2 warn: [pidusage] We couldn't find uptime from /proc/uptime, using os.uptime() value
2026-06-01T20:36:58: PM2 warn: [pidusage] We couldn't find uptime from /proc/uptime, using os.uptime() value
2026-06-01T20:37:28: PM2 warn: [pidusage] We couldn't find uptime from /proc/uptime, using os.uptime() value
2026-06-01T20:37:58: PM2 warn: [pidusage] We couldn't find uptime from /proc/uptime, using os.uptime() value
2026-06-01T20:38:28: PM2 warn: [pidusage] We couldn't find uptime from /proc/uptime, using os.uptime() value
2026-06-01T20:38:58: PM2 warn: [pidusage] We couldn't find uptime from /proc/uptime, using os.uptime() value
2026-06-01T20:39:28: PM2 warn: [pidusage] We couldn't find uptime from /proc/uptime, using os.uptime() value
2026-06-01T20:39:58: PM2 warn: [pidusage] We couldn't find uptime from /proc/uptime, using os.uptime() value
2026-06-01T20:40:28: PM2 warn: [pidusage] We couldn't find uptime from /proc/uptime, using os.uptime() value
2026-06-01T20:40:58: PM2 warn: [pidusage] We couldn't find uptime from /proc/uptime, using os.uptime() value
2026-06-01T20:41:28: PM2 warn: [pidusage] We couldn't find uptime from /proc/uptime, using os.uptime() value
2026-06-01T20:41:58: PM2 warn: [pidusage] We couldn't find uptime from /proc/uptime, using os.uptime() value
2026-06-01T20:42:28: PM2 warn: [pidusage] We couldn't find uptime from /proc/uptime, using os.uptime() value
2026-06-01T20:42:58: PM2 warn: [pidusage] We couldn't find uptime from /proc/uptime, using os.uptime() value
2026-06-01T20:43:28: PM2 warn: [pidusage] We couldn't find uptime from /proc/uptime, using os.uptime() value
2026-06-01T20:43:58: PM2 warn: [pidusage] We couldn't find uptime from /proc/uptime, using os.uptime() value
2026-06-01T20:44:28: PM2 warn: [pidusage] We couldn't find uptime from /proc/uptime, using os.uptime() value
2026-06-01T20:44:58: PM2 warn: [pidusage] We couldn't find uptime from /proc/uptime, using os.uptime() value
2026-06-01T20:45:28: PM2 warn: [pidusage] We couldn't find uptime from /proc/uptime, using os.uptime() value
2026-06-01T20:45:58: PM2 warn: [pidusage] We couldn't find uptime from /proc/uptime, using os.uptime() value
2026-06-01T20:46:28: PM2 warn: [pidusage] We couldn't find uptime from /proc/uptime, using os.uptime() value
2026-06-01T20:46:58: PM2 warn: [pidusage] We couldn't find uptime from /proc/uptime, using os.uptime() value
2026-06-01T20:47:28: PM2 warn: [pidusage] We couldn't find uptime from /proc/uptime, using os.uptime() value
2026-06-01T20:47:58: PM2 warn: [pidusage] We couldn't find uptime from /proc/uptime, using os.uptime() value
2026-06-01T20:48:28: PM2 warn: [pidusage] We couldn't find uptime from /proc/uptime, using os.uptime() value
2026-06-01T20:48:58: PM2 warn: [pidusage] We couldn't find uptime from /proc/uptime, using os.uptime() value
2026-06-01T20:49:28: PM2 warn: [pidusage] We couldn't find uptime from /proc/uptime, using os.uptime() value
2026-06-01T20:49:58: PM2 warn: [pidusage] We couldn't find uptime from /proc/uptime, using os.uptime() value
2026-06-01T20:50:28: PM2 warn: [pidusage] We couldn't find uptime from /proc/uptime, using os.uptime() value
2026-06-01T20:50:58: PM2 warn: [pidusage] We couldn't find uptime from /proc/uptime, using os.uptime() value
2026-06-01T20:51:28: PM2 warn: [pidusage] We couldn't find uptime from /proc/uptime, using os.uptime() value
2026-06-01T20:51:58: PM2 warn: [pidusage] We couldn't find uptime from /proc/uptime, using os.uptime() value
2026-06-01T20:52:28: PM2 warn: [pidusage] We couldn't find uptime from /proc/uptime, using os.uptime() value
2026-06-01T20:52:58: PM2 warn: [pidusage] We couldn't find uptime from /proc/uptime, using os.uptime() value
2026-06-01T20:53:28: PM2 warn: [pidusage] We couldn't find uptime from /proc/uptime, using os.uptime() value
2026-06-01T20:53:58: PM2 warn: [pidusage] We couldn't find uptime from /proc/uptime, using os.uptime() value
2026-06-01T20:54:28: PM2 warn: [pidusage] We couldn't find uptime from /proc/uptime, using os.uptime() value
2026-06-01T20:54:58: PM2 warn: [pidusage] We couldn't find uptime from /proc/uptime, using os.uptime() value
2026-06-01T20:55:28: PM2 warn: [pidusage] We couldn't find uptime from /proc/uptime, using os.uptime() value
2026-06-01T20:55:58: PM2 warn: [pidusage] We couldn't find uptime from /proc/uptime, using os.uptime() value
2026-06-01T20:56:28: PM2 warn: [pidusage] We couldn't find uptime from /proc/uptime, using os.uptime() value
2026-06-01T20:56:58: PM2 warn: [pidusage] We couldn't find uptime from /proc/uptime, using os.uptime() value
2026-06-01T20:57:28: PM2 warn: [pidusage] We couldn't find uptime from /proc/uptime, using os.uptime() value
2026-06-01T20:57:58: PM2 warn: [pidusage] We couldn't find uptime from /proc/uptime, using os.uptime() value
2026-06-01T20:58:28: PM2 warn: [pidusage] We couldn't find uptime from /proc/uptime, using os.uptime() value
2026-06-01T20:58:58: PM2 warn: [pidusage] We couldn't find uptime from /proc/uptime, using os.uptime() value
2026-06-01T20:59:28: PM2 warn: [pidusage] We couldn't find uptime from /proc/uptime, using os.uptime() value
2026-06-01T20:59:58: PM2 warn: [pidusage] We couldn't find uptime from /proc/uptime, using os.uptime() value
2026-06-01T21:00:28: PM2 warn: [pidusage] We couldn't find uptime from /proc/uptime, using os.uptime() value
2026-06-01T21:00:58: PM2 warn: [pidusage] We couldn't find uptime from /proc/uptime, using os.uptime() value
2026-06-01T21:01:28: PM2 warn: [pidusage] We couldn't find uptime from /proc/uptime, using os.uptime() value
2026-06-01T21:01:58: PM2 warn: [pidusage] We couldn't find uptime from /proc/uptime, using os.uptime() value
2026-06-01T21:02:28: PM2 warn: [pidusage] We couldn't find uptime from /proc/uptime, using os.uptime() value
2026-06-01T21:02:58: PM2 warn: [pidusage] We couldn't find uptime from /proc/uptime, using os.uptime() value
2026-06-01T21:03:28: PM2 warn: [pidusage] We couldn't find uptime from /proc/uptime, using os.uptime() value
2026-06-01T21:03:58: PM2 warn: [pidusage] We couldn't find uptime from /proc/uptime, using os.uptime() value
2026-06-01T21:04:28: PM2 warn: [pidusage] We couldn't find uptime from /proc/uptime, using os.uptime() value
2026-06-01T21:04:58: PM2 warn: [pidusage] We couldn't find uptime from /proc/uptime, using os.uptime() value
2026-06-01T21:05:28: PM2 warn: [pidusage] We couldn't find uptime from /proc/uptime, using os.uptime() value
2026-06-01T21:05:58: PM2 warn: [pidusage] We couldn't find uptime from /proc/uptime, using os.uptime() value
2026-06-01T21:06:28: PM2 warn: [pidusage] We couldn't find uptime from /proc/uptime, using os.uptime() value
2026-06-01T21:06:58: PM2 warn: [pidusage] We couldn't find uptime from /proc/uptime, using os.uptime() value
2026-06-01T21:07:28: PM2 warn: [pidusage] We couldn't find uptime from /proc/uptime, using os.uptime() value
2026-06-01T21:07:58: PM2 warn: [pidusage] We couldn't find uptime from /proc/uptime, using os.uptime() value
2026-06-01T21:08:28: PM2 warn: [pidusage] We couldn't find uptime from /proc/uptime, using os.uptime() value
2026-06-01T21:08:58: PM2 warn: [pidusage] We couldn't find uptime from /proc/uptime, using os.uptime() value
2026-06-01T21:09:28: PM2 warn: [pidusage] We couldn't find uptime from /proc/uptime, using os.uptime() value
2026-06-01T21:09:58: PM2 warn: [pidusage] We couldn't find uptime from /proc/uptime, using os.uptime() value
2026-06-01T21:10:28: PM2 warn: [pidusage] We couldn't find uptime from /proc/uptime, using os.uptime() value
2026-06-01T21:10:58: PM2 warn: [pidusage] We couldn't find uptime from /proc/uptime, using os.uptime() value
2026-06-01T21:11:28: PM2 warn: [pidusage] We couldn't find uptime from /proc/uptime, using os.uptime() value
2026-06-01T21:11:58: PM2 warn: [pidusage] We couldn't find uptime from /proc/uptime, using os.uptime() value
2026-06-01T21:12:28: PM2 warn: [pidusage] We couldn't find uptime from /proc/uptime, using os.uptime() value
2026-06-01T21:12:58: PM2 warn: [pidusage] We couldn't find uptime from /proc/uptime, using os.uptime() value
2026-06-01T21:13:28: PM2 warn: [pidusage] We couldn't find uptime from /proc/uptime, using os.uptime() value
2026-06-01T21:13:58: PM2 warn: [pidusage] We couldn't find uptime from /proc/uptime, using os.uptime() value
2026-06-01T21:14:28: PM2 warn: [pidusage] We couldn't find uptime from /proc/uptime, using os.uptime() value
2026-06-01T21:14:58: PM2 warn: [pidusage] We couldn't find uptime from /proc/uptime, using os.uptime() value
2026-06-01T21:15:28: PM2 warn: [pidusage] We couldn't find uptime from /proc/uptime, using os.uptime() value
2026-06-01T21:15:58: PM2 warn: [pidusage] We couldn't find uptime from /proc/uptime, using os.uptime() value
2026-06-01T21:16:28: PM2 warn: [pidusage] We couldn't find uptime from /proc/uptime, using os.uptime() value
2026-06-01T21:16:58: PM2 warn: [pidusage] We couldn't find uptime from /proc/uptime, using os.uptime() value
2026-06-01T21:17:28: PM2 warn: [pidusage] We couldn't find uptime from /proc/uptime, using os.uptime() value
2026-06-01T21:17:58: PM2 warn: [pidusage] We couldn't find uptime from /proc/uptime, using os.uptime() value
2026-06-01T21:18:28: PM2 warn: [pidusage] We couldn't find uptime from /proc/uptime, using os.uptime() value
2026-06-01T21:18:58: PM2 warn: [pidusage] We couldn't find uptime from /proc/uptime, using os.uptime() value
2026-06-01T21:19:28: PM2 warn: [pidusage] We couldn't find uptime from /proc/uptime, using os.uptime() value
2026-06-01T21:19:58: PM2 warn: [pidusage] We couldn't find uptime from /proc/uptime, using os.uptime() value
2026-06-01T21:20:28: PM2 warn: [pidusage] We couldn't find uptime from /proc/uptime, using os.uptime() value
2026-06-01T21:20:58: PM2 warn: [pidusage] We couldn't find uptime from /proc/uptime, using os.uptime() value
2026-06-01T21:21:28: PM2 warn: [pidusage] We couldn't find uptime from /proc/uptime, using os.uptime() value
2026-06-01T21:21:58: PM2 warn: [pidusage] We couldn't find uptime from /proc/uptime, using os.uptime() value
2026-06-01T21:22:28: PM2 warn: [pidusage] We couldn't find uptime from /proc/uptime, using os.uptime() value
2026-06-01T21:22:58: PM2 warn: [pidusage] We couldn't find uptime from /proc/uptime, using os.uptime() value
2026-06-01T21:23:28: PM2 warn: [pidusage] We couldn't find uptime from /proc/uptime, using os.uptime() value
2026-06-01T21:23:58: PM2 warn: [pidusage] We couldn't find uptime from /proc/uptime, using os.uptime() value
2026-06-01T21:24:28: PM2 warn: [pidusage] We couldn't find uptime from /proc/uptime, using os.uptime() value
2026-06-01T21:24:58: PM2 warn: [pidusage] We couldn't find uptime from /proc/uptime, using os.uptime() value
2026-06-01T21:25:28: PM2 warn: [pidusage] We couldn't find uptime from /proc/uptime, using os.uptime() value
2026-06-01T21:25:58: PM2 warn: [pidusage] We couldn't find uptime from /proc/uptime, using os.uptime() value
2026-06-01T21:26:28: PM2 warn: [pidusage] We couldn't find uptime from /proc/uptime, using os.uptime() value
2026-06-01T21:26:58: PM2 warn: [pidusage] We couldn't find uptime from /proc/uptime, using os.uptime() value
2026-06-01T21:27:28: PM2 warn: [pidusage] We couldn't find uptime from /proc/uptime, using os.uptime() value
2026-06-01T21:27:58: PM2 warn: [pidusage] We couldn't find uptime from /proc/uptime, using os.uptime() value
2026-06-01T21:28:28: PM2 warn: [pidusage] We couldn't find uptime from /proc/uptime, using os.uptime() value
2026-06-01T21:28:58: PM2 warn: [pidusage] We couldn't find uptime from /proc/uptime, using os.uptime() value
2026-06-01T21:29:28: PM2 warn: [pidusage] We couldn't find uptime from /proc/uptime, using os.uptime() value
2026-06-01T21:29:58: PM2 warn: [pidusage] We couldn't find uptime from /proc/uptime, using os.uptime() value
2026-06-01T21:30:28: PM2 warn: [pidusage] We couldn't find uptime from /proc/uptime, using os.uptime() value
2026-06-01T21:30:58: PM2 warn: [pidusage] We couldn't find uptime from /proc/uptime, using os.uptime() value
2026-06-01T21:31:28: PM2 warn: [pidusage] We couldn't find uptime from /proc/uptime, using os.uptime() value
2026-06-01T21:31:58: PM2 warn: [pidusage] We couldn't find uptime from /proc/uptime, using os.uptime() value
2026-06-01T21:32:28: PM2 warn: [pidusage] We couldn't find uptime from /proc/uptime, using os.uptime() value
2026-06-01T21:32:58: PM2 warn: [pidusage] We couldn't find uptime from /proc/uptime, using os.uptime() value
2026-06-01T21:33:28: PM2 warn: [pidusage] We couldn't find uptime from /proc/uptime, using os.uptime() value
2026-06-01T21:33:58: PM2 warn: [pidusage] We couldn't find uptime from /proc/uptime, using os.uptime() value
2026-06-01T21:34:28: PM2 warn: [pidusage] We couldn't find uptime from /proc/uptime, using os.uptime() value
2026-06-01T21:34:58: PM2 warn: [pidusage] We couldn't find uptime from /proc/uptime, using os.uptime() value
2026-06-01T21:35:28: PM2 warn: [pidusage] We couldn't find uptime from /proc/uptime, using os.uptime() value
2026-06-01T21:35:58: PM2 warn: [pidusage] We couldn't find uptime from /proc/uptime, using os.uptime() value
2026-06-01T21:36:28: PM2 warn: [pidusage] We couldn't find uptime from /proc/uptime, using os.uptime() value
2026-06-01T21:36:58: PM2 warn: [pidusage] We couldn't find uptime from /proc/uptime, using os.uptime() value
2026-06-01T21:37:28: PM2 warn: [pidusage] We couldn't find uptime from /proc/uptime, using os.uptime() value
2026-06-01T21:37:58: PM2 warn: [pidusage] We couldn't find uptime from /proc/uptime, using os.uptime() value
2026-06-01T21:38:28: PM2 warn: [pidusage] We couldn't find uptime from /proc/uptime, using os.uptime() value
2026-06-01T21:38:58: PM2 warn: [pidusage] We couldn't find uptime from /proc/uptime, using os.uptime() value
2026-06-01T21:39:28: PM2 warn: [pidusage] We couldn't find uptime from /proc/uptime, using os.uptime() value
2026-06-01T21:39:58: PM2 warn: [pidusage] We couldn't find uptime from /proc/uptime, using os.uptime() value
2026-06-01T21:40:28: PM2 warn: [pidusage] We couldn't find uptime from /proc/uptime, using os.uptime() value
2026-06-01T21:40:58: PM2 warn: [pidusage] We couldn't find uptime from /proc/uptime, using os.uptime() value
2026-06-01T21:41:28: PM2 warn: [pidusage] We couldn't find uptime from /proc/uptime, using os.uptime() value
2026-06-01T21:41:58: PM2 warn: [pidusage] We couldn't find uptime from /proc/uptime, using os.uptime() value
2026-06-01T21:42:28: PM2 warn: [pidusage] We couldn't find uptime from /proc/uptime, using os.uptime() value
2026-06-01T21:42:58: PM2 warn: [pidusage] We couldn't find uptime from /proc/uptime, using os.uptime() value
2026-06-01T21:43:28: PM2 warn: [pidusage] We couldn't find uptime from /proc/uptime, using os.uptime() value
2026-06-01T21:43:58: PM2 warn: [pidusage] We couldn't find uptime from /proc/uptime, using os.uptime() value
2026-06-01T21:44:28: PM2 warn: [pidusage] We couldn't find uptime from /proc/uptime, using os.uptime() value
2026-06-01T21:44:58: PM2 warn: [pidusage] We couldn't find uptime from /proc/uptime, using os.uptime() value
2026-06-01T21:45:28: PM2 warn: [pidusage] We couldn't find uptime from /proc/uptime, using os.uptime() value
2026-06-01T21:45:58: PM2 warn: [pidusage] We couldn't find uptime from /proc/uptime, using os.uptime() value
2026-06-01T21:46:28: PM2 warn: [pidusage] We couldn't find uptime from /proc/uptime, using os.uptime() value
2026-06-01T21:46:58: PM2 warn: [pidusage] We couldn't find uptime from /proc/uptime, using os.uptime() value
2026-06-01T21:47:28: PM2 warn: [pidusage] We couldn't find uptime from /proc/uptime, using os.uptime() value
2026-06-01T21:47:58: PM2 warn: [pidusage] We couldn't find uptime from /proc/uptime, using os.uptime() value
2026-06-01T21:48:28: PM2 warn: [pidusage] We couldn't find uptime from /proc/uptime, using os.uptime() value
2026-06-01T21:48:58: PM2 warn: [pidusage] We couldn't find uptime from /proc/uptime, using os.uptime() value
2026-06-01T21:49:28: PM2 warn: [pidusage] We couldn't find uptime from /proc/uptime, using os.uptime() value
2026-06-01T21:49:58: PM2 warn: [pidusage] We couldn't find uptime from /proc/uptime, using os.uptime() value
2026-06-01T21:50:28: PM2 warn: [pidusage] We couldn't find uptime from /proc/uptime, using os.uptime() value
2026-06-01T21:50:58: PM2 warn: [pidusage] We couldn't find uptime from /proc/uptime, using os.uptime() value
2026-06-01T21:51:28: PM2 warn: [pidusage] We couldn't find uptime from /proc/uptime, using os.uptime() value
2026-06-01T21:51:58: PM2 warn: [pidusage] We couldn't find uptime from /proc/uptime, using os.uptime() value
2026-06-01T21:52:28: PM2 warn: [pidusage] We couldn't find uptime from /proc/uptime, using os.uptime() value
2026-06-01T21:52:58: PM2 warn: [pidusage] We couldn't find uptime from /proc/uptime, using os.uptime() value
2026-06-01T21:53:28: PM2 warn: [pidusage] We couldn't find uptime from /proc/uptime, using os.uptime() value
2026-06-01T21:53:58: PM2 warn: [pidusage] We couldn't find uptime from /proc/uptime, using os.uptime() value
2026-06-01T21:54:28: PM2 warn: [pidusage] We couldn't find uptime from /proc/uptime, using os.uptime() value
2026-06-01T21:54:58: PM2 warn: [pidusage] We couldn't find uptime from /proc/uptime, using os.uptime() value
2026-06-01T21:55:28: PM2 warn: [pidusage] We couldn't find uptime from /proc/uptime, using os.uptime() value
2026-06-01T21:55:58: PM2 warn: [pidusage] We couldn't find uptime from /proc/uptime, using os.uptime() value
2026-06-01T21:56:28: PM2 warn: [pidusage] We couldn't find uptime from /proc/uptime, using os.uptime() value
2026-06-01T21:56:58: PM2 warn: [pidusage] We couldn't find uptime from /proc/uptime, using os.uptime() value
2026-06-01T21:57:28: PM2 warn: [pidusage] We couldn't find uptime from /proc/uptime, using os.uptime() value
2026-06-01T21:57:58: PM2 warn: [pidusage] We couldn't find uptime from /proc/uptime, using os.uptime() value
2026-06-01T21:58:28: PM2 warn: [pidusage] We couldn't find uptime from /proc/uptime, using os.uptime() value
2026-06-01T21:58:58: PM2 warn: [pidusage] We couldn't find uptime from /proc/uptime, using os.uptime() value
2026-06-01T21:59:28: PM2 warn: [pidusage] We couldn't find uptime from /proc/uptime, using os.uptime() value
2026-06-01T21:59:58: PM2 warn: [pidusage] We couldn't find uptime from /proc/uptime, using os.uptime() value
2026-06-01T22:00:28: PM2 warn: [pidusage] We couldn't find uptime from /proc/uptime, using os.uptime() value
2026-06-01T22:00:58: PM2 warn: [pidusage] We couldn't find uptime from /proc/uptime, using os.uptime() value
2026-06-01T22:01:28: PM2 warn: [pidusage] We couldn't find uptime from /proc/uptime, using os.uptime() value
2026-06-01T22:01:58: PM2 warn: [pidusage] We couldn't find uptime from /proc/uptime, using os.uptime() value
2026-06-01T22:02:28: PM2 warn: [pidusage] We couldn't find uptime from /proc/uptime, using os.uptime() value
2026-06-01T22:02:58: PM2 warn: [pidusage] We couldn't find uptime from /proc/uptime, using os.uptime() value
2026-06-01T22:03:28: PM2 warn: [pidusage] We couldn't find uptime from /proc/uptime, using os.uptime() value
2026-06-01T22:03:58: PM2 warn: [pidusage] We couldn't find uptime from /proc/uptime, using os.uptime() value
2026-06-01T22:04:28: PM2 warn: [pidusage] We couldn't find uptime from /proc/uptime, using os.uptime() value
2026-06-01T22:04:58: PM2 warn: [pidusage] We couldn't find uptime from /proc/uptime, using os.uptime() value
2026-06-01T22:05:28: PM2 warn: [pidusage] We couldn't find uptime from /proc/uptime, using os.uptime() value
2026-06-01T22:05:58: PM2 warn: [pidusage] We couldn't find uptime from /proc/uptime, using os.uptime() value
2026-06-01T22:06:28: PM2 warn: [pidusage] We couldn't find uptime from /proc/uptime, using os.uptime() value
2026-06-01T22:06:58: PM2 warn: [pidusage] We couldn't find uptime from /proc/uptime, using os.uptime() value
2026-06-01T22:07:28: PM2 warn: [pidusage] We couldn't find uptime from /proc/uptime, using os.uptime() value
2026-06-01T22:07:58: PM2 warn: [pidusage] We couldn't find uptime from /proc/uptime, using os.uptime() value
2026-06-01T22:08:28: PM2 warn: [pidusage] We couldn't find uptime from /proc/uptime, using os.uptime() value
2026-06-01T22:08:58: PM2 warn: [pidusage] We couldn't find uptime from /proc/uptime, using os.uptime() value
2026-06-01T22:09:28: PM2 warn: [pidusage] We couldn't find uptime from /proc/uptime, using os.uptime() value
2026-06-01T22:09:58: PM2 warn: [pidusage] We couldn't find uptime from /proc/uptime, using os.uptime() value
2026-06-01T22:10:28: PM2 warn: [pidusage] We couldn't find uptime from /proc/uptime, using os.uptime() value
2026-06-01T22:10:58: PM2 warn: [pidusage] We couldn't find uptime from /proc/uptime, using os.uptime() value
2026-06-01T22:11:28: PM2 warn: [pidusage] We couldn't find uptime from /proc/uptime, using os.uptime() value
2026-06-01T22:11:58: PM2 warn: [pidusage] We couldn't find uptime from /proc/uptime, using os.uptime() value
2026-06-01T22:12:28: PM2 warn: [pidusage] We couldn't find uptime from /proc/uptime, using os.uptime() value
2026-06-01T22:12:58: PM2 warn: [pidusage] We couldn't find uptime from /proc/uptime, using os.uptime() value
2026-06-01T22:13:28: PM2 warn: [pidusage] We couldn't find uptime from /proc/uptime, using os.uptime() value
2026-06-01T22:13:58: PM2 warn: [pidusage] We couldn't find uptime from /proc/uptime, using os.uptime() value
2026-06-01T22:14:28: PM2 warn: [pidusage] We couldn't find uptime from /proc/uptime, using os.uptime() value
2026-06-01T22:14:58: PM2 warn: [pidusage] We couldn't find uptime from /proc/uptime, using os.uptime() value
2026-06-01T22:15:28: PM2 warn: [pidusage] We couldn't find uptime from /proc/uptime, using os.uptime() value
2026-06-01T22:15:58: PM2 warn: [pidusage] We couldn't find uptime from /proc/uptime, using os.uptime() value
2026-06-01T22:16:28: PM2 warn: [pidusage] We couldn't find uptime from /proc/uptime, using os.uptime() value
2026-06-01T22:16:58: PM2 warn: [pidusage] We couldn't find uptime from /proc/uptime, using os.uptime() value
2026-06-01T22:17:28: PM2 warn: [pidusage] We couldn't find uptime from /proc/uptime, using os.uptime() value
2026-06-01T22:17:58: PM2 warn: [pidusage] We couldn't find uptime from /proc/uptime, using os.uptime() value
2026-06-01T22:18:28: PM2 warn: [pidusage] We couldn't find uptime from /proc/uptime, using os.uptime() value
2026-06-01T22:18:58: PM2 warn: [pidusage] We couldn't find uptime from /proc/uptime, using os.uptime() value
2026-06-01T22:19:28: PM2 warn: [pidusage] We couldn't find uptime from /proc/uptime, using os.uptime() value
2026-06-01T22:19:58: PM2 warn: [pidusage] We couldn't find uptime from /proc/uptime, using os.uptime() value
2026-06-01T22:20:28: PM2 warn: [pidusage] We couldn't find uptime from /proc/uptime, using os.uptime() value
2026-06-01T22:20:58: PM2 warn: [pidusage] We couldn't find uptime from /proc/uptime, using os.uptime() value
2026-06-01T22:21:28: PM2 warn: [pidusage] We couldn't find uptime from /proc/uptime, using os.uptime() value
2026-06-01T22:21:58: PM2 warn: [pidusage] We couldn't find uptime from /proc/uptime, using os.uptime() value
2026-06-01T22:22:28: PM2 warn: [pidusage] We couldn't find uptime from /proc/uptime, using os.uptime() value
2026-06-01T22:22:58: PM2 warn: [pidusage] We couldn't find uptime from /proc/uptime, using os.uptime() value
2026-06-01T22:23:28: PM2 warn: [pidusage] We couldn't find uptime from /proc/uptime, using os.uptime() value
2026-06-01T22:23:58: PM2 warn: [pidusage] We couldn't find uptime from /proc/uptime, using os.uptime() value
2026-06-01T22:24:28: PM2 warn: [pidusage] We couldn't find uptime from /proc/uptime, using os.uptime() value
2026-06-01T22:24:58: PM2 warn: [pidusage] We couldn't find uptime from /proc/uptime, using os.uptime() value
2026-06-01T22:25:28: PM2 warn: [pidusage] We couldn't find uptime from /proc/uptime, using os.uptime() value
2026-06-01T22:25:58: PM2 warn: [pidusage] We couldn't find uptime from /proc/uptime, using os.uptime() value
2026-06-01T22:26:28: PM2 warn: [pidusage] We couldn't find uptime from /proc/uptime, using os.uptime() value
2026-06-01T22:26:58: PM2 warn: [pidusage] We couldn't find uptime from /proc/uptime, using os.uptime() value
2026-06-01T22:27:28: PM2 warn: [pidusage] We couldn't find uptime from /proc/uptime, using os.uptime() value
2026-06-01T22:27:58: PM2 warn: [pidusage] We couldn't find uptime from /proc/uptime, using os.uptime() value
2026-06-01T22:28:28: PM2 warn: [pidusage] We couldn't find uptime from /proc/uptime, using os.uptime() value
2026-06-01T22:28:58: PM2 warn: [pidusage] We couldn't find uptime from /proc/uptime, using os.uptime() value
2026-06-01T22:29:28: PM2 warn: [pidusage] We couldn't find uptime from /proc/uptime, using os.uptime() value
2026-06-01T22:29:58: PM2 warn: [pidusage] We couldn't find uptime from /proc/uptime, using os.uptime() value
2026-06-01T22:30:28: PM2 warn: [pidusage] We couldn't find uptime from /proc/uptime, using os.uptime() value
2026-06-01T22:30:58: PM2 warn: [pidusage] We couldn't find uptime from /proc/uptime, using os.uptime() value
2026-06-01T22:31:28: PM2 warn: [pidusage] We couldn't find uptime from /proc/uptime, using os.uptime() value
2026-06-01T22:31:58: PM2 warn: [pidusage] We couldn't find uptime from /proc/uptime, using os.uptime() value
2026-06-01T22:32:28: PM2 warn: [pidusage] We couldn't find uptime from /proc/uptime, using os.uptime() value
2026-06-01T22:32:58: PM2 warn: [pidusage] We couldn't find uptime from /proc/uptime, using os.uptime() value
2026-06-01T22:33:28: PM2 warn: [pidusage] We couldn't find uptime from /proc/uptime, using os.uptime() value
2026-06-01T22:33:58: PM2 warn: [pidusage] We couldn't find uptime from /proc/uptime, using os.uptime() value
2026-06-01T22:34:28: PM2 warn: [pidusage] We couldn't find uptime from /proc/uptime, using os.uptime() value
2026-06-01T22:34:58: PM2 warn: [pidusage] We couldn't find uptime from /proc/uptime, using os.uptime() value
2026-06-01T22:35:28: PM2 warn: [pidusage] We couldn't find uptime from /proc/uptime, using os.uptime() value
2026-06-01T22:35:58: PM2 warn: [pidusage] We couldn't find uptime from /proc/uptime, using os.uptime() value
2026-06-01T22:36:28: PM2 warn: [pidusage] We couldn't find uptime from /proc/uptime, using os.uptime() value
2026-06-01T22:36:58: PM2 warn: [pidusage] We couldn't find uptime from /proc/uptime, using os.uptime() value
2026-06-01T22:37:28: PM2 warn: [pidusage] We couldn't find uptime from /proc/uptime, using os.uptime() value
2026-06-01T22:37:58: PM2 warn: [pidusage] We couldn't find uptime from /proc/uptime, using os.uptime() value
2026-06-01T22:38:28: PM2 warn: [pidusage] We couldn't find uptime from /proc/uptime, using os.uptime() value
2026-06-01T22:38:58: PM2 warn: [pidusage] We couldn't find uptime from /proc/uptime, using os.uptime() value
2026-06-01T22:39:28: PM2 warn: [pidusage] We couldn't find uptime from /proc/uptime, using os.uptime() value
2026-06-01T22:39:58: PM2 warn: [pidusage] We couldn't find uptime from /proc/uptime, using os.uptime() value
2026-06-01T22:40:28: PM2 warn: [pidusage] We couldn't find uptime from /proc/uptime, using os.uptime() value
2026-06-01T22:40:58: PM2 warn: [pidusage] We couldn't find uptime from /proc/uptime, using os.uptime() value
2026-06-01T22:41:28: PM2 warn: [pidusage] We couldn't find uptime from /proc/uptime, using os.uptime() value
2026-06-01T22:41:58: PM2 warn: [pidusage] We couldn't find uptime from /proc/uptime, using os.uptime() value
2026-06-01T22:42:28: PM2 warn: [pidusage] We couldn't find uptime from /proc/uptime, using os.uptime() value
2026-06-01T22:42:58: PM2 warn: [pidusage] We couldn't find uptime from /proc/uptime, using os.uptime() value
2026-06-01T22:43:28: PM2 warn: [pidusage] We couldn't find uptime from /proc/uptime, using os.uptime() value
2026-06-01T22:43:58: PM2 warn: [pidusage] We couldn't find uptime from /proc/uptime, using os.uptime() value
2026-06-01T22:44:28: PM2 warn: [pidusage] We couldn't find uptime from /proc/uptime, using os.uptime() value
2026-06-01T22:44:58: PM2 warn: [pidusage] We couldn't find uptime from /proc/uptime, using os.uptime() value
2026-06-01T22:45:28: PM2 warn: [pidusage] We couldn't find uptime from /proc/uptime, using os.uptime() value
2026-06-01T22:45:58: PM2 warn: [pidusage] We couldn't find uptime from /proc/uptime, using os.uptime() value
2026-06-01T22:46:28: PM2 warn: [pidusage] We couldn't find uptime from /proc/uptime, using os.uptime() value
2026-06-01T22:46:58: PM2 warn: [pidusage] We couldn't find uptime from /proc/uptime, using os.uptime() value
2026-06-01T22:47:28: PM2 warn: [pidusage] We couldn't find uptime from /proc/uptime, using os.uptime() value
2026-06-01T22:47:58: PM2 warn: [pidusage] We couldn't find uptime from /proc/uptime, using os.uptime() value
2026-06-01T22:48:28: PM2 warn: [pidusage] We couldn't find uptime from /proc/uptime, using os.uptime() value
2026-06-01T22:48:58: PM2 warn: [pidusage] We couldn't find uptime from /proc/uptime, using os.uptime() value
2026-06-01T22:49:28: PM2 warn: [pidusage] We couldn't find uptime from /proc/uptime, using os.uptime() value
2026-06-01T22:49:58: PM2 warn: [pidusage] We couldn't find uptime from /proc/uptime, using os.uptime() value
2026-06-01T22:50:28: PM2 warn: [pidusage] We couldn't find uptime from /proc/uptime, using os.uptime() value
2026-06-01T22:50:58: PM2 warn: [pidusage] We couldn't find uptime from /proc/uptime, using os.uptime() value
2026-06-01T22:51:28: PM2 warn: [pidusage] We couldn't find uptime from /proc/uptime, using os.uptime() value
2026-06-01T22:51:58: PM2 warn: [pidusage] We couldn't find uptime from /proc/uptime, using os.uptime() value
2026-06-01T22:52:28: PM2 warn: [pidusage] We couldn't find uptime from /proc/uptime, using os.uptime() value
2026-06-01T22:52:58: PM2 warn: [pidusage] We couldn't find uptime from /proc/uptime, using os.uptime() value
2026-06-01T22:53:28: PM2 warn: [pidusage] We couldn't find uptime from /proc/uptime, using os.uptime() value
2026-06-01T22:53:58: PM2 warn: [pidusage] We couldn't find uptime from /proc/uptime, using os.uptime() value
2026-06-01T22:54:28: PM2 warn: [pidusage] We couldn't find uptime from /proc/uptime, using os.uptime() value
2026-06-01T22:54:58: PM2 warn: [pidusage] We couldn't find uptime from /proc/uptime, using os.uptime() value
2026-06-01T22:55:28: PM2 warn: [pidusage] We couldn't find uptime from /proc/uptime, using os.uptime() value
2026-06-01T22:55:58: PM2 warn: [pidusage] We couldn't find uptime from /proc/uptime, using os.uptime() value
2026-06-01T22:56:28: PM2 warn: [pidusage] We couldn't find uptime from /proc/uptime, using os.uptime() value
2026-06-01T22:56:58: PM2 warn: [pidusage] We couldn't find uptime from /proc/uptime, using os.uptime() value
2026-06-01T22:57:28: PM2 warn: [pidusage] We couldn't find uptime from /proc/uptime, using os.uptime() value
2026-06-01T22:57:58: PM2 warn: [pidusage] We couldn't find uptime from /proc/uptime, using os.uptime() value
2026-06-01T22:58:28: PM2 warn: [pidusage] We couldn't find uptime from /proc/uptime, using os.uptime() value
2026-06-01T22:58:58: PM2 warn: [pidusage] We couldn't find uptime from /proc/uptime, using os.uptime() value
2026-06-01T22:59:28: PM2 warn: [pidusage] We couldn't find uptime from /proc/uptime, using os.uptime() value
2026-06-01T22:59:58: PM2 warn: [pidusage] We couldn't find uptime from /proc/uptime, using os.uptime() value
2026-06-01T23:00:28: PM2 warn: [pidusage] We couldn't find uptime from /proc/uptime, using os.uptime() value
2026-06-01T23:00:58: PM2 warn: [pidusage] We couldn't find uptime from /proc/uptime, using os.uptime() value
2026-06-01T23:01:28: PM2 warn: [pidusage] We couldn't find uptime from /proc/uptime, using os.uptime() value
2026-06-01T23:01:58: PM2 warn: [pidusage] We couldn't find uptime from /proc/uptime, using os.uptime() value
2026-06-01T23:02:28: PM2 warn: [pidusage] We couldn't find uptime from /proc/uptime, using os.uptime() value
2026-06-01T23:02:58: PM2 warn: [pidusage] We couldn't find uptime from /proc/uptime, using os.uptime() value
2026-06-01T23:03:28: PM2 warn: [pidusage] We couldn't find uptime from /proc/uptime, using os.uptime() value
2026-06-01T23:03:58: PM2 warn: [pidusage] We couldn't find uptime from /proc/uptime, using os.uptime() value
2026-06-01T23:04:28: PM2 warn: [pidusage] We couldn't find uptime from /proc/uptime, using os.uptime() value
2026-06-01T23:04:58: PM2 warn: [pidusage] We couldn't find uptime from /proc/uptime, using os.uptime() value
2026-06-01T23:05:28: PM2 warn: [pidusage] We couldn't find uptime from /proc/uptime, using os.uptime() value
2026-06-01T23:05:58: PM2 warn: [pidusage] We couldn't find uptime from /proc/uptime, using os.uptime() value
2026-06-01T23:06:28: PM2 warn: [pidusage] We couldn't find uptime from /proc/uptime, using os.uptime() value
2026-06-01T23:06:58: PM2 warn: [pidusage] We couldn't find uptime from /proc/uptime, using os.uptime() value
2026-06-01T23:07:28: PM2 warn: [pidusage] We couldn't find uptime from /proc/uptime, using os.uptime() value
2026-06-01T23:07:58: PM2 warn: [pidusage] We couldn't find uptime from /proc/uptime, using os.uptime() value
2026-06-01T23:08:28: PM2 warn: [pidusage] We couldn't find uptime from /proc/uptime, using os.uptime() value
2026-06-01T23:08:58: PM2 warn: [pidusage] We couldn't find uptime from /proc/uptime, using os.uptime() value
2026-06-01T23:09:28: PM2 warn: [pidusage] We couldn't find uptime from /proc/uptime, using os.uptime() value
2026-06-01T23:09:58: PM2 warn: [pidusage] We couldn't find uptime from /proc/uptime, using os.uptime() value
2026-06-01T23:10:28: PM2 warn: [pidusage] We couldn't find uptime from /proc/uptime, using os.uptime() value
2026-06-01T23:10:58: PM2 warn: [pidusage] We couldn't find uptime from /proc/uptime, using os.uptime() value
2026-06-01T23:11:28: PM2 warn: [pidusage] We couldn't find uptime from /proc/uptime, using os.uptime() value
2026-06-01T23:11:58: PM2 warn: [pidusage] We couldn't find uptime from /proc/uptime, using os.uptime() value
2026-06-01T23:12:28: PM2 warn: [pidusage] We couldn't find uptime from /proc/uptime, using os.uptime() value
2026-06-01T23:12:58: PM2 warn: [pidusage] We couldn't find uptime from /proc/uptime, using os.uptime() value
2026-06-01T23:13:28: PM2 warn: [pidusage] We couldn't find uptime from /proc/uptime, using os.uptime() value
2026-06-01T23:13:58: PM2 warn: [pidusage] We couldn't find uptime from /proc/uptime, using os.uptime() value
2026-06-01T23:14:29: PM2 warn: [pidusage] We couldn't find uptime from /proc/uptime, using os.uptime() value
2026-06-01T23:14:58: PM2 warn: [pidusage] We couldn't find uptime from /proc/uptime, using os.uptime() value
2026-06-01T23:15:28: PM2 warn: [pidusage] We couldn't find uptime from /proc/uptime, using os.uptime() value
2026-06-01T23:15:58: PM2 warn: [pidusage] We couldn't find uptime from /proc/uptime, using os.uptime() value
2026-06-01T23:16:28: PM2 warn: [pidusage] We couldn't find uptime from /proc/uptime, using os.uptime() value
2026-06-01T23:16:58: PM2 warn: [pidusage] We couldn't find uptime from /proc/uptime, using os.uptime() value
2026-06-01T23:17:28: PM2 warn: [pidusage] We couldn't find uptime from /proc/uptime, using os.uptime() value
2026-06-01T23:17:58: PM2 warn: [pidusage] We couldn't find uptime from /proc/uptime, using os.uptime() value
2026-06-01T23:18:28: PM2 warn: [pidusage] We couldn't find uptime from /proc/uptime, using os.uptime() value
2026-06-01T23:18:58: PM2 warn: [pidusage] We couldn't find uptime from /proc/uptime, using os.uptime() value
2026-06-01T23:19:28: PM2 warn: [pidusage] We couldn't find uptime from /proc/uptime, using os.uptime() value
2026-06-01T23:19:58: PM2 warn: [pidusage] We couldn't find uptime from /proc/uptime, using os.uptime() value
2026-06-01T23:20:28: PM2 warn: [pidusage] We couldn't find uptime from /proc/uptime, using os.uptime() value
2026-06-01T23:20:58: PM2 warn: [pidusage] We couldn't find uptime from /proc/uptime, using os.uptime() value
2026-06-01T23:21:28: PM2 warn: [pidusage] We couldn't find uptime from /proc/uptime, using os.uptime() value
2026-06-01T23:21:58: PM2 warn: [pidusage] We couldn't find uptime from /proc/uptime, using os.uptime() value
2026-06-01T23:22:28: PM2 warn: [pidusage] We couldn't find uptime from /proc/uptime, using os.uptime() value
2026-06-01T23:22:58: PM2 warn: [pidusage] We couldn't find uptime from /proc/uptime, using os.uptime() value
2026-06-01T23:23:28: PM2 warn: [pidusage] We couldn't find uptime from /proc/uptime, using os.uptime() value
2026-06-01T23:23:58: PM2 warn: [pidusage] We couldn't find uptime from /proc/uptime, using os.uptime() value
2026-06-01T23:24:28: PM2 warn: [pidusage] We couldn't find uptime from /proc/uptime, using os.uptime() value
2026-06-01T23:24:58: PM2 warn: [pidusage] We couldn't find uptime from /proc/uptime, using os.uptime() value
2026-06-01T23:25:28: PM2 warn: [pidusage] We couldn't find uptime from /proc/uptime, using os.uptime() value
2026-06-01T23:25:58: PM2 warn: [pidusage] We couldn't find uptime from /proc/uptime, using os.uptime() value
2026-06-01T23:26:28: PM2 warn: [pidusage] We couldn't find uptime from /proc/uptime, using os.uptime() value
2026-06-01T23:26:58: PM2 warn: [pidusage] We couldn't find uptime from /proc/uptime, using os.uptime() value
2026-06-01T23:27:28: PM2 warn: [pidusage] We couldn't find uptime from /proc/uptime, using os.uptime() value
2026-06-01T23:27:58: PM2 warn: [pidusage] We couldn't find uptime from /proc/uptime, using os.uptime() value
2026-06-01T23:28:28: PM2 warn: [pidusage] We couldn't find uptime from /proc/uptime, using os.uptime() value
2026-06-01T23:28:58: PM2 warn: [pidusage] We couldn't find uptime from /proc/uptime, using os.uptime() value
2026-06-01T23:29:28: PM2 warn: [pidusage] We couldn't find uptime from /proc/uptime, using os.uptime() value
2026-06-01T23:29:58: PM2 warn: [pidusage] We couldn't find uptime from /proc/uptime, using os.uptime() value
2026-06-01T23:30:28: PM2 warn: [pidusage] We couldn't find uptime from /proc/uptime, using os.uptime() value
2026-06-01T23:30:58: PM2 warn: [pidusage] We couldn't find uptime from /proc/uptime, using os.uptime() value
2026-06-01T23:31:28: PM2 warn: [pidusage] We couldn't find uptime from /proc/uptime, using os.uptime() value
2026-06-01T23:31:58: PM2 warn: [pidusage] We couldn't find uptime from /proc/uptime, using os.uptime() value
2026-06-01T23:32:28: PM2 warn: [pidusage] We couldn't find uptime from /proc/uptime, using os.uptime() value
2026-06-01T23:32:58: PM2 warn: [pidusage] We couldn't find uptime from /proc/uptime, using os.uptime() value
2026-06-01T23:33:28: PM2 warn: [pidusage] We couldn't find uptime from /proc/uptime, using os.uptime() value
2026-06-01T23:33:58: PM2 warn: [pidusage] We couldn't find uptime from /proc/uptime, using os.uptime() value
2026-06-01T23:34:28: PM2 warn: [pidusage] We couldn't find uptime from /proc/uptime, using os.uptime() value
2026-06-01T23:34:58: PM2 warn: [pidusage] We couldn't find uptime from /proc/uptime, using os.uptime() value
2026-06-01T23:35:28: PM2 warn: [pidusage] We couldn't find uptime from /proc/uptime, using os.uptime() value
2026-06-01T23:35:58: PM2 warn: [pidusage] We couldn't find uptime from /proc/uptime, using os.uptime() value
2026-06-01T23:36:28: PM2 warn: [pidusage] We couldn't find uptime from /proc/uptime, using os.uptime() value
2026-06-01T23:36:58: PM2 warn: [pidusage] We couldn't find uptime from /proc/uptime, using os.uptime() value
2026-06-01T23:37:28: PM2 warn: [pidusage] We couldn't find uptime from /proc/uptime, using os.uptime() value
2026-06-01T23:37:58: PM2 warn: [pidusage] We couldn't find uptime from /proc/uptime, using os.uptime() value
2026-06-01T23:38:28: PM2 warn: [pidusage] We couldn't find uptime from /proc/uptime, using os.uptime() value
2026-06-01T23:38:58: PM2 warn: [pidusage] We couldn't find uptime from /proc/uptime, using os.uptime() value
2026-06-01T23:39:28: PM2 warn: [pidusage] We couldn't find uptime from /proc/uptime, using os.uptime() value
2026-06-01T23:39:58: PM2 warn: [pidusage] We couldn't find uptime from /proc/uptime, using os.uptime() value
2026-06-01T23:40:28: PM2 warn: [pidusage] We couldn't find uptime from /proc/uptime, using os.uptime() value
2026-06-01T23:40:58: PM2 warn: [pidusage] We couldn't find uptime from /proc/uptime, using os.uptime() value
2026-06-01T23:41:28: PM2 warn: [pidusage] We couldn't find uptime from /proc/uptime, using os.uptime() value
2026-06-01T23:41:58: PM2 warn: [pidusage] We couldn't find uptime from /proc/uptime, using os.uptime() value
2026-06-01T23:42:28: PM2 warn: [pidusage] We couldn't find uptime from /proc/uptime, using os.uptime() value
2026-06-01T23:42:58: PM2 warn: [pidusage] We couldn't find uptime from /proc/uptime, using os.uptime() value
2026-06-01T23:43:28: PM2 warn: [pidusage] We couldn't find uptime from /proc/uptime, using os.uptime() value
2026-06-01T23:43:58: PM2 warn: [pidusage] We couldn't find uptime from /proc/uptime, using os.uptime() value
2026-06-01T23:44:28: PM2 warn: [pidusage] We couldn't find uptime from /proc/uptime, using os.uptime() value
2026-06-01T23:44:58: PM2 warn: [pidusage] We couldn't find uptime from /proc/uptime, using os.uptime() value
2026-06-01T23:45:28: PM2 warn: [pidusage] We couldn't find uptime from /proc/uptime, using os.uptime() value
2026-06-01T23:45:58: PM2 warn: [pidusage] We couldn't find uptime from /proc/uptime, using os.uptime() value
2026-06-01T23:46:28: PM2 warn: [pidusage] We couldn't find uptime from /proc/uptime, using os.uptime() value
2026-06-01T23:46:58: PM2 warn: [pidusage] We couldn't find uptime from /proc/uptime, using os.uptime() value
2026-06-01T23:47:28: PM2 warn: [pidusage] We couldn't find uptime from /proc/uptime, using os.uptime() value
2026-06-01T23:47:58: PM2 warn: [pidusage] We couldn't find uptime from /proc/uptime, using os.uptime() value
2026-06-01T23:48:28: PM2 warn: [pidusage] We couldn't find uptime from /proc/uptime, using os.uptime() value
2026-06-01T23:48:58: PM2 warn: [pidusage] We couldn't find uptime from /proc/uptime, using os.uptime() value
2026-06-01T23:49:28: PM2 warn: [pidusage] We couldn't find uptime from /proc/uptime, using os.uptime() value
2026-06-01T23:49:58: PM2 warn: [pidusage] We couldn't find uptime from /proc/uptime, using os.uptime() value
2026-06-01T23:50:28: PM2 warn: [pidusage] We couldn't find uptime from /proc/uptime, using os.uptime() value
2026-06-01T23:50:58: PM2 warn: [pidusage] We couldn't find uptime from /proc/uptime, using os.uptime() value
2026-06-01T23:51:28: PM2 warn: [pidusage] We couldn't find uptime from /proc/uptime, using os.uptime() value
2026-06-01T23:51:58: PM2 warn: [pidusage] We couldn't find uptime from /proc/uptime, using os.uptime() value
2026-06-01T23:52:28: PM2 warn: [pidusage] We couldn't find uptime from /proc/uptime, using os.uptime() value
2026-06-01T23:52:58: PM2 warn: [pidusage] We couldn't find uptime from /proc/uptime, using os.uptime() value
2026-06-01T23:53:28: PM2 warn: [pidusage] We couldn't find uptime from /proc/uptime, using os.uptime() value
2026-06-01T23:53:58: PM2 warn: [pidusage] We couldn't find uptime from /proc/uptime, using os.uptime() value
2026-06-01T23:54:28: PM2 warn: [pidusage] We couldn't find uptime from /proc/uptime, using os.uptime() value
2026-06-01T23:54:58: PM2 warn: [pidusage] We couldn't find uptime from /proc/uptime, using os.uptime() value
2026-06-01T23:55:28: PM2 warn: [pidusage] We couldn't find uptime from /proc/uptime, using os.uptime() value
2026-06-01T23:55:58: PM2 warn: [pidusage] We couldn't find uptime from /proc/uptime, using os.uptime() value
2026-06-01T23:56:28: PM2 warn: [pidusage] We couldn't find uptime from /proc/uptime, using os.uptime() value
2026-06-01T23:56:58: PM2 warn: [pidusage] We couldn't find uptime from /proc/uptime, using os.uptime() value
2026-06-01T23:57:28: PM2 warn: [pidusage] We couldn't find uptime from /proc/uptime, using os.uptime() value
2026-06-01T23:57:58: PM2 warn: [pidusage] We couldn't find uptime from /proc/uptime, using os.uptime() value
2026-06-01T23:58:28: PM2 warn: [pidusage] We couldn't find uptime from /proc/uptime, using os.uptime() value
2026-06-01T23:58:58: PM2 warn: [pidusage] We couldn't find uptime from /proc/uptime, using os.uptime() value
2026-06-01T23:59:28: PM2 warn: [pidusage] We couldn't find uptime from /proc/uptime, using os.uptime() value
2026-06-01T23:59:58: PM2 warn: [pidusage] We couldn't find uptime from /proc/uptime, using os.uptime() value
2026-06-02T00:00:28: PM2 warn: [pidusage] We couldn't find uptime from /proc/uptime, using os.uptime() value
2026-06-02T00:00:58: PM2 warn: [pidusage] We couldn't find uptime from /proc/uptime, using os.uptime() value
2026-06-02T00:01:28: PM2 warn: [pidusage] We couldn't find uptime from /proc/uptime, using os.uptime() value
2026-06-02T00:01:58: PM2 warn: [pidusage] We couldn't find uptime from /proc/uptime, using os.uptime() value
2026-06-02T00:02:28: PM2 warn: [pidusage] We couldn't find uptime from /proc/uptime, using os.uptime() value
2026-06-02T00:02:58: PM2 warn: [pidusage] We couldn't find uptime from /proc/uptime, using os.uptime() value
2026-06-02T00:03:28: PM2 warn: [pidusage] We couldn't find uptime from /proc/uptime, using os.uptime() value
2026-06-02T00:03:58: PM2 warn: [pidusage] We couldn't find uptime from /proc/uptime, using os.uptime() value
2026-06-02T00:04:28: PM2 warn: [pidusage] We couldn't find uptime from /proc/uptime, using os.uptime() value
2026-06-02T00:04:58: PM2 warn: [pidusage] We couldn't find uptime from /proc/uptime, using os.uptime() value
2026-06-02T00:05:28: PM2 warn: [pidusage] We couldn't find uptime from /proc/uptime, using os.uptime() value
2026-06-02T00:05:58: PM2 warn: [pidusage] We couldn't find uptime from /proc/uptime, using os.uptime() value
2026-06-02T00:06:28: PM2 warn: [pidusage] We couldn't find uptime from /proc/uptime, using os.uptime() value
2026-06-02T00:06:58: PM2 warn: [pidusage] We couldn't find uptime from /proc/uptime, using os.uptime() value
2026-06-02T00:07:28: PM2 warn: [pidusage] We couldn't find uptime from /proc/uptime, using os.uptime() value
2026-06-02T00:07:58: PM2 warn: [pidusage] We couldn't find uptime from /proc/uptime, using os.uptime() value
2026-06-02T00:08:28: PM2 warn: [pidusage] We couldn't find uptime from /proc/uptime, using os.uptime() value
2026-06-02T00:08:58: PM2 warn: [pidusage] We couldn't find uptime from /proc/uptime, using os.uptime() value
2026-06-02T00:09:28: PM2 warn: [pidusage] We couldn't find uptime from /proc/uptime, using os.uptime() value
2026-06-02T00:09:58: PM2 warn: [pidusage] We couldn't find uptime from /proc/uptime, using os.uptime() value
2026-06-02T00:10:28: PM2 warn: [pidusage] We couldn't find uptime from /proc/uptime, using os.uptime() value
2026-06-02T00:10:58: PM2 warn: [pidusage] We couldn't find uptime from /proc/uptime, using os.uptime() value
2026-06-02T00:11:28: PM2 warn: [pidusage] We couldn't find uptime from /proc/uptime, using os.uptime() value
2026-06-02T00:11:58: PM2 warn: [pidusage] We couldn't find uptime from /proc/uptime, using os.uptime() value
2026-06-02T00:12:28: PM2 warn: [pidusage] We couldn't find uptime from /proc/uptime, using os.uptime() value
2026-06-02T00:12:59: PM2 warn: [pidusage] We couldn't find uptime from /proc/uptime, using os.uptime() value
2026-06-02T00:13:28: PM2 warn: [pidusage] We couldn't find uptime from /proc/uptime, using os.uptime() value
2026-06-02T00:13:59: PM2 warn: [pidusage] We couldn't find uptime from /proc/uptime, using os.uptime() value
2026-06-02T00:14:29: PM2 warn: [pidusage] We couldn't find uptime from /proc/uptime, using os.uptime() value
2026-06-02T00:14:59: PM2 warn: [pidusage] We couldn't find uptime from /proc/uptime, using os.uptime() value
2026-06-02T00:15:29: PM2 warn: [pidusage] We couldn't find uptime from /proc/uptime, using os.uptime() value
2026-06-02T00:15:59: PM2 warn: [pidusage] We couldn't find uptime from /proc/uptime, using os.uptime() value
2026-06-02T00:16:29: PM2 warn: [pidusage] We couldn't find uptime from /proc/uptime, using os.uptime() value
2026-06-02T00:16:59: PM2 warn: [pidusage] We couldn't find uptime from /proc/uptime, using os.uptime() value
2026-06-02T00:17:29: PM2 warn: [pidusage] We couldn't find uptime from /proc/uptime, using os.uptime() value
2026-06-02T00:17:59: PM2 warn: [pidusage] We couldn't find uptime from /proc/uptime, using os.uptime() value
2026-06-02T00:18:29: PM2 warn: [pidusage] We couldn't find uptime from /proc/uptime, using os.uptime() value
2026-06-02T00:18:59: PM2 warn: [pidusage] We couldn't find uptime from /proc/uptime, using os.uptime() value
2026-06-02T00:19:29: PM2 warn: [pidusage] We couldn't find uptime from /proc/uptime, using os.uptime() value
2026-06-02T00:19:59: PM2 warn: [pidusage] We couldn't find uptime from /proc/uptime, using os.uptime() value
2026-06-02T00:20:29: PM2 warn: [pidusage] We couldn't find uptime from /proc/uptime, using os.uptime() value
2026-06-02T00:20:59: PM2 warn: [pidusage] We couldn't find uptime from /proc/uptime, using os.uptime() value
2026-06-02T00:21:29: PM2 warn: [pidusage] We couldn't find uptime from /proc/uptime, using os.uptime() value
2026-06-02T00:21:59: PM2 warn: [pidusage] We couldn't find uptime from /proc/uptime, using os.uptime() value
2026-06-02T00:22:29: PM2 warn: [pidusage] We couldn't find uptime from /proc/uptime, using os.uptime() value
2026-06-02T00:22:59: PM2 warn: [pidusage] We couldn't find uptime from /proc/uptime, using os.uptime() value
2026-06-02T00:23:29: PM2 warn: [pidusage] We couldn't find uptime from /proc/uptime, using os.uptime() value
2026-06-02T00:23:59: PM2 warn: [pidusage] We couldn't find uptime from /proc/uptime, using os.uptime() value
2026-06-02T00:24:29: PM2 warn: [pidusage] We couldn't find uptime from /proc/uptime, using os.uptime() value
2026-06-02T00:24:59: PM2 warn: [pidusage] We couldn't find uptime from /proc/uptime, using os.uptime() value
2026-06-02T00:25:29: PM2 warn: [pidusage] We couldn't find uptime from /proc/uptime, using os.uptime() value
2026-06-02T00:25:59: PM2 warn: [pidusage] We couldn't find uptime from /proc/uptime, using os.uptime() value
2026-06-02T00:26:29: PM2 warn: [pidusage] We couldn't find uptime from /proc/uptime, using os.uptime() value
2026-06-02T00:26:59: PM2 warn: [pidusage] We couldn't find uptime from /proc/uptime, using os.uptime() value
2026-06-02T00:27:29: PM2 warn: [pidusage] We couldn't find uptime from /proc/uptime, using os.uptime() value
2026-06-02T00:27:59: PM2 warn: [pidusage] We couldn't find uptime from /proc/uptime, using os.uptime() value
2026-06-02T00:28:29: PM2 warn: [pidusage] We couldn't find uptime from /proc/uptime, using os.uptime() value
2026-06-02T00:28:59: PM2 warn: [pidusage] We couldn't find uptime from /proc/uptime, using os.uptime() value
2026-06-02T00:29:29: PM2 warn: [pidusage] We couldn't find uptime from /proc/uptime, using os.uptime() value
2026-06-02T00:29:59: PM2 warn: [pidusage] We couldn't find uptime from /proc/uptime, using os.uptime() value
2026-06-02T00:30:29: PM2 warn: [pidusage] We couldn't find uptime from /proc/uptime, using os.uptime() value
2026-06-02T00:30:59: PM2 warn: [pidusage] We couldn't find uptime from /proc/uptime, using os.uptime() value
2026-06-02T00:31:29: PM2 warn: [pidusage] We couldn't find uptime from /proc/uptime, using os.uptime() value
2026-06-02T00:31:59: PM2 warn: [pidusage] We couldn't find uptime from /proc/uptime, using os.uptime() value
2026-06-02T00:32:29: PM2 warn: [pidusage] We couldn't find uptime from /proc/uptime, using os.uptime() value
2026-06-02T00:32:59: PM2 warn: [pidusage] We couldn't find uptime from /proc/uptime, using os.uptime() value
2026-06-02T00:33:29: PM2 warn: [pidusage] We couldn't find uptime from /proc/uptime, using os.uptime() value
2026-06-02T00:33:59: PM2 warn: [pidusage] We couldn't find uptime from /proc/uptime, using os.uptime() value
2026-06-02T00:34:29: PM2 warn: [pidusage] We couldn't find uptime from /proc/uptime, using os.uptime() value
2026-06-02T00:34:59: PM2 warn: [pidusage] We couldn't find uptime from /proc/uptime, using os.uptime() value
2026-06-02T00:35:29: PM2 warn: [pidusage] We couldn't find uptime from /proc/uptime, using os.uptime() value
2026-06-02T00:35:59: PM2 warn: [pidusage] We couldn't find uptime from /proc/uptime, using os.uptime() value
2026-06-02T00:36:29: PM2 warn: [pidusage] We couldn't find uptime from /proc/uptime, using os.uptime() value
2026-06-02T00:36:59: PM2 warn: [pidusage] We couldn't find uptime from /proc/uptime, using os.uptime() value
2026-06-02T00:37:29: PM2 warn: [pidusage] We couldn't find uptime from /proc/uptime, using os.uptime() value
2026-06-02T00:37:59: PM2 warn: [pidusage] We couldn't find uptime from /proc/uptime, using os.uptime() value
2026-06-02T00:38:29: PM2 warn: [pidusage] We couldn't find uptime from /proc/uptime, using os.uptime() value
2026-06-02T00:38:59: PM2 warn: [pidusage] We couldn't find uptime from /proc/uptime, using os.uptime() value
2026-06-02T00:39:29: PM2 warn: [pidusage] We couldn't find uptime from /proc/uptime, using os.uptime() value
2026-06-02T00:39:59: PM2 warn: [pidusage] We couldn't find uptime from /proc/uptime, using os.uptime() value
2026-06-02T00:40:29: PM2 warn: [pidusage] We couldn't find uptime from /proc/uptime, using os.uptime() value
2026-06-02T00:40:59: PM2 warn: [pidusage] We couldn't find uptime from /proc/uptime, using os.uptime() value
2026-06-02T00:41:29: PM2 warn: [pidusage] We couldn't find uptime from /proc/uptime, using os.uptime() value
2026-06-02T00:41:59: PM2 warn: [pidusage] We couldn't find uptime from /proc/uptime, using os.uptime() value
2026-06-02T00:42:29: PM2 warn: [pidusage] We couldn't find uptime from /proc/uptime, using os.uptime() value
2026-06-02T00:42:59: PM2 warn: [pidusage] We couldn't find uptime from /proc/uptime, using os.uptime() value
2026-06-02T00:43:29: PM2 warn: [pidusage] We couldn't find uptime from /proc/uptime, using os.uptime() value
2026-06-02T00:43:59: PM2 warn: [pidusage] We couldn't find uptime from /proc/uptime, using os.uptime() value
2026-06-02T00:44:29: PM2 warn: [pidusage] We couldn't find uptime from /proc/uptime, using os.uptime() value
2026-06-02T00:44:59: PM2 warn: [pidusage] We couldn't find uptime from /proc/uptime, using os.uptime() value
2026-06-02T00:45:29: PM2 warn: [pidusage] We couldn't find uptime from /proc/uptime, using os.uptime() value
2026-06-02T00:45:59: PM2 warn: [pidusage] We couldn't find uptime from /proc/uptime, using os.uptime() value
2026-06-02T00:46:29: PM2 warn: [pidusage] We couldn't find uptime from /proc/uptime, using os.uptime() value
2026-06-02T00:46:59: PM2 warn: [pidusage] We couldn't find uptime from /proc/uptime, using os.uptime() value
2026-06-02T00:47:29: PM2 warn: [pidusage] We couldn't find uptime from /proc/uptime, using os.uptime() value
2026-06-02T00:47:59: PM2 warn: [pidusage] We couldn't find uptime from /proc/uptime, using os.uptime() value
2026-06-02T00:48:29: PM2 warn: [pidusage] We couldn't find uptime from /proc/uptime, using os.uptime() value
2026-06-02T00:48:59: PM2 warn: [pidusage] We couldn't find uptime from /proc/uptime, using os.uptime() value
2026-06-02T00:49:29: PM2 warn: [pidusage] We couldn't find uptime from /proc/uptime, using os.uptime() value
2026-06-02T00:49:59: PM2 warn: [pidusage] We couldn't find uptime from /proc/uptime, using os.uptime() value
2026-06-02T00:50:29: PM2 warn: [pidusage] We couldn't find uptime from /proc/uptime, using os.uptime() value
2026-06-02T00:50:59: PM2 warn: [pidusage] We couldn't find uptime from /proc/uptime, using os.uptime() value
2026-06-02T00:51:29: PM2 warn: [pidusage] We couldn't find uptime from /proc/uptime, using os.uptime() value
2026-06-02T00:51:59: PM2 warn: [pidusage] We couldn't find uptime from /proc/uptime, using os.uptime() value
2026-06-02T00:52:29: PM2 warn: [pidusage] We couldn't find uptime from /proc/uptime, using os.uptime() value
2026-06-02T00:52:59: PM2 warn: [pidusage] We couldn't find uptime from /proc/uptime, using os.uptime() value
2026-06-02T00:53:29: PM2 warn: [pidusage] We couldn't find uptime from /proc/uptime, using os.uptime() value
2026-06-02T00:53:59: PM2 warn: [pidusage] We couldn't find uptime from /proc/uptime, using os.uptime() value
2026-06-02T00:54:29: PM2 warn: [pidusage] We couldn't find uptime from /proc/uptime, using os.uptime() value
2026-06-02T00:54:59: PM2 warn: [pidusage] We couldn't find uptime from /proc/uptime, using os.uptime() value
2026-06-02T00:55:29: PM2 warn: [pidusage] We couldn't find uptime from /proc/uptime, using os.uptime() value
2026-06-02T00:55:59: PM2 warn: [pidusage] We couldn't find uptime from /proc/uptime, using os.uptime() value
2026-06-02T00:56:29: PM2 warn: [pidusage] We couldn't find uptime from /proc/uptime, using os.uptime() value
2026-06-02T00:56:59: PM2 warn: [pidusage] We couldn't find uptime from /proc/uptime, using os.uptime() value
2026-06-02T00:57:29: PM2 warn: [pidusage] We couldn't find uptime from /proc/uptime, using os.uptime() value
2026-06-02T00:57:59: PM2 warn: [pidusage] We couldn't find uptime from /proc/uptime, using os.uptime() value
2026-06-02T00:58:29: PM2 warn: [pidusage] We couldn't find uptime from /proc/uptime, using os.uptime() value
2026-06-02T00:58:59: PM2 warn: [pidusage] We couldn't find uptime from /proc/uptime, using os.uptime() value
2026-06-02T00:59:29: PM2 warn: [pidusage] We couldn't find uptime from /proc/uptime, using os.uptime() value
2026-06-02T00:59:59: PM2 warn: [pidusage] We couldn't find uptime from /proc/uptime, using os.uptime() value
2026-06-02T01:00:29: PM2 warn: [pidusage] We couldn't find uptime from /proc/uptime, using os.uptime() value
2026-06-02T01:00:59: PM2 warn: [pidusage] We couldn't find uptime from /proc/uptime, using os.uptime() value
2026-06-02T01:01:29: PM2 warn: [pidusage] We couldn't find uptime from /proc/uptime, using os.uptime() value
2026-06-02T01:01:59: PM2 warn: [pidusage] We couldn't find uptime from /proc/uptime, using os.uptime() value
2026-06-02T01:02:29: PM2 warn: [pidusage] We couldn't find uptime from /proc/uptime, using os.uptime() value
2026-06-02T01:02:59: PM2 warn: [pidusage] We couldn't find uptime from /proc/uptime, using os.uptime() value
2026-06-02T01:03:29: PM2 warn: [pidusage] We couldn't find uptime from /proc/uptime, using os.uptime() value
2026-06-02T01:03:59: PM2 warn: [pidusage] We couldn't find uptime from /proc/uptime, using os.uptime() value
2026-06-02T01:04:29: PM2 warn: [pidusage] We couldn't find uptime from /proc/uptime, using os.uptime() value
2026-06-02T01:04:59: PM2 warn: [pidusage] We couldn't find uptime from /proc/uptime, using os.uptime() value
2026-06-02T01:05:29: PM2 warn: [pidusage] We couldn't find uptime from /proc/uptime, using os.uptime() value
2026-06-02T01:05:59: PM2 warn: [pidusage] We couldn't find uptime from /proc/uptime, using os.uptime() value
2026-06-02T01:06:29: PM2 warn: [pidusage] We couldn't find uptime from /proc/uptime, using os.uptime() value
2026-06-02T01:06:59: PM2 warn: [pidusage] We couldn't find uptime from /proc/uptime, using os.uptime() value
2026-06-02T01:07:29: PM2 warn: [pidusage] We couldn't find uptime from /proc/uptime, using os.uptime() value
2026-06-02T01:07:59: PM2 warn: [pidusage] We couldn't find uptime from /proc/uptime, using os.uptime() value
2026-06-02T01:08:29: PM2 warn: [pidusage] We couldn't find uptime from /proc/uptime, using os.uptime() value
2026-06-02T01:08:59: PM2 warn: [pidusage] We couldn't find uptime from /proc/uptime, using os.uptime() value
2026-06-02T01:09:29: PM2 warn: [pidusage] We couldn't find uptime from /proc/uptime, using os.uptime() value
2026-06-02T01:09:59: PM2 warn: [pidusage] We couldn't find uptime from /proc/uptime, using os.uptime() value
2026-06-02T01:10:29: PM2 warn: [pidusage] We couldn't find uptime from /proc/uptime, using os.uptime() value
2026-06-02T01:10:59: PM2 warn: [pidusage] We couldn't find uptime from /proc/uptime, using os.uptime() value
2026-06-02T01:11:29: PM2 warn: [pidusage] We couldn't find uptime from /proc/uptime, using os.uptime() value
2026-06-02T01:11:59: PM2 warn: [pidusage] We couldn't find uptime from /proc/uptime, using os.uptime() value
2026-06-02T01:12:29: PM2 warn: [pidusage] We couldn't find uptime from /proc/uptime, using os.uptime() value
2026-06-02T01:12:59: PM2 warn: [pidusage] We couldn't find uptime from /proc/uptime, using os.uptime() value
2026-06-02T01:13:29: PM2 warn: [pidusage] We couldn't find uptime from /proc/uptime, using os.uptime() value
2026-06-02T01:13:59: PM2 warn: [pidusage] We couldn't find uptime from /proc/uptime, using os.uptime() value
2026-06-02T01:14:29: PM2 warn: [pidusage] We couldn't find uptime from /proc/uptime, using os.uptime() value
2026-06-02T01:14:59: PM2 warn: [pidusage] We couldn't find uptime from /proc/uptime, using os.uptime() value
2026-06-02T01:15:29: PM2 warn: [pidusage] We couldn't find uptime from /proc/uptime, using os.uptime() value
2026-06-02T01:15:59: PM2 warn: [pidusage] We couldn't find uptime from /proc/uptime, using os.uptime() value
2026-06-02T01:16:29: PM2 warn: [pidusage] We couldn't find uptime from /proc/uptime, using os.uptime() value
2026-06-02T01:16:59: PM2 warn: [pidusage] We couldn't find uptime from /proc/uptime, using os.uptime() value
2026-06-02T01:17:29: PM2 warn: [pidusage] We couldn't find uptime from /proc/uptime, using os.uptime() value
2026-06-02T01:17:59: PM2 warn: [pidusage] We couldn't find uptime from /proc/uptime, using os.uptime() value
2026-06-02T01:18:29: PM2 warn: [pidusage] We couldn't find uptime from /proc/uptime, using os.uptime() value
2026-06-02T01:18:59: PM2 warn: [pidusage] We couldn't find uptime from /proc/uptime, using os.uptime() value
2026-06-02T01:19:29: PM2 warn: [pidusage] We couldn't find uptime from /proc/uptime, using os.uptime() value
2026-06-02T01:19:59: PM2 warn: [pidusage] We couldn't find uptime from /proc/uptime, using os.uptime() value
2026-06-02T01:20:29: PM2 warn: [pidusage] We couldn't find uptime from /proc/uptime, using os.uptime() value
2026-06-02T01:20:59: PM2 warn: [pidusage] We couldn't find uptime from /proc/uptime, using os.uptime() value
2026-06-02T01:21:29: PM2 warn: [pidusage] We couldn't find uptime from /proc/uptime, using os.uptime() value
2026-06-02T01:21:59: PM2 warn: [pidusage] We couldn't find uptime from /proc/uptime, using os.uptime() value
2026-06-02T01:22:29: PM2 warn: [pidusage] We couldn't find uptime from /proc/uptime, using os.uptime() value
2026-06-02T01:22:59: PM2 warn: [pidusage] We couldn't find uptime from /proc/uptime, using os.uptime() value
2026-06-02T01:23:29: PM2 warn: [pidusage] We couldn't find uptime from /proc/uptime, using os.uptime() value
2026-06-02T01:23:59: PM2 warn: [pidusage] We couldn't find uptime from /proc/uptime, using os.uptime() value
2026-06-02T01:24:29: PM2 warn: [pidusage] We couldn't find uptime from /proc/uptime, using os.uptime() value
2026-06-02T01:24:59: PM2 warn: [pidusage] We couldn't find uptime from /proc/uptime, using os.uptime() value
2026-06-02T01:25:29: PM2 warn: [pidusage] We couldn't find uptime from /proc/uptime, using os.uptime() value
2026-06-02T01:25:59: PM2 warn: [pidusage] We couldn't find uptime from /proc/uptime, using os.uptime() value
2026-06-02T01:26:29: PM2 warn: [pidusage] We couldn't find uptime from /proc/uptime, using os.uptime() value
2026-06-02T01:26:59: PM2 warn: [pidusage] We couldn't find uptime from /proc/uptime, using os.uptime() value
2026-06-02T01:27:29: PM2 warn: [pidusage] We couldn't find uptime from /proc/uptime, using os.uptime() value
2026-06-02T01:27:59: PM2 warn: [pidusage] We couldn't find uptime from /proc/uptime, using os.uptime() value
2026-06-02T01:28:29: PM2 warn: [pidusage] We couldn't find uptime from /proc/uptime, using os.uptime() value
2026-06-02T01:28:59: PM2 warn: [pidusage] We couldn't find uptime from /proc/uptime, using os.uptime() value
2026-06-02T01:29:29: PM2 warn: [pidusage] We couldn't find uptime from /proc/uptime, using os.uptime() value
2026-06-02T01:29:59: PM2 warn: [pidusage] We couldn't find uptime from /proc/uptime, using os.uptime() value
2026-06-02T01:30:29: PM2 warn: [pidusage] We couldn't find uptime from /proc/uptime, using os.uptime() value
2026-06-02T01:30:59: PM2 warn: [pidusage] We couldn't find uptime from /proc/uptime, using os.uptime() value
2026-06-02T01:31:29: PM2 warn: [pidusage] We couldn't find uptime from /proc/uptime, using os.uptime() value
2026-06-02T01:31:59: PM2 warn: [pidusage] We couldn't find uptime from /proc/uptime, using os.uptime() value
2026-06-02T01:32:29: PM2 warn: [pidusage] We couldn't find uptime from /proc/uptime, using os.uptime() value
2026-06-02T01:32:59: PM2 warn: [pidusage] We couldn't find uptime from /proc/uptime, using os.uptime() value
2026-06-02T01:33:29: PM2 warn: [pidusage] We couldn't find uptime from /proc/uptime, using os.uptime() value
2026-06-02T01:33:59: PM2 warn: [pidusage] We couldn't find uptime from /proc/uptime, using os.uptime() value
2026-06-02T01:34:29: PM2 warn: [pidusage] We couldn't find uptime from /proc/uptime, using os.uptime() value
2026-06-02T01:34:59: PM2 warn: [pidusage] We couldn't find uptime from /proc/uptime, using os.uptime() value
2026-06-02T01:35:29: PM2 warn: [pidusage] We couldn't find uptime from /proc/uptime, using os.uptime() value
2026-06-02T01:35:59: PM2 warn: [pidusage] We couldn't find uptime from /proc/uptime, using os.uptime() value
2026-06-02T01:36:29: PM2 warn: [pidusage] We couldn't find uptime from /proc/uptime, using os.uptime() value
2026-06-02T01:36:59: PM2 warn: [pidusage] We couldn't find uptime from /proc/uptime, using os.uptime() value
2026-06-02T01:37:29: PM2 warn: [pidusage] We couldn't find uptime from /proc/uptime, using os.uptime() value
2026-06-02T01:37:59: PM2 warn: [pidusage] We couldn't find uptime from /proc/uptime, using os.uptime() value
2026-06-02T01:38:29: PM2 warn: [pidusage] We couldn't find uptime from /proc/uptime, using os.uptime() value
2026-06-02T01:38:59: PM2 warn: [pidusage] We couldn't find uptime from /proc/uptime, using os.uptime() value
2026-06-02T01:39:29: PM2 warn: [pidusage] We couldn't find uptime from /proc/uptime, using os.uptime() value
2026-06-02T01:39:59: PM2 warn: [pidusage] We couldn't find uptime from /proc/uptime, using os.uptime() value
2026-06-02T01:40:29: PM2 warn: [pidusage] We couldn't find uptime from /proc/uptime, using os.uptime() value
2026-06-02T01:40:59: PM2 warn: [pidusage] We couldn't find uptime from /proc/uptime, using os.uptime() value
2026-06-02T01:41:29: PM2 warn: [pidusage] We couldn't find uptime from /proc/uptime, using os.uptime() value
2026-06-02T01:41:59: PM2 warn: [pidusage] We couldn't find uptime from /proc/uptime, using os.uptime() value
2026-06-02T01:42:29: PM2 warn: [pidusage] We couldn't find uptime from /proc/uptime, using os.uptime() value
2026-06-02T01:42:59: PM2 warn: [pidusage] We couldn't find uptime from /proc/uptime, using os.uptime() value
2026-06-02T01:43:29: PM2 warn: [pidusage] We couldn't find uptime from /proc/uptime, using os.uptime() value
2026-06-02T01:43:59: PM2 warn: [pidusage] We couldn't find uptime from /proc/uptime, using os.uptime() value
2026-06-02T01:44:29: PM2 warn: [pidusage] We couldn't find uptime from /proc/uptime, using os.uptime() value
2026-06-02T01:44:59: PM2 warn: [pidusage] We couldn't find uptime from /proc/uptime, using os.uptime() value
2026-06-02T01:45:29: PM2 warn: [pidusage] We couldn't find uptime from /proc/uptime, using os.uptime() value
2026-06-02T01:45:59: PM2 warn: [pidusage] We couldn't find uptime from /proc/uptime, using os.uptime() value
2026-06-02T01:46:29: PM2 warn: [pidusage] We couldn't find uptime from /proc/uptime, using os.uptime() value
2026-06-02T01:46:59: PM2 warn: [pidusage] We couldn't find uptime from /proc/uptime, using os.uptime() value
2026-06-02T01:47:29: PM2 warn: [pidusage] We couldn't find uptime from /proc/uptime, using os.uptime() value
2026-06-02T01:47:59: PM2 warn: [pidusage] We couldn't find uptime from /proc/uptime, using os.uptime() value
2026-06-02T01:48:29: PM2 warn: [pidusage] We couldn't find uptime from /proc/uptime, using os.uptime() value
2026-06-02T01:48:59: PM2 warn: [pidusage] We couldn't find uptime from /proc/uptime, using os.uptime() value
2026-06-02T01:49:29: PM2 warn: [pidusage] We couldn't find uptime from /proc/uptime, using os.uptime() value
2026-06-02T01:49:59: PM2 warn: [pidusage] We couldn't find uptime from /proc/uptime, using os.uptime() value
2026-06-02T01:50:29: PM2 warn: [pidusage] We couldn't find uptime from /proc/uptime, using os.uptime() value
2026-06-02T01:50:59: PM2 warn: [pidusage] We couldn't find uptime from /proc/uptime, using os.uptime() value
2026-06-02T01:51:29: PM2 warn: [pidusage] We couldn't find uptime from /proc/uptime, using os.uptime() value
2026-06-02T01:51:59: PM2 warn: [pidusage] We couldn't find uptime from /proc/uptime, using os.uptime() value
2026-06-02T01:52:29: PM2 warn: [pidusage] We couldn't find uptime from /proc/uptime, using os.uptime() value
2026-06-02T01:52:59: PM2 warn: [pidusage] We couldn't find uptime from /proc/uptime, using os.uptime() value
2026-06-02T01:53:29: PM2 warn: [pidusage] We couldn't find uptime from /proc/uptime, using os.uptime() value
2026-06-02T01:53:59: PM2 warn: [pidusage] We couldn't find uptime from /proc/uptime, using os.uptime() value
2026-06-02T01:54:29: PM2 warn: [pidusage] We couldn't find uptime from /proc/uptime, using os.uptime() value
2026-06-02T01:54:59: PM2 warn: [pidusage] We couldn't find uptime from /proc/uptime, using os.uptime() value
2026-06-02T01:55:29: PM2 warn: [pidusage] We couldn't find uptime from /proc/uptime, using os.uptime() value
2026-06-02T01:55:59: PM2 warn: [pidusage] We couldn't find uptime from /proc/uptime, using os.uptime() value
2026-06-02T01:56:29: PM2 warn: [pidusage] We couldn't find uptime from /proc/uptime, using os.uptime() value
2026-06-02T01:56:59: PM2 warn: [pidusage] We couldn't find uptime from /proc/uptime, using os.uptime() value
2026-06-02T01:57:29: PM2 warn: [pidusage] We couldn't find uptime from /proc/uptime, using os.uptime() value
2026-06-02T01:57:59: PM2 warn: [pidusage] We couldn't find uptime from /proc/uptime, using os.uptime() value
2026-06-02T01:58:29: PM2 warn: [pidusage] We couldn't find uptime from /proc/uptime, using os.uptime() value
2026-06-02T01:58:59: PM2 warn: [pidusage] We couldn't find uptime from /proc/uptime, using os.uptime() value
2026-06-02T01:59:29: PM2 warn: [pidusage] We couldn't find uptime from /proc/uptime, using os.uptime() value
2026-06-02T01:59:59: PM2 warn: [pidusage] We couldn't find uptime from /proc/uptime, using os.uptime() value
2026-06-02T02:00:29: PM2 warn: [pidusage] We couldn't find uptime from /proc/uptime, using os.uptime() value
2026-06-02T02:00:59: PM2 warn: [pidusage] We couldn't find uptime from /proc/uptime, using os.uptime() value
2026-06-02T02:01:29: PM2 warn: [pidusage] We couldn't find uptime from /proc/uptime, using os.uptime() value
2026-06-02T02:01:59: PM2 warn: [pidusage] We couldn't find uptime from /proc/uptime, using os.uptime() value
2026-06-02T02:02:29: PM2 warn: [pidusage] We couldn't find uptime from /proc/uptime, using os.uptime() value
2026-06-02T02:02:59: PM2 warn: [pidusage] We couldn't find uptime from /proc/uptime, using os.uptime() value
2026-06-02T02:03:29: PM2 warn: [pidusage] We couldn't find uptime from /proc/uptime, using os.uptime() value
2026-06-02T02:03:59: PM2 warn: [pidusage] We couldn't find uptime from /proc/uptime, using os.uptime() value
2026-06-02T02:04:29: PM2 warn: [pidusage] We couldn't find uptime from /proc/uptime, using os.uptime() value
2026-06-02T02:04:59: PM2 warn: [pidusage] We couldn't find uptime from /proc/uptime, using os.uptime() value
2026-06-02T02:05:29: PM2 warn: [pidusage] We couldn't find uptime from /proc/uptime, using os.uptime() value
2026-06-02T02:05:59: PM2 warn: [pidusage] We couldn't find uptime from /proc/uptime, using os.uptime() value
2026-06-02T02:06:29: PM2 warn: [pidusage] We couldn't find uptime from /proc/uptime, using os.uptime() value
2026-06-02T02:06:59: PM2 warn: [pidusage] We couldn't find uptime from /proc/uptime, using os.uptime() value
2026-06-02T02:07:29: PM2 warn: [pidusage] We couldn't find uptime from /proc/uptime, using os.uptime() value
2026-06-02T02:07:59: PM2 warn: [pidusage] We couldn't find uptime from /proc/uptime, using os.uptime() value
2026-06-02T02:08:29: PM2 warn: [pidusage] We couldn't find uptime from /proc/uptime, using os.uptime() value
2026-06-02T02:08:59: PM2 warn: [pidusage] We couldn't find uptime from /proc/uptime, using os.uptime() value
2026-06-02T02:09:29: PM2 warn: [pidusage] We couldn't find uptime from /proc/uptime, using os.uptime() value
2026-06-02T02:09:59: PM2 warn: [pidusage] We couldn't find uptime from /proc/uptime, using os.uptime() value
2026-06-02T02:10:29: PM2 warn: [pidusage] We couldn't find uptime from /proc/uptime, using os.uptime() value
2026-06-02T02:10:59: PM2 warn: [pidusage] We couldn't find uptime from /proc/uptime, using os.uptime() value
2026-06-02T02:11:29: PM2 warn: [pidusage] We couldn't find uptime from /proc/uptime, using os.uptime() value
2026-06-02T02:11:59: PM2 warn: [pidusage] We couldn't find uptime from /proc/uptime, using os.uptime() value
2026-06-02T02:12:29: PM2 warn: [pidusage] We couldn't find uptime from /proc/uptime, using os.uptime() value
2026-06-02T02:12:59: PM2 warn: [pidusage] We couldn't find uptime from /proc/uptime, using os.uptime() value
2026-06-02T02:13:29: PM2 warn: [pidusage] We couldn't find uptime from /proc/uptime, using os.uptime() value
2026-06-02T02:13:59: PM2 warn: [pidusage] We couldn't find uptime from /proc/uptime, using os.uptime() value
2026-06-02T02:14:29: PM2 warn: [pidusage] We couldn't find uptime from /proc/uptime, using os.uptime() value
2026-06-02T02:14:59: PM2 warn: [pidusage] We couldn't find uptime from /proc/uptime, using os.uptime() value
2026-06-02T02:15:29: PM2 warn: [pidusage] We couldn't find uptime from /proc/uptime, using os.uptime() value
2026-06-02T02:15:59: PM2 warn: [pidusage] We couldn't find uptime from /proc/uptime, using os.uptime() value
2026-06-02T02:16:29: PM2 warn: [pidusage] We couldn't find uptime from /proc/uptime, using os.uptime() value
2026-06-02T02:16:59: PM2 warn: [pidusage] We couldn't find uptime from /proc/uptime, using os.uptime() value
2026-06-02T02:17:29: PM2 warn: [pidusage] We couldn't find uptime from /proc/uptime, using os.uptime() value
2026-06-02T02:17:59: PM2 warn: [pidusage] We couldn't find uptime from /proc/uptime, using os.uptime() value
2026-06-02T02:18:29: PM2 warn: [pidusage] We couldn't find uptime from /proc/uptime, using os.uptime() value
2026-06-02T02:18:59: PM2 warn: [pidusage] We couldn't find uptime from /proc/uptime, using os.uptime() value
2026-06-02T02:19:29: PM2 warn: [pidusage] We couldn't find uptime from /proc/uptime, using os.uptime() value
2026-06-02T02:19:59: PM2 warn: [pidusage] We couldn't find uptime from /proc/uptime, using os.uptime() value
2026-06-02T02:20:29: PM2 warn: [pidusage] We couldn't find uptime from /proc/uptime, using os.uptime() value
2026-06-02T02:20:59: PM2 warn: [pidusage] We couldn't find uptime from /proc/uptime, using os.uptime() value
2026-06-02T02:21:29: PM2 warn: [pidusage] We couldn't find uptime from /proc/uptime, using os.uptime() value
2026-06-02T02:21:59: PM2 warn: [pidusage] We couldn't find uptime from /proc/uptime, using os.uptime() value
2026-06-02T02:22:29: PM2 warn: [pidusage] We couldn't find uptime from /proc/uptime, using os.uptime() value
2026-06-02T02:22:59: PM2 warn: [pidusage] We couldn't find uptime from /proc/uptime, using os.uptime() value
2026-06-02T02:23:29: PM2 warn: [pidusage] We couldn't find uptime from /proc/uptime, using os.uptime() value
2026-06-02T02:23:59: PM2 warn: [pidusage] We couldn't find uptime from /proc/uptime, using os.uptime() value
2026-06-02T02:24:29: PM2 warn: [pidusage] We couldn't find uptime from /proc/uptime, using os.uptime() value
2026-06-02T02:24:59: PM2 warn: [pidusage] We couldn't find uptime from /proc/uptime, using os.uptime() value
2026-06-02T02:25:29: PM2 warn: [pidusage] We couldn't find uptime from /proc/uptime, using os.uptime() value
2026-06-02T02:25:59: PM2 warn: [pidusage] We couldn't find uptime from /proc/uptime, using os.uptime() value
2026-06-02T02:26:29: PM2 warn: [pidusage] We couldn't find uptime from /proc/uptime, using os.uptime() value
2026-06-02T02:26:59: PM2 warn: [pidusage] We couldn't find uptime from /proc/uptime, using os.uptime() value
2026-06-02T02:27:29: PM2 warn: [pidusage] We couldn't find uptime from /proc/uptime, using os.uptime() value
2026-06-02T02:27:59: PM2 warn: [pidusage] We couldn't find uptime from /proc/uptime, using os.uptime() value
2026-06-02T02:28:29: PM2 warn: [pidusage] We couldn't find uptime from /proc/uptime, using os.uptime() value
2026-06-02T02:28:59: PM2 warn: [pidusage] We couldn't find uptime from /proc/uptime, using os.uptime() value
2026-06-02T02:29:29: PM2 warn: [pidusage] We couldn't find uptime from /proc/uptime, using os.uptime() value
2026-06-02T02:29:59: PM2 warn: [pidusage] We couldn't find uptime from /proc/uptime, using os.uptime() value
2026-06-02T02:30:29: PM2 warn: [pidusage] We couldn't find uptime from /proc/uptime, using os.uptime() value
2026-06-02T02:30:59: PM2 warn: [pidusage] We couldn't find uptime from /proc/uptime, using os.uptime() value
2026-06-02T02:31:29: PM2 warn: [pidusage] We couldn't find uptime from /proc/uptime, using os.uptime() value
2026-06-02T02:31:59: PM2 warn: [pidusage] We couldn't find uptime from /proc/uptime, using os.uptime() value
2026-06-02T02:32:29: PM2 warn: [pidusage] We couldn't find uptime from /proc/uptime, using os.uptime() value
2026-06-02T02:32:59: PM2 warn: [pidusage] We couldn't find uptime from /proc/uptime, using os.uptime() value
2026-06-02T02:33:29: PM2 warn: [pidusage] We couldn't find uptime from /proc/uptime, using os.uptime() value
2026-06-02T02:33:59: PM2 warn: [pidusage] We couldn't find uptime from /proc/uptime, using os.uptime() value
2026-06-02T02:34:29: PM2 warn: [pidusage] We couldn't find uptime from /proc/uptime, using os.uptime() value
2026-06-02T02:34:59: PM2 warn: [pidusage] We couldn't find uptime from /proc/uptime, using os.uptime() value
2026-06-02T02:35:29: PM2 warn: [pidusage] We couldn't find uptime from /proc/uptime, using os.uptime() value
2026-06-02T02:35:59: PM2 warn: [pidusage] We couldn't find uptime from /proc/uptime, using os.uptime() value
2026-06-02T02:36:29: PM2 warn: [pidusage] We couldn't find uptime from /proc/uptime, using os.uptime() value
2026-06-02T02:36:59: PM2 warn: [pidusage] We couldn't find uptime from /proc/uptime, using os.uptime() value
2026-06-02T02:37:29: PM2 warn: [pidusage] We couldn't find uptime from /proc/uptime, using os.uptime() value
2026-06-02T02:37:59: PM2 warn: [pidusage] We couldn't find uptime from /proc/uptime, using os.uptime() value
2026-06-02T02:38:29: PM2 warn: [pidusage] We couldn't find uptime from /proc/uptime, using os.uptime() value
2026-06-02T02:38:59: PM2 warn: [pidusage] We couldn't find uptime from /proc/uptime, using os.uptime() value
2026-06-02T02:39:29: PM2 warn: [pidusage] We couldn't find uptime from /proc/uptime, using os.uptime() value
2026-06-02T02:39:59: PM2 warn: [pidusage] We couldn't find uptime from /proc/uptime, using os.uptime() value
2026-06-02T02:40:29: PM2 warn: [pidusage] We couldn't find uptime from /proc/uptime, using os.uptime() value
2026-06-02T02:40:59: PM2 warn: [pidusage] We couldn't find uptime from /proc/uptime, using os.uptime() value
2026-06-02T02:41:29: PM2 warn: [pidusage] We couldn't find uptime from /proc/uptime, using os.uptime() value
2026-06-02T02:41:59: PM2 warn: [pidusage] We couldn't find uptime from /proc/uptime, using os.uptime() value
2026-06-02T02:42:29: PM2 warn: [pidusage] We couldn't find uptime from /proc/uptime, using os.uptime() value
2026-06-02T02:42:59: PM2 warn: [pidusage] We couldn't find uptime from /proc/uptime, using os.uptime() value
2026-06-02T02:43:29: PM2 warn: [pidusage] We couldn't find uptime from /proc/uptime, using os.uptime() value
2026-06-02T02:43:59: PM2 warn: [pidusage] We couldn't find uptime from /proc/uptime, using os.uptime() value
2026-06-02T02:44:29: PM2 warn: [pidusage] We couldn't find uptime from /proc/uptime, using os.uptime() value
2026-06-02T02:44:59: PM2 warn: [pidusage] We couldn't find uptime from /proc/uptime, using os.uptime() value
2026-06-02T02:45:29: PM2 warn: [pidusage] We couldn't find uptime from /proc/uptime, using os.uptime() value
2026-06-02T02:45:59: PM2 warn: [pidusage] We couldn't find uptime from /proc/uptime, using os.uptime() value
2026-06-02T02:46:29: PM2 warn: [pidusage] We couldn't find uptime from /proc/uptime, using os.uptime() value
2026-06-02T02:46:59: PM2 warn: [pidusage] We couldn't find uptime from /proc/uptime, using os.uptime() value
2026-06-02T02:47:29: PM2 warn: [pidusage] We couldn't find uptime from /proc/uptime, using os.uptime() value
2026-06-02T02:47:59: PM2 warn: [pidusage] We couldn't find uptime from /proc/uptime, using os.uptime() value
2026-06-02T02:48:29: PM2 warn: [pidusage] We couldn't find uptime from /proc/uptime, using os.uptime() value
2026-06-02T02:48:59: PM2 warn: [pidusage] We couldn't find uptime from /proc/uptime, using os.uptime() value
2026-06-02T02:49:29: PM2 warn: [pidusage] We couldn't find uptime from /proc/uptime, using os.uptime() value
2026-06-02T02:49:59: PM2 warn: [pidusage] We couldn't find uptime from /proc/uptime, using os.uptime() value
2026-06-02T02:50:29: PM2 warn: [pidusage] We couldn't find uptime from /proc/uptime, using os.uptime() value
2026-06-02T02:50:59: PM2 warn: [pidusage] We couldn't find uptime from /proc/uptime, using os.uptime() value
2026-06-02T02:51:29: PM2 warn: [pidusage] We couldn't find uptime from /proc/uptime, using os.uptime() value
2026-06-02T02:51:59: PM2 warn: [pidusage] We couldn't find uptime from /proc/uptime, using os.uptime() value
2026-06-02T02:52:29: PM2 warn: [pidusage] We couldn't find uptime from /proc/uptime, using os.uptime() value
2026-06-02T02:52:59: PM2 warn: [pidusage] We couldn't find uptime from /proc/uptime, using os.uptime() value
2026-06-02T02:53:29: PM2 warn: [pidusage] We couldn't find uptime from /proc/uptime, using os.uptime() value
2026-06-02T02:53:59: PM2 warn: [pidusage] We couldn't find uptime from /proc/uptime, using os.uptime() value
2026-06-02T02:54:29: PM2 warn: [pidusage] We couldn't find uptime from /proc/uptime, using os.uptime() value
2026-06-02T02:54:59: PM2 warn: [pidusage] We couldn't find uptime from /proc/uptime, using os.uptime() value
2026-06-02T02:55:29: PM2 warn: [pidusage] We couldn't find uptime from /proc/uptime, using os.uptime() value
2026-06-02T02:55:59: PM2 warn: [pidusage] We couldn't find uptime from /proc/uptime, using os.uptime() value
2026-06-02T02:56:29: PM2 warn: [pidusage] We couldn't find uptime from /proc/uptime, using os.uptime() value
2026-06-02T02:56:59: PM2 warn: [pidusage] We couldn't find uptime from /proc/uptime, using os.uptime() value
2026-06-02T02:57:29: PM2 warn: [pidusage] We couldn't find uptime from /proc/uptime, using os.uptime() value
2026-06-02T02:57:59: PM2 warn: [pidusage] We couldn't find uptime from /proc/uptime, using os.uptime() value
2026-06-02T02:58:29: PM2 warn: [pidusage] We couldn't find uptime from /proc/uptime, using os.uptime() value
2026-06-02T02:58:59: PM2 warn: [pidusage] We couldn't find uptime from /proc/uptime, using os.uptime() value
2026-06-02T02:59:29: PM2 warn: [pidusage] We couldn't find uptime from /proc/uptime, using os.uptime() value
2026-06-02T02:59:59: PM2 warn: [pidusage] We couldn't find uptime from /proc/uptime, using os.uptime() value
2026-06-02T03:00:29: PM2 warn: [pidusage] We couldn't find uptime from /proc/uptime, using os.uptime() value
2026-06-02T03:00:59: PM2 warn: [pidusage] We couldn't find uptime from /proc/uptime, using os.uptime() value
2026-06-02T03:01:29: PM2 warn: [pidusage] We couldn't find uptime from /proc/uptime, using os.uptime() value
2026-06-02T03:01:59: PM2 warn: [pidusage] We couldn't find uptime from /proc/uptime, using os.uptime() value
2026-06-02T03:02:29: PM2 warn: [pidusage] We couldn't find uptime from /proc/uptime, using os.uptime() value
2026-06-02T03:02:59: PM2 warn: [pidusage] We couldn't find uptime from /proc/uptime, using os.uptime() value
2026-06-02T03:03:29: PM2 warn: [pidusage] We couldn't find uptime from /proc/uptime, using os.uptime() value
2026-06-02T03:03:59: PM2 warn: [pidusage] We couldn't find uptime from /proc/uptime, using os.uptime() value
2026-06-02T03:04:29: PM2 warn: [pidusage] We couldn't find uptime from /proc/uptime, using os.uptime() value
2026-06-02T03:04:59: PM2 warn: [pidusage] We couldn't find uptime from /proc/uptime, using os.uptime() value
2026-06-02T03:05:29: PM2 warn: [pidusage] We couldn't find uptime from /proc/uptime, using os.uptime() value
2026-06-02T03:05:59: PM2 warn: [pidusage] We couldn't find uptime from /proc/uptime, using os.uptime() value
2026-06-02T03:06:29: PM2 warn: [pidusage] We couldn't find uptime from /proc/uptime, using os.uptime() value
2026-06-02T03:06:59: PM2 warn: [pidusage] We couldn't find uptime from /proc/uptime, using os.uptime() value
2026-06-02T03:07:29: PM2 warn: [pidusage] We couldn't find uptime from /proc/uptime, using os.uptime() value
2026-06-02T03:07:59: PM2 warn: [pidusage] We couldn't find uptime from /proc/uptime, using os.uptime() value
2026-06-02T03:08:29: PM2 warn: [pidusage] We couldn't find uptime from /proc/uptime, using os.uptime() value
2026-06-02T03:08:59: PM2 warn: [pidusage] We couldn't find uptime from /proc/uptime, using os.uptime() value
2026-06-02T03:09:29: PM2 warn: [pidusage] We couldn't find uptime from /proc/uptime, using os.uptime() value
2026-06-02T03:09:59: PM2 warn: [pidusage] We couldn't find uptime from /proc/uptime, using os.uptime() value
2026-06-02T03:10:29: PM2 warn: [pidusage] We couldn't find uptime from /proc/uptime, using os.uptime() value
2026-06-02T03:10:59: PM2 warn: [pidusage] We couldn't find uptime from /proc/uptime, using os.uptime() value
2026-06-02T03:11:29: PM2 warn: [pidusage] We couldn't find uptime from /proc/uptime, using os.uptime() value
2026-06-02T03:11:59: PM2 warn: [pidusage] We couldn't find uptime from /proc/uptime, using os.uptime() value
2026-06-02T03:12:29: PM2 warn: [pidusage] We couldn't find uptime from /proc/uptime, using os.uptime() value
2026-06-02T03:12:59: PM2 warn: [pidusage] We couldn't find uptime from /proc/uptime, using os.uptime() value
2026-06-02T03:13:29: PM2 warn: [pidusage] We couldn't find uptime from /proc/uptime, using os.uptime() value
2026-06-02T03:13:59: PM2 warn: [pidusage] We couldn't find uptime from /proc/uptime, using os.uptime() value
2026-06-02T03:14:29: PM2 warn: [pidusage] We couldn't find uptime from /proc/uptime, using os.uptime() value
2026-06-02T03:14:59: PM2 warn: [pidusage] We couldn't find uptime from /proc/uptime, using os.uptime() value
2026-06-02T03:15:29: PM2 warn: [pidusage] We couldn't find uptime from /proc/uptime, using os.uptime() value
2026-06-02T03:15:59: PM2 warn: [pidusage] We couldn't find uptime from /proc/uptime, using os.uptime() value
2026-06-02T03:16:29: PM2 warn: [pidusage] We couldn't find uptime from /proc/uptime, using os.uptime() value
2026-06-02T03:16:59: PM2 warn: [pidusage] We couldn't find uptime from /proc/uptime, using os.uptime() value
2026-06-02T03:17:29: PM2 warn: [pidusage] We couldn't find uptime from /proc/uptime, using os.uptime() value
2026-06-02T03:17:59: PM2 warn: [pidusage] We couldn't find uptime from /proc/uptime, using os.uptime() value
2026-06-02T03:18:29: PM2 warn: [pidusage] We couldn't find uptime from /proc/uptime, using os.uptime() value
2026-06-02T03:18:59: PM2 warn: [pidusage] We couldn't find uptime from /proc/uptime, using os.uptime() value
2026-06-02T03:19:29: PM2 warn: [pidusage] We couldn't find uptime from /proc/uptime, using os.uptime() value
2026-06-02T03:19:59: PM2 warn: [pidusage] We couldn't find uptime from /proc/uptime, using os.uptime() value
2026-06-02T03:20:29: PM2 warn: [pidusage] We couldn't find uptime from /proc/uptime, using os.uptime() value
2026-06-02T03:20:59: PM2 warn: [pidusage] We couldn't find uptime from /proc/uptime, using os.uptime() value
2026-06-02T03:21:29: PM2 warn: [pidusage] We couldn't find uptime from /proc/uptime, using os.uptime() value
2026-06-02T03:21:59: PM2 warn: [pidusage] We couldn't find uptime from /proc/uptime, using os.uptime() value
2026-06-02T03:22:29: PM2 warn: [pidusage] We couldn't find uptime from /proc/uptime, using os.uptime() value
2026-06-02T03:22:59: PM2 warn: [pidusage] We couldn't find uptime from /proc/uptime, using os.uptime() value
2026-06-02T03:23:29: PM2 warn: [pidusage] We couldn't find uptime from /proc/uptime, using os.uptime() value
2026-06-02T03:23:59: PM2 warn: [pidusage] We couldn't find uptime from /proc/uptime, using os.uptime() value
2026-06-02T03:24:29: PM2 warn: [pidusage] We couldn't find uptime from /proc/uptime, using os.uptime() value
2026-06-02T03:24:59: PM2 warn: [pidusage] We couldn't find uptime from /proc/uptime, using os.uptime() value
2026-06-02T03:25:29: PM2 warn: [pidusage] We couldn't find uptime from /proc/uptime, using os.uptime() value
2026-06-02T03:25:59: PM2 warn: [pidusage] We couldn't find uptime from /proc/uptime, using os.uptime() value
2026-06-02T03:26:29: PM2 warn: [pidusage] We couldn't find uptime from /proc/uptime, using os.uptime() value
2026-06-02T03:26:59: PM2 warn: [pidusage] We couldn't find uptime from /proc/uptime, using os.uptime() value
2026-06-02T03:27:29: PM2 warn: [pidusage] We couldn't find uptime from /proc/uptime, using os.uptime() value
2026-06-02T03:27:59: PM2 warn: [pidusage] We couldn't find uptime from /proc/uptime, using os.uptime() value
2026-06-02T03:28:29: PM2 warn: [pidusage] We couldn't find uptime from /proc/uptime, using os.uptime() value
2026-06-02T03:28:59: PM2 warn: [pidusage] We couldn't find uptime from /proc/uptime, using os.uptime() value
2026-06-02T03:29:29: PM2 warn: [pidusage] We couldn't find uptime from /proc/uptime, using os.uptime() value
2026-06-02T03:29:59: PM2 warn: [pidusage] We couldn't find uptime from /proc/uptime, using os.uptime() value
2026-06-02T03:30:29: PM2 warn: [pidusage] We couldn't find uptime from /proc/uptime, using os.uptime() value
2026-06-02T03:30:59: PM2 warn: [pidusage] We couldn't find uptime from /proc/uptime, using os.uptime() value
2026-06-02T03:31:29: PM2 warn: [pidusage] We couldn't find uptime from /proc/uptime, using os.uptime() value
2026-06-02T03:31:59: PM2 warn: [pidusage] We couldn't find uptime from /proc/uptime, using os.uptime() value
2026-06-02T03:32:29: PM2 warn: [pidusage] We couldn't find uptime from /proc/uptime, using os.uptime() value
2026-06-02T03:32:59: PM2 warn: [pidusage] We couldn't find uptime from /proc/uptime, using os.uptime() value
2026-06-02T03:33:29: PM2 warn: [pidusage] We couldn't find uptime from /proc/uptime, using os.uptime() value
2026-06-02T03:33:59: PM2 warn: [pidusage] We couldn't find uptime from /proc/uptime, using os.uptime() value
2026-06-02T03:34:29: PM2 warn: [pidusage] We couldn't find uptime from /proc/uptime, using os.uptime() value
2026-06-02T03:34:59: PM2 warn: [pidusage] We couldn't find uptime from /proc/uptime, using os.uptime() value
2026-06-02T03:35:29: PM2 warn: [pidusage] We couldn't find uptime from /proc/uptime, using os.uptime() value
2026-06-02T03:35:59: PM2 warn: [pidusage] We couldn't find uptime from /proc/uptime, using os.uptime() value
2026-06-02T03:36:29: PM2 warn: [pidusage] We couldn't find uptime from /proc/uptime, using os.uptime() value
2026-06-02T03:36:59: PM2 warn: [pidusage] We couldn't find uptime from /proc/uptime, using os.uptime() value
2026-06-02T03:37:29: PM2 warn: [pidusage] We couldn't find uptime from /proc/uptime, using os.uptime() value
2026-06-02T03:37:59: PM2 warn: [pidusage] We couldn't find uptime from /proc/uptime, using os.uptime() value
2026-06-02T03:38:29: PM2 warn: [pidusage] We couldn't find uptime from /proc/uptime, using os.uptime() value
2026-06-02T03:38:59: PM2 warn: [pidusage] We couldn't find uptime from /proc/uptime, using os.uptime() value
2026-06-02T03:39:29: PM2 warn: [pidusage] We couldn't find uptime from /proc/uptime, using os.uptime() value
2026-06-02T03:39:59: PM2 warn: [pidusage] We couldn't find uptime from /proc/uptime, using os.uptime() value
2026-06-02T03:40:29: PM2 warn: [pidusage] We couldn't find uptime from /proc/uptime, using os.uptime() value
2026-06-02T03:40:59: PM2 warn: [pidusage] We couldn't find uptime from /proc/uptime, using os.uptime() value
2026-06-02T03:41:29: PM2 warn: [pidusage] We couldn't find uptime from /proc/uptime, using os.uptime() value
2026-06-02T03:41:59: PM2 warn: [pidusage] We couldn't find uptime from /proc/uptime, using os.uptime() value
2026-06-02T03:42:29: PM2 warn: [pidusage] We couldn't find uptime from /proc/uptime, using os.uptime() value
2026-06-02T03:42:59: PM2 warn: [pidusage] We couldn't find uptime from /proc/uptime, using os.uptime() value
2026-06-02T03:43:29: PM2 warn: [pidusage] We couldn't find uptime from /proc/uptime, using os.uptime() value
2026-06-02T03:43:59: PM2 warn: [pidusage] We couldn't find uptime from /proc/uptime, using os.uptime() value
2026-06-02T03:44:29: PM2 warn: [pidusage] We couldn't find uptime from /proc/uptime, using os.uptime() value
2026-06-02T03:44:59: PM2 warn: [pidusage] We couldn't find uptime from /proc/uptime, using os.uptime() value
2026-06-02T03:45:29: PM2 warn: [pidusage] We couldn't find uptime from /proc/uptime, using os.uptime() value
2026-06-02T03:45:59: PM2 warn: [pidusage] We couldn't find uptime from /proc/uptime, using os.uptime() value
2026-06-02T03:46:29: PM2 warn: [pidusage] We couldn't find uptime from /proc/uptime, using os.uptime() value
2026-06-02T03:46:59: PM2 warn: [pidusage] We couldn't find uptime from /proc/uptime, using os.uptime() value
2026-06-02T03:47:29: PM2 warn: [pidusage] We couldn't find uptime from /proc/uptime, using os.uptime() value
2026-06-02T03:47:59: PM2 warn: [pidusage] We couldn't find uptime from /proc/uptime, using os.uptime() value
2026-06-02T03:48:29: PM2 warn: [pidusage] We couldn't find uptime from /proc/uptime, using os.uptime() value
2026-06-02T03:48:59: PM2 warn: [pidusage] We couldn't find uptime from /proc/uptime, using os.uptime() value
2026-06-02T03:49:29: PM2 warn: [pidusage] We couldn't find uptime from /proc/uptime, using os.uptime() value
2026-06-02T03:49:59: PM2 warn: [pidusage] We couldn't find uptime from /proc/uptime, using os.uptime() value
2026-06-02T03:50:29: PM2 warn: [pidusage] We couldn't find uptime from /proc/uptime, using os.uptime() value
2026-06-02T03:50:59: PM2 warn: [pidusage] We couldn't find uptime from /proc/uptime, using os.uptime() value
2026-06-02T03:51:29: PM2 warn: [pidusage] We couldn't find uptime from /proc/uptime, using os.uptime() value
2026-06-02T03:51:59: PM2 warn: [pidusage] We couldn't find uptime from /proc/uptime, using os.uptime() value
2026-06-02T03:52:29: PM2 warn: [pidusage] We couldn't find uptime from /proc/uptime, using os.uptime() value
2026-06-02T03:52:59: PM2 warn: [pidusage] We couldn't find uptime from /proc/uptime, using os.uptime() value
2026-06-02T03:53:29: PM2 warn: [pidusage] We couldn't find uptime from /proc/uptime, using os.uptime() value
2026-06-02T03:53:59: PM2 warn: [pidusage] We couldn't find uptime from /proc/uptime, using os.uptime() value
2026-06-02T03:54:29: PM2 warn: [pidusage] We couldn't find uptime from /proc/uptime, using os.uptime() value
2026-06-02T03:54:59: PM2 warn: [pidusage] We couldn't find uptime from /proc/uptime, using os.uptime() value
2026-06-02T03:55:29: PM2 warn: [pidusage] We couldn't find uptime from /proc/uptime, using os.uptime() value
2026-06-02T03:55:59: PM2 warn: [pidusage] We couldn't find uptime from /proc/uptime, using os.uptime() value
2026-06-02T03:56:29: PM2 warn: [pidusage] We couldn't find uptime from /proc/uptime, using os.uptime() value
2026-06-02T03:56:59: PM2 warn: [pidusage] We couldn't find uptime from /proc/uptime, using os.uptime() value
2026-06-02T03:57:29: PM2 warn: [pidusage] We couldn't find uptime from /proc/uptime, using os.uptime() value
2026-06-02T03:57:59: PM2 warn: [pidusage] We couldn't find uptime from /proc/uptime, using os.uptime() value
2026-06-02T03:58:29: PM2 warn: [pidusage] We couldn't find uptime from /proc/uptime, using os.uptime() value
2026-06-02T03:58:59: PM2 warn: [pidusage] We couldn't find uptime from /proc/uptime, using os.uptime() value
2026-06-02T03:59:29: PM2 warn: [pidusage] We couldn't find uptime from /proc/uptime, using os.uptime() value
2026-06-02T03:59:59: PM2 warn: [pidusage] We couldn't find uptime from /proc/uptime, using os.uptime() value
2026-06-02T04:00:29: PM2 warn: [pidusage] We couldn't find uptime from /proc/uptime, using os.uptime() value
2026-06-02T04:00:59: PM2 warn: [pidusage] We couldn't find uptime from /proc/uptime, using os.uptime() value
2026-06-02T04:01:29: PM2 warn: [pidusage] We couldn't find uptime from /proc/uptime, using os.uptime() value
2026-06-02T04:01:59: PM2 warn: [pidusage] We couldn't find uptime from /proc/uptime, using os.uptime() value
2026-06-02T04:02:29: PM2 warn: [pidusage] We couldn't find uptime from /proc/uptime, using os.uptime() value
2026-06-02T04:02:59: PM2 warn: [pidusage] We couldn't find uptime from /proc/uptime, using os.uptime() value
2026-06-02T04:03:29: PM2 warn: [pidusage] We couldn't find uptime from /proc/uptime, using os.uptime() value
2026-06-02T04:03:59: PM2 warn: [pidusage] We couldn't find uptime from /proc/uptime, using os.uptime() value
2026-06-02T04:04:29: PM2 warn: [pidusage] We couldn't find uptime from /proc/uptime, using os.uptime() value
2026-06-02T04:04:59: PM2 warn: [pidusage] We couldn't find uptime from /proc/uptime, using os.uptime() value
2026-06-02T04:05:29: PM2 warn: [pidusage] We couldn't find uptime from /proc/uptime, using os.uptime() value
2026-06-02T04:05:59: PM2 warn: [pidusage] We couldn't find uptime from /proc/uptime, using os.uptime() value
2026-06-02T04:06:29: PM2 warn: [pidusage] We couldn't find uptime from /proc/uptime, using os.uptime() value
2026-06-02T04:06:59: PM2 warn: [pidusage] We couldn't find uptime from /proc/uptime, using os.uptime() value
2026-06-02T04:07:29: PM2 warn: [pidusage] We couldn't find uptime from /proc/uptime, using os.uptime() value
2026-06-02T04:07:59: PM2 warn: [pidusage] We couldn't find uptime from /proc/uptime, using os.uptime() value
2026-06-02T04:08:29: PM2 warn: [pidusage] We couldn't find uptime from /proc/uptime, using os.uptime() value
2026-06-02T04:08:59: PM2 warn: [pidusage] We couldn't find uptime from /proc/uptime, using os.uptime() value
2026-06-02T04:09:29: PM2 warn: [pidusage] We couldn't find uptime from /proc/uptime, using os.uptime() value
2026-06-02T04:09:59: PM2 warn: [pidusage] We couldn't find uptime from /proc/uptime, using os.uptime() value
2026-06-02T04:10:29: PM2 warn: [pidusage] We couldn't find uptime from /proc/uptime, using os.uptime() value
2026-06-02T04:10:59: PM2 warn: [pidusage] We couldn't find uptime from /proc/uptime, using os.uptime() value
2026-06-02T04:11:29: PM2 warn: [pidusage] We couldn't find uptime from /proc/uptime, using os.uptime() value
2026-06-02T04:11:59: PM2 warn: [pidusage] We couldn't find uptime from /proc/uptime, using os.uptime() value
2026-06-02T04:12:29: PM2 warn: [pidusage] We couldn't find uptime from /proc/uptime, using os.uptime() value
2026-06-02T04:12:59: PM2 warn: [pidusage] We couldn't find uptime from /proc/uptime, using os.uptime() value
2026-06-02T04:13:29: PM2 warn: [pidusage] We couldn't find uptime from /proc/uptime, using os.uptime() value
2026-06-02T04:13:59: PM2 warn: [pidusage] We couldn't find uptime from /proc/uptime, using os.uptime() value
2026-06-02T04:14:29: PM2 warn: [pidusage] We couldn't find uptime from /proc/uptime, using os.uptime() value
2026-06-02T04:14:59: PM2 warn: [pidusage] We couldn't find uptime from /proc/uptime, using os.uptime() value
2026-06-02T04:15:29: PM2 warn: [pidusage] We couldn't find uptime from /proc/uptime, using os.uptime() value
2026-06-02T04:15:59: PM2 warn: [pidusage] We couldn't find uptime from /proc/uptime, using os.uptime() value
2026-06-02T04:16:29: PM2 warn: [pidusage] We couldn't find uptime from /proc/uptime, using os.uptime() value
2026-06-02T04:16:59: PM2 warn: [pidusage] We couldn't find uptime from /proc/uptime, using os.uptime() value
2026-06-02T04:17:29: PM2 warn: [pidusage] We couldn't find uptime from /proc/uptime, using os.uptime() value
2026-06-02T04:17:59: PM2 warn: [pidusage] We couldn't find uptime from /proc/uptime, using os.uptime() value
2026-06-02T04:18:29: PM2 warn: [pidusage] We couldn't find uptime from /proc/uptime, using os.uptime() value
2026-06-02T04:18:59: PM2 warn: [pidusage] We couldn't find uptime from /proc/uptime, using os.uptime() value
2026-06-02T04:19:29: PM2 warn: [pidusage] We couldn't find uptime from /proc/uptime, using os.uptime() value
2026-06-02T04:19:59: PM2 warn: [pidusage] We couldn't find uptime from /proc/uptime, using os.uptime() value
2026-06-02T04:20:29: PM2 warn: [pidusage] We couldn't find uptime from /proc/uptime, using os.uptime() value
2026-06-02T04:20:59: PM2 warn: [pidusage] We couldn't find uptime from /proc/uptime, using os.uptime() value
2026-06-02T04:21:29: PM2 warn: [pidusage] We couldn't find uptime from /proc/uptime, using os.uptime() value
2026-06-02T04:21:59: PM2 warn: [pidusage] We couldn't find uptime from /proc/uptime, using os.uptime() value
2026-06-02T04:22:29: PM2 warn: [pidusage] We couldn't find uptime from /proc/uptime, using os.uptime() value
2026-06-02T04:22:59: PM2 warn: [pidusage] We couldn't find uptime from /proc/uptime, using os.uptime() value
2026-06-02T04:23:29: PM2 warn: [pidusage] We couldn't find uptime from /proc/uptime, using os.uptime() value
2026-06-02T04:23:59: PM2 warn: [pidusage] We couldn't find uptime from /proc/uptime, using os.uptime() value
2026-06-02T04:24:29: PM2 warn: [pidusage] We couldn't find uptime from /proc/uptime, using os.uptime() value
2026-06-02T04:24:59: PM2 warn: [pidusage] We couldn't find uptime from /proc/uptime, using os.uptime() value
2026-06-02T04:25:29: PM2 warn: [pidusage] We couldn't find uptime from /proc/uptime, using os.uptime() value
2026-06-02T04:25:59: PM2 warn: [pidusage] We couldn't find uptime from /proc/uptime, using os.uptime() value
2026-06-02T04:26:29: PM2 warn: [pidusage] We couldn't find uptime from /proc/uptime, using os.uptime() value
2026-06-02T04:26:59: PM2 warn: [pidusage] We couldn't find uptime from /proc/uptime, using os.uptime() value
2026-06-02T04:27:29: PM2 warn: [pidusage] We couldn't find uptime from /proc/uptime, using os.uptime() value
2026-06-02T04:27:59: PM2 warn: [pidusage] We couldn't find uptime from /proc/uptime, using os.uptime() value
2026-06-02T04:28:29: PM2 warn: [pidusage] We couldn't find uptime from /proc/uptime, using os.uptime() value
2026-06-02T04:28:59: PM2 warn: [pidusage] We couldn't find uptime from /proc/uptime, using os.uptime() value
2026-06-02T04:29:29: PM2 warn: [pidusage] We couldn't find uptime from /proc/uptime, using os.uptime() value
2026-06-02T04:29:59: PM2 warn: [pidusage] We couldn't find uptime from /proc/uptime, using os.uptime() value
2026-06-02T04:30:29: PM2 warn: [pidusage] We couldn't find uptime from /proc/uptime, using os.uptime() value
2026-06-02T04:30:59: PM2 warn: [pidusage] We couldn't find uptime from /proc/uptime, using os.uptime() value
2026-06-02T04:31:29: PM2 warn: [pidusage] We couldn't find uptime from /proc/uptime, using os.uptime() value
2026-06-02T04:31:59: PM2 warn: [pidusage] We couldn't find uptime from /proc/uptime, using os.uptime() value
2026-06-02T04:32:29: PM2 warn: [pidusage] We couldn't find uptime from /proc/uptime, using os.uptime() value
2026-06-02T04:32:59: PM2 warn: [pidusage] We couldn't find uptime from /proc/uptime, using os.uptime() value
2026-06-02T04:33:29: PM2 warn: [pidusage] We couldn't find uptime from /proc/uptime, using os.uptime() value
2026-06-02T04:33:59: PM2 warn: [pidusage] We couldn't find uptime from /proc/uptime, using os.uptime() value
2026-06-02T04:34:29: PM2 warn: [pidusage] We couldn't find uptime from /proc/uptime, using os.uptime() value
2026-06-02T04:34:59: PM2 warn: [pidusage] We couldn't find uptime from /proc/uptime, using os.uptime() value
2026-06-02T04:35:29: PM2 warn: [pidusage] We couldn't find uptime from /proc/uptime, using os.uptime() value
2026-06-02T04:35:59: PM2 warn: [pidusage] We couldn't find uptime from /proc/uptime, using os.uptime() value
2026-06-02T04:36:29: PM2 warn: [pidusage] We couldn't find uptime from /proc/uptime, using os.uptime() value
2026-06-02T04:36:59: PM2 warn: [pidusage] We couldn't find uptime from /proc/uptime, using os.uptime() value
2026-06-02T04:37:29: PM2 warn: [pidusage] We couldn't find uptime from /proc/uptime, using os.uptime() value
2026-06-02T04:37:59: PM2 warn: [pidusage] We couldn't find uptime from /proc/uptime, using os.uptime() value
2026-06-02T04:38:29: PM2 warn: [pidusage] We couldn't find uptime from /proc/uptime, using os.uptime() value
2026-06-02T04:38:59: PM2 warn: [pidusage] We couldn't find uptime from /proc/uptime, using os.uptime() value
2026-06-02T04:39:29: PM2 warn: [pidusage] We couldn't find uptime from /proc/uptime, using os.uptime() value
2026-06-02T04:39:59: PM2 warn: [pidusage] We couldn't find uptime from /proc/uptime, using os.uptime() value
2026-06-02T04:40:29: PM2 warn: [pidusage] We couldn't find uptime from /proc/uptime, using os.uptime() value
2026-06-02T04:40:59: PM2 warn: [pidusage] We couldn't find uptime from /proc/uptime, using os.uptime() value
2026-06-02T04:41:29: PM2 warn: [pidusage] We couldn't find uptime from /proc/uptime, using os.uptime() value
2026-06-02T04:41:59: PM2 warn: [pidusage] We couldn't find uptime from /proc/uptime, using os.uptime() value
2026-06-02T04:42:29: PM2 warn: [pidusage] We couldn't find uptime from /proc/uptime, using os.uptime() value
2026-06-02T04:42:59: PM2 warn: [pidusage] We couldn't find uptime from /proc/uptime, using os.uptime() value
2026-06-02T04:43:29: PM2 warn: [pidusage] We couldn't find uptime from /proc/uptime, using os.uptime() value
2026-06-02T04:43:59: PM2 warn: [pidusage] We couldn't find uptime from /proc/uptime, using os.uptime() value
2026-06-02T04:44:29: PM2 warn: [pidusage] We couldn't find uptime from /proc/uptime, using os.uptime() value
2026-06-02T04:44:59: PM2 warn: [pidusage] We couldn't find uptime from /proc/uptime, using os.uptime() value
2026-06-02T04:45:29: PM2 warn: [pidusage] We couldn't find uptime from /proc/uptime, using os.uptime() value
2026-06-02T04:45:59: PM2 warn: [pidusage] We couldn't find uptime from /proc/uptime, using os.uptime() value
2026-06-02T04:46:29: PM2 warn: [pidusage] We couldn't find uptime from /proc/uptime, using os.uptime() value
2026-06-02T04:46:59: PM2 warn: [pidusage] We couldn't find uptime from /proc/uptime, using os.uptime() value
2026-06-02T04:47:29: PM2 warn: [pidusage] We couldn't find uptime from /proc/uptime, using os.uptime() value
2026-06-02T04:47:59: PM2 warn: [pidusage] We couldn't find uptime from /proc/uptime, using os.uptime() value
2026-06-02T04:48:29: PM2 warn: [pidusage] We couldn't find uptime from /proc/uptime, using os.uptime() value
2026-06-02T04:48:59: PM2 warn: [pidusage] We couldn't find uptime from /proc/uptime, using os.uptime() value
2026-06-02T04:49:29: PM2 warn: [pidusage] We couldn't find uptime from /proc/uptime, using os.uptime() value
2026-06-02T04:49:59: PM2 warn: [pidusage] We couldn't find uptime from /proc/uptime, using os.uptime() value
2026-06-02T04:50:29: PM2 warn: [pidusage] We couldn't find uptime from /proc/uptime, using os.uptime() value
2026-06-02T04:50:59: PM2 warn: [pidusage] We couldn't find uptime from /proc/uptime, using os.uptime() value
2026-06-02T04:51:29: PM2 warn: [pidusage] We couldn't find uptime from /proc/uptime, using os.uptime() value
2026-06-02T04:51:59: PM2 warn: [pidusage] We couldn't find uptime from /proc/uptime, using os.uptime() value
2026-06-02T04:52:29: PM2 warn: [pidusage] We couldn't find uptime from /proc/uptime, using os.uptime() value
2026-06-02T04:52:59: PM2 warn: [pidusage] We couldn't find uptime from /proc/uptime, using os.uptime() value
2026-06-02T04:53:29: PM2 warn: [pidusage] We couldn't find uptime from /proc/uptime, using os.uptime() value
2026-06-02T04:53:59: PM2 warn: [pidusage] We couldn't find uptime from /proc/uptime, using os.uptime() value
2026-06-02T04:54:29: PM2 warn: [pidusage] We couldn't find uptime from /proc/uptime, using os.uptime() value
2026-06-02T04:54:59: PM2 warn: [pidusage] We couldn't find uptime from /proc/uptime, using os.uptime() value
2026-06-02T04:55:29: PM2 warn: [pidusage] We couldn't find uptime from /proc/uptime, using os.uptime() value
2026-06-02T04:55:59: PM2 warn: [pidusage] We couldn't find uptime from /proc/uptime, using os.uptime() value
2026-06-02T04:56:29: PM2 warn: [pidusage] We couldn't find uptime from /proc/uptime, using os.uptime() value
2026-06-02T04:56:59: PM2 warn: [pidusage] We couldn't find uptime from /proc/uptime, using os.uptime() value
2026-06-02T04:57:29: PM2 warn: [pidusage] We couldn't find uptime from /proc/uptime, using os.uptime() value
2026-06-02T04:57:59: PM2 warn: [pidusage] We couldn't find uptime from /proc/uptime, using os.uptime() value
2026-06-02T04:58:29: PM2 warn: [pidusage] We couldn't find uptime from /proc/uptime, using os.uptime() value
2026-06-02T04:58:59: PM2 warn: [pidusage] We couldn't find uptime from /proc/uptime, using os.uptime() value
2026-06-02T04:59:29: PM2 warn: [pidusage] We couldn't find uptime from /proc/uptime, using os.uptime() value
2026-06-02T04:59:59: PM2 warn: [pidusage] We couldn't find uptime from /proc/uptime, using os.uptime() value
2026-06-02T05:00:29: PM2 warn: [pidusage] We couldn't find uptime from /proc/uptime, using os.uptime() value
2026-06-02T05:00:59: PM2 warn: [pidusage] We couldn't find uptime from /proc/uptime, using os.uptime() value
2026-06-02T05:01:29: PM2 warn: [pidusage] We couldn't find uptime from /proc/uptime, using os.uptime() value
2026-06-02T05:01:59: PM2 warn: [pidusage] We couldn't find uptime from /proc/uptime, using os.uptime() value
2026-06-02T05:02:29: PM2 warn: [pidusage] We couldn't find uptime from /proc/uptime, using os.uptime() value
2026-06-02T05:02:59: PM2 warn: [pidusage] We couldn't find uptime from /proc/uptime, using os.uptime() value
2026-06-02T05:03:29: PM2 warn: [pidusage] We couldn't find uptime from /proc/uptime, using os.uptime() value
2026-06-02T05:03:59: PM2 warn: [pidusage] We couldn't find uptime from /proc/uptime, using os.uptime() value
2026-06-02T05:04:29: PM2 warn: [pidusage] We couldn't find uptime from /proc/uptime, using os.uptime() value
2026-06-02T05:04:59: PM2 warn: [pidusage] We couldn't find uptime from /proc/uptime, using os.uptime() value
2026-06-02T05:05:29: PM2 warn: [pidusage] We couldn't find uptime from /proc/uptime, using os.uptime() value
2026-06-02T05:05:59: PM2 warn: [pidusage] We couldn't find uptime from /proc/uptime, using os.uptime() value
2026-06-02T05:06:29: PM2 warn: [pidusage] We couldn't find uptime from /proc/uptime, using os.uptime() value
2026-06-02T05:06:59: PM2 warn: [pidusage] We couldn't find uptime from /proc/uptime, using os.uptime() value
2026-06-02T05:07:29: PM2 warn: [pidusage] We couldn't find uptime from /proc/uptime, using os.uptime() value
2026-06-02T05:07:59: PM2 warn: [pidusage] We couldn't find uptime from /proc/uptime, using os.uptime() value
2026-06-02T05:08:29: PM2 warn: [pidusage] We couldn't find uptime from /proc/uptime, using os.uptime() value
2026-06-02T05:08:59: PM2 warn: [pidusage] We couldn't find uptime from /proc/uptime, using os.uptime() value
2026-06-02T05:09:29: PM2 warn: [pidusage] We couldn't find uptime from /proc/uptime, using os.uptime() value
2026-06-02T05:10:00: PM2 warn: [pidusage] We couldn't find uptime from /proc/uptime, using os.uptime() value
2026-06-02T05:10:30: PM2 warn: [pidusage] We couldn't find uptime from /proc/uptime, using os.uptime() value
2026-06-02T05:11:00: PM2 warn: [pidusage] We couldn't find uptime from /proc/uptime, using os.uptime() value
2026-06-02T05:11:30: PM2 warn: [pidusage] We couldn't find uptime from /proc/uptime, using os.uptime() value
2026-06-02T05:12:00: PM2 warn: [pidusage] We couldn't find uptime from /proc/uptime, using os.uptime() value
2026-06-02T05:12:30: PM2 warn: [pidusage] We couldn't find uptime from /proc/uptime, using os.uptime() value
2026-06-02T05:13:00: PM2 warn: [pidusage] We couldn't find uptime from /proc/uptime, using os.uptime() value
2026-06-02T05:13:30: PM2 warn: [pidusage] We couldn't find uptime from /proc/uptime, using os.uptime() value
2026-06-02T05:14:00: PM2 warn: [pidusage] We couldn't find uptime from /proc/uptime, using os.uptime() value
2026-06-02T05:14:30: PM2 warn: [pidusage] We couldn't find uptime from /proc/uptime, using os.uptime() value
2026-06-02T05:15:00: PM2 warn: [pidusage] We couldn't find uptime from /proc/uptime, using os.uptime() value
2026-06-02T05:15:30: PM2 warn: [pidusage] We couldn't find uptime from /proc/uptime, using os.uptime() value
2026-06-02T05:16:00: PM2 warn: [pidusage] We couldn't find uptime from /proc/uptime, using os.uptime() value
2026-06-02T05:16:30: PM2 warn: [pidusage] We couldn't find uptime from /proc/uptime, using os.uptime() value
2026-06-02T05:17:00: PM2 warn: [pidusage] We couldn't find uptime from /proc/uptime, using os.uptime() value
2026-06-02T05:17:30: PM2 warn: [pidusage] We couldn't find uptime from /proc/uptime, using os.uptime() value
2026-06-02T05:18:00: PM2 warn: [pidusage] We couldn't find uptime from /proc/uptime, using os.uptime() value
2026-06-02T05:18:30: PM2 warn: [pidusage] We couldn't find uptime from /proc/uptime, using os.uptime() value
2026-06-02T05:19:00: PM2 warn: [pidusage] We couldn't find uptime from /proc/uptime, using os.uptime() value
2026-06-02T05:19:30: PM2 warn: [pidusage] We couldn't find uptime from /proc/uptime, using os.uptime() value
2026-06-02T05:20:00: PM2 warn: [pidusage] We couldn't find uptime from /proc/uptime, using os.uptime() value
2026-06-02T05:20:30: PM2 warn: [pidusage] We couldn't find uptime from /proc/uptime, using os.uptime() value
2026-06-02T05:21:00: PM2 warn: [pidusage] We couldn't find uptime from /proc/uptime, using os.uptime() value
2026-06-02T05:21:30: PM2 warn: [pidusage] We couldn't find uptime from /proc/uptime, using os.uptime() value
2026-06-02T05:22:00: PM2 warn: [pidusage] We couldn't find uptime from /proc/uptime, using os.uptime() value
2026-06-02T05:22:30: PM2 warn: [pidusage] We couldn't find uptime from /proc/uptime, using os.uptime() value
2026-06-02T05:23:00: PM2 warn: [pidusage] We couldn't find uptime from /proc/uptime, using os.uptime() value
2026-06-02T05:23:30: PM2 warn: [pidusage] We couldn't find uptime from /proc/uptime, using os.uptime() value
2026-06-02T05:24:00: PM2 warn: [pidusage] We couldn't find uptime from /proc/uptime, using os.uptime() value
2026-06-02T05:24:30: PM2 warn: [pidusage] We couldn't find uptime from /proc/uptime, using os.uptime() value
2026-06-02T05:25:00: PM2 warn: [pidusage] We couldn't find uptime from /proc/uptime, using os.uptime() value
2026-06-02T05:25:30: PM2 warn: [pidusage] We couldn't find uptime from /proc/uptime, using os.uptime() value
2026-06-02T05:26:00: PM2 warn: [pidusage] We couldn't find uptime from /proc/uptime, using os.uptime() value
2026-06-02T05:26:30: PM2 warn: [pidusage] We couldn't find uptime from /proc/uptime, using os.uptime() value
2026-06-02T05:27:00: PM2 warn: [pidusage] We couldn't find uptime from /proc/uptime, using os.uptime() value
2026-06-02T05:27:30: PM2 warn: [pidusage] We couldn't find uptime from /proc/uptime, using os.uptime() value
2026-06-02T05:28:00: PM2 warn: [pidusage] We couldn't find uptime from /proc/uptime, using os.uptime() value
2026-06-02T05:28:30: PM2 warn: [pidusage] We couldn't find uptime from /proc/uptime, using os.uptime() value
2026-06-02T05:29:00: PM2 warn: [pidusage] We couldn't find uptime from /proc/uptime, using os.uptime() value
2026-06-02T05:29:30: PM2 warn: [pidusage] We couldn't find uptime from /proc/uptime, using os.uptime() value
2026-06-02T05:30:00: PM2 warn: [pidusage] We couldn't find uptime from /proc/uptime, using os.uptime() value
2026-06-02T05:30:30: PM2 warn: [pidusage] We couldn't find uptime from /proc/uptime, using os.uptime() value
2026-06-02T05:31:00: PM2 warn: [pidusage] We couldn't find uptime from /proc/uptime, using os.uptime() value
2026-06-02T05:31:30: PM2 warn: [pidusage] We couldn't find uptime from /proc/uptime, using os.uptime() value
2026-06-02T05:32:00: PM2 warn: [pidusage] We couldn't find uptime from /proc/uptime, using os.uptime() value
2026-06-02T05:32:30: PM2 warn: [pidusage] We couldn't find uptime from /proc/uptime, using os.uptime() value
2026-06-02T05:33:00: PM2 warn: [pidusage] We couldn't find uptime from /proc/uptime, using os.uptime() value
2026-06-02T05:33:30: PM2 warn: [pidusage] We couldn't find uptime from /proc/uptime, using os.uptime() value
2026-06-02T05:34:00: PM2 warn: [pidusage] We couldn't find uptime from /proc/uptime, using os.uptime() value
2026-06-02T05:34:30: PM2 warn: [pidusage] We couldn't find uptime from /proc/uptime, using os.uptime() value
2026-06-02T05:35:00: PM2 warn: [pidusage] We couldn't find uptime from /proc/uptime, using os.uptime() value
2026-06-02T05:35:30: PM2 warn: [pidusage] We couldn't find uptime from /proc/uptime, using os.uptime() value
2026-06-02T05:36:00: PM2 warn: [pidusage] We couldn't find uptime from /proc/uptime, using os.uptime() value
2026-06-02T05:36:30: PM2 warn: [pidusage] We couldn't find uptime from /proc/uptime, using os.uptime() value
2026-06-02T05:37:00: PM2 warn: [pidusage] We couldn't find uptime from /proc/uptime, using os.uptime() value
2026-06-02T05:37:30: PM2 warn: [pidusage] We couldn't find uptime from /proc/uptime, using os.uptime() value
2026-06-02T05:38:00: PM2 warn: [pidusage] We couldn't find uptime from /proc/uptime, using os.uptime() value
2026-06-02T05:38:30: PM2 warn: [pidusage] We couldn't find uptime from /proc/uptime, using os.uptime() value
2026-06-02T05:39:00: PM2 warn: [pidusage] We couldn't find uptime from /proc/uptime, using os.uptime() value
2026-06-02T05:39:30: PM2 warn: [pidusage] We couldn't find uptime from /proc/uptime, using os.uptime() value
2026-06-02T05:40:00: PM2 warn: [pidusage] We couldn't find uptime from /proc/uptime, using os.uptime() value
2026-06-02T05:40:30: PM2 warn: [pidusage] We couldn't find uptime from /proc/uptime, using os.uptime() value
2026-06-02T05:41:00: PM2 warn: [pidusage] We couldn't find uptime from /proc/uptime, using os.uptime() value
2026-06-02T05:41:30: PM2 warn: [pidusage] We couldn't find uptime from /proc/uptime, using os.uptime() value
2026-06-02T05:42:00: PM2 warn: [pidusage] We couldn't find uptime from /proc/uptime, using os.uptime() value
2026-06-02T05:42:30: PM2 warn: [pidusage] We couldn't find uptime from /proc/uptime, using os.uptime() value
2026-06-02T05:43:00: PM2 warn: [pidusage] We couldn't find uptime from /proc/uptime, using os.uptime() value
2026-06-02T05:43:30: PM2 warn: [pidusage] We couldn't find uptime from /proc/uptime, using os.uptime() value
2026-06-02T05:44:00: PM2 warn: [pidusage] We couldn't find uptime from /proc/uptime, using os.uptime() value
2026-06-02T05:44:30: PM2 warn: [pidusage] We couldn't find uptime from /proc/uptime, using os.uptime() value
2026-06-02T05:45:00: PM2 warn: [pidusage] We couldn't find uptime from /proc/uptime, using os.uptime() value
2026-06-02T05:45:30: PM2 warn: [pidusage] We couldn't find uptime from /proc/uptime, using os.uptime() value
2026-06-02T05:46:00: PM2 warn: [pidusage] We couldn't find uptime from /proc/uptime, using os.uptime() value
2026-06-02T05:46:30: PM2 warn: [pidusage] We couldn't find uptime from /proc/uptime, using os.uptime() value
2026-06-02T05:47:00: PM2 warn: [pidusage] We couldn't find uptime from /proc/uptime, using os.uptime() value
2026-06-02T05:47:30: PM2 warn: [pidusage] We couldn't find uptime from /proc/uptime, using os.uptime() value
2026-06-02T05:48:00: PM2 warn: [pidusage] We couldn't find uptime from /proc/uptime, using os.uptime() value
2026-06-02T05:48:30: PM2 warn: [pidusage] We couldn't find uptime from /proc/uptime, using os.uptime() value
2026-06-02T05:49:00: PM2 warn: [pidusage] We couldn't find uptime from /proc/uptime, using os.uptime() value
2026-06-02T05:49:30: PM2 warn: [pidusage] We couldn't find uptime from /proc/uptime, using os.uptime() value
2026-06-02T05:50:00: PM2 warn: [pidusage] We couldn't find uptime from /proc/uptime, using os.uptime() value
2026-06-02T05:50:30: PM2 warn: [pidusage] We couldn't find uptime from /proc/uptime, using os.uptime() value
2026-06-02T05:51:00: PM2 warn: [pidusage] We couldn't find uptime from /proc/uptime, using os.uptime() value
2026-06-02T05:51:30: PM2 warn: [pidusage] We couldn't find uptime from /proc/uptime, using os.uptime() value
2026-06-02T05:52:00: PM2 warn: [pidusage] We couldn't find uptime from /proc/uptime, using os.uptime() value
2026-06-02T05:52:30: PM2 warn: [pidusage] We couldn't find uptime from /proc/uptime, using os.uptime() value
2026-06-02T05:53:00: PM2 warn: [pidusage] We couldn't find uptime from /proc/uptime, using os.uptime() value
2026-06-02T05:53:30: PM2 warn: [pidusage] We couldn't find uptime from /proc/uptime, using os.uptime() value
2026-06-02T05:54:00: PM2 warn: [pidusage] We couldn't find uptime from /proc/uptime, using os.uptime() value
2026-06-02T05:54:30: PM2 warn: [pidusage] We couldn't find uptime from /proc/uptime, using os.uptime() value
2026-06-02T05:55:00: PM2 warn: [pidusage] We couldn't find uptime from /proc/uptime, using os.uptime() value
2026-06-02T05:55:30: PM2 warn: [pidusage] We couldn't find uptime from /proc/uptime, using os.uptime() value
2026-06-02T05:56:00: PM2 warn: [pidusage] We couldn't find uptime from /proc/uptime, using os.uptime() value
2026-06-02T05:56:30: PM2 warn: [pidusage] We couldn't find uptime from /proc/uptime, using os.uptime() value
2026-06-02T05:57:00: PM2 warn: [pidusage] We couldn't find uptime from /proc/uptime, using os.uptime() value
2026-06-02T05:57:30: PM2 warn: [pidusage] We couldn't find uptime from /proc/uptime, using os.uptime() value
2026-06-02T05:58:00: PM2 warn: [pidusage] We couldn't find uptime from /proc/uptime, using os.uptime() value
2026-06-02T05:58:30: PM2 warn: [pidusage] We couldn't find uptime from /proc/uptime, using os.uptime() value
2026-06-02T05:59:00: PM2 warn: [pidusage] We couldn't find uptime from /proc/uptime, using os.uptime() value
2026-06-02T05:59:30: PM2 warn: [pidusage] We couldn't find uptime from /proc/uptime, using os.uptime() value
2026-06-02T06:00:00: PM2 warn: [pidusage] We couldn't find uptime from /proc/uptime, using os.uptime() value
2026-06-02T06:00:30: PM2 warn: [pidusage] We couldn't find uptime from /proc/uptime, using os.uptime() value
2026-06-02T06:01:00: PM2 warn: [pidusage] We couldn't find uptime from /proc/uptime, using os.uptime() value
2026-06-02T06:01:30: PM2 warn: [pidusage] We couldn't find uptime from /proc/uptime, using os.uptime() value
2026-06-02T06:02:00: PM2 warn: [pidusage] We couldn't find uptime from /proc/uptime, using os.uptime() value
2026-06-02T06:02:30: PM2 warn: [pidusage] We couldn't find uptime from /proc/uptime, using os.uptime() value
2026-06-02T06:03:00: PM2 warn: [pidusage] We couldn't find uptime from /proc/uptime, using os.uptime() value
2026-06-02T06:03:30: PM2 warn: [pidusage] We couldn't find uptime from /proc/uptime, using os.uptime() value
2026-06-02T06:04:00: PM2 warn: [pidusage] We couldn't find uptime from /proc/uptime, using os.uptime() value
2026-06-02T06:04:30: PM2 warn: [pidusage] We couldn't find uptime from /proc/uptime, using os.uptime() value
2026-06-02T06:05:00: PM2 warn: [pidusage] We couldn't find uptime from /proc/uptime, using os.uptime() value
2026-06-02T06:05:30: PM2 warn: [pidusage] We couldn't find uptime from /proc/uptime, using os.uptime() value
2026-06-02T06:06:00: PM2 warn: [pidusage] We couldn't find uptime from /proc/uptime, using os.uptime() value
2026-06-02T06:06:30: PM2 warn: [pidusage] We couldn't find uptime from /proc/uptime, using os.uptime() value
2026-06-02T06:07:00: PM2 warn: [pidusage] We couldn't find uptime from /proc/uptime, using os.uptime() value
2026-06-02T06:07:30: PM2 warn: [pidusage] We couldn't find uptime from /proc/uptime, using os.uptime() value
2026-06-02T06:08:00: PM2 warn: [pidusage] We couldn't find uptime from /proc/uptime, using os.uptime() value
2026-06-02T06:08:30: PM2 warn: [pidusage] We couldn't find uptime from /proc/uptime, using os.uptime() value
2026-06-02T06:09:00: PM2 warn: [pidusage] We couldn't find uptime from /proc/uptime, using os.uptime() value
2026-06-02T06:09:30: PM2 warn: [pidusage] We couldn't find uptime from /proc/uptime, using os.uptime() value
2026-06-02T06:10:00: PM2 warn: [pidusage] We couldn't find uptime from /proc/uptime, using os.uptime() value
2026-06-02T06:10:30: PM2 warn: [pidusage] We couldn't find uptime from /proc/uptime, using os.uptime() value
2026-06-02T06:11:00: PM2 warn: [pidusage] We couldn't find uptime from /proc/uptime, using os.uptime() value
2026-06-02T06:11:30: PM2 warn: [pidusage] We couldn't find uptime from /proc/uptime, using os.uptime() value
2026-06-02T06:12:00: PM2 warn: [pidusage] We couldn't find uptime from /proc/uptime, using os.uptime() value
2026-06-02T06:12:30: PM2 warn: [pidusage] We couldn't find uptime from /proc/uptime, using os.uptime() value
2026-06-02T06:13:00: PM2 warn: [pidusage] We couldn't find uptime from /proc/uptime, using os.uptime() value
2026-06-02T06:13:30: PM2 warn: [pidusage] We couldn't find uptime from /proc/uptime, using os.uptime() value
2026-06-02T06:14:00: PM2 warn: [pidusage] We couldn't find uptime from /proc/uptime, using os.uptime() value
2026-06-02T06:14:30: PM2 warn: [pidusage] We couldn't find uptime from /proc/uptime, using os.uptime() value
2026-06-02T06:15:00: PM2 warn: [pidusage] We couldn't find uptime from /proc/uptime, using os.uptime() value
2026-06-02T06:15:30: PM2 warn: [pidusage] We couldn't find uptime from /proc/uptime, using os.uptime() value
2026-06-02T06:16:00: PM2 warn: [pidusage] We couldn't find uptime from /proc/uptime, using os.uptime() value
2026-06-02T06:16:30: PM2 warn: [pidusage] We couldn't find uptime from /proc/uptime, using os.uptime() value
2026-06-02T06:17:00: PM2 warn: [pidusage] We couldn't find uptime from /proc/uptime, using os.uptime() value
2026-06-02T06:17:30: PM2 warn: [pidusage] We couldn't find uptime from /proc/uptime, using os.uptime() value
2026-06-02T06:18:00: PM2 warn: [pidusage] We couldn't find uptime from /proc/uptime, using os.uptime() value
2026-06-02T06:18:30: PM2 warn: [pidusage] We couldn't find uptime from /proc/uptime, using os.uptime() value
2026-06-02T06:19:00: PM2 warn: [pidusage] We couldn't find uptime from /proc/uptime, using os.uptime() value
2026-06-02T06:19:30: PM2 warn: [pidusage] We couldn't find uptime from /proc/uptime, using os.uptime() value
2026-06-02T06:20:00: PM2 warn: [pidusage] We couldn't find uptime from /proc/uptime, using os.uptime() value
2026-06-02T06:20:30: PM2 warn: [pidusage] We couldn't find uptime from /proc/uptime, using os.uptime() value
2026-06-02T06:21:00: PM2 warn: [pidusage] We couldn't find uptime from /proc/uptime, using os.uptime() value
2026-06-02T06:21:30: PM2 warn: [pidusage] We couldn't find uptime from /proc/uptime, using os.uptime() value
2026-06-02T06:22:00: PM2 warn: [pidusage] We couldn't find uptime from /proc/uptime, using os.uptime() value
2026-06-02T06:22:30: PM2 warn: [pidusage] We couldn't find uptime from /proc/uptime, using os.uptime() value
2026-06-02T06:23:00: PM2 warn: [pidusage] We couldn't find uptime from /proc/uptime, using os.uptime() value
2026-06-02T06:23:30: PM2 warn: [pidusage] We couldn't find uptime from /proc/uptime, using os.uptime() value
2026-06-02T06:24:00: PM2 warn: [pidusage] We couldn't find uptime from /proc/uptime, using os.uptime() value
2026-06-02T06:24:30: PM2 warn: [pidusage] We couldn't find uptime from /proc/uptime, using os.uptime() value
2026-06-02T06:25:00: PM2 warn: [pidusage] We couldn't find uptime from /proc/uptime, using os.uptime() value
2026-06-02T06:25:30: PM2 warn: [pidusage] We couldn't find uptime from /proc/uptime, using os.uptime() value
2026-06-02T06:26:00: PM2 warn: [pidusage] We couldn't find uptime from /proc/uptime, using os.uptime() value
2026-06-02T06:26:30: PM2 warn: [pidusage] We couldn't find uptime from /proc/uptime, using os.uptime() value
2026-06-02T06:27:00: PM2 warn: [pidusage] We couldn't find uptime from /proc/uptime, using os.uptime() value
2026-06-02T06:27:30: PM2 warn: [pidusage] We couldn't find uptime from /proc/uptime, using os.uptime() value
2026-06-02T06:28:00: PM2 warn: [pidusage] We couldn't find uptime from /proc/uptime, using os.uptime() value
2026-06-02T06:28:30: PM2 warn: [pidusage] We couldn't find uptime from /proc/uptime, using os.uptime() value
2026-06-02T06:29:00: PM2 warn: [pidusage] We couldn't find uptime from /proc/uptime, using os.uptime() value
2026-06-02T06:29:30: PM2 warn: [pidusage] We couldn't find uptime from /proc/uptime, using os.uptime() value
2026-06-02T06:30:00: PM2 warn: [pidusage] We couldn't find uptime from /proc/uptime, using os.uptime() value
2026-06-02T06:30:30: PM2 warn: [pidusage] We couldn't find uptime from /proc/uptime, using os.uptime() value
2026-06-02T06:31:00: PM2 warn: [pidusage] We couldn't find uptime from /proc/uptime, using os.uptime() value
2026-06-02T06:31:30: PM2 warn: [pidusage] We couldn't find uptime from /proc/uptime, using os.uptime() value
2026-06-02T06:32:00: PM2 warn: [pidusage] We couldn't find uptime from /proc/uptime, using os.uptime() value
2026-06-02T06:32:30: PM2 warn: [pidusage] We couldn't find uptime from /proc/uptime, using os.uptime() value
2026-06-02T06:33:00: PM2 warn: [pidusage] We couldn't find uptime from /proc/uptime, using os.uptime() value
2026-06-02T06:33:30: PM2 warn: [pidusage] We couldn't find uptime from /proc/uptime, using os.uptime() value
2026-06-02T06:34:00: PM2 warn: [pidusage] We couldn't find uptime from /proc/uptime, using os.uptime() value
2026-06-02T06:34:30: PM2 warn: [pidusage] We couldn't find uptime from /proc/uptime, using os.uptime() value
2026-06-02T06:35:00: PM2 warn: [pidusage] We couldn't find uptime from /proc/uptime, using os.uptime() value
2026-06-02T06:35:30: PM2 warn: [pidusage] We couldn't find uptime from /proc/uptime, using os.uptime() value
2026-06-02T06:36:00: PM2 warn: [pidusage] We couldn't find uptime from /proc/uptime, using os.uptime() value
2026-06-02T06:36:30: PM2 warn: [pidusage] We couldn't find uptime from /proc/uptime, using os.uptime() value
2026-06-02T06:37:00: PM2 warn: [pidusage] We couldn't find uptime from /proc/uptime, using os.uptime() value
2026-06-02T06:37:30: PM2 warn: [pidusage] We couldn't find uptime from /proc/uptime, using os.uptime() value
2026-06-02T06:38:00: PM2 warn: [pidusage] We couldn't find uptime from /proc/uptime, using os.uptime() value
2026-06-02T06:38:30: PM2 warn: [pidusage] We couldn't find uptime from /proc/uptime, using os.uptime() value
2026-06-02T06:39:00: PM2 warn: [pidusage] We couldn't find uptime from /proc/uptime, using os.uptime() value
2026-06-02T06:39:30: PM2 warn: [pidusage] We couldn't find uptime from /proc/uptime, using os.uptime() value
2026-06-02T06:40:00: PM2 warn: [pidusage] We couldn't find uptime from /proc/uptime, using os.uptime() value
2026-06-02T06:40:30: PM2 warn: [pidusage] We couldn't find uptime from /proc/uptime, using os.uptime() value
2026-06-02T06:41:00: PM2 warn: [pidusage] We couldn't find uptime from /proc/uptime, using os.uptime() value
2026-06-02T06:41:30: PM2 warn: [pidusage] We couldn't find uptime from /proc/uptime, using os.uptime() value
2026-06-02T06:42:00: PM2 warn: [pidusage] We couldn't find uptime from /proc/uptime, using os.uptime() value
2026-06-02T06:42:30: PM2 warn: [pidusage] We couldn't find uptime from /proc/uptime, using os.uptime() value
2026-06-02T06:43:00: PM2 warn: [pidusage] We couldn't find uptime from /proc/uptime, using os.uptime() value
2026-06-02T06:43:30: PM2 warn: [pidusage] We couldn't find uptime from /proc/uptime, using os.uptime() value
2026-06-02T06:44:00: PM2 warn: [pidusage] We couldn't find uptime from /proc/uptime, using os.uptime() value
2026-06-02T06:44:30: PM2 warn: [pidusage] We couldn't find uptime from /proc/uptime, using os.uptime() value
2026-06-02T06:45:00: PM2 warn: [pidusage] We couldn't find uptime from /proc/uptime, using os.uptime() value
2026-06-02T06:45:30: PM2 warn: [pidusage] We couldn't find uptime from /proc/uptime, using os.uptime() value
2026-06-02T06:46:00: PM2 warn: [pidusage] We couldn't find uptime from /proc/uptime, using os.uptime() value
2026-06-02T06:46:30: PM2 warn: [pidusage] We couldn't find uptime from /proc/uptime, using os.uptime() value
2026-06-02T06:47:00: PM2 warn: [pidusage] We couldn't find uptime from /proc/uptime, using os.uptime() value
2026-06-02T06:47:30: PM2 warn: [pidusage] We couldn't find uptime from /proc/uptime, using os.uptime() value
2026-06-02T06:48:00: PM2 warn: [pidusage] We couldn't find uptime from /proc/uptime, using os.uptime() value
2026-06-02T06:48:30: PM2 warn: [pidusage] We couldn't find uptime from /proc/uptime, using os.uptime() value
2026-06-02T06:49:00: PM2 warn: [pidusage] We couldn't find uptime from /proc/uptime, using os.uptime() value
2026-06-02T06:49:30: PM2 warn: [pidusage] We couldn't find uptime from /proc/uptime, using os.uptime() value
2026-06-02T06:50:00: PM2 warn: [pidusage] We couldn't find uptime from /proc/uptime, using os.uptime() value
2026-06-02T06:50:30: PM2 warn: [pidusage] We couldn't find uptime from /proc/uptime, using os.uptime() value
2026-06-02T06:51:00: PM2 warn: [pidusage] We couldn't find uptime from /proc/uptime, using os.uptime() value
2026-06-02T06:51:30: PM2 warn: [pidusage] We couldn't find uptime from /proc/uptime, using os.uptime() value
2026-06-02T06:52:00: PM2 warn: [pidusage] We couldn't find uptime from /proc/uptime, using os.uptime() value
2026-06-02T06:52:30: PM2 warn: [pidusage] We couldn't find uptime from /proc/uptime, using os.uptime() value
2026-06-02T06:53:00: PM2 warn: [pidusage] We couldn't find uptime from /proc/uptime, using os.uptime() value
2026-06-02T06:53:30: PM2 warn: [pidusage] We couldn't find uptime from /proc/uptime, using os.uptime() value
2026-06-02T06:54:00: PM2 warn: [pidusage] We couldn't find uptime from /proc/uptime, using os.uptime() value
2026-06-02T06:54:30: PM2 warn: [pidusage] We couldn't find uptime from /proc/uptime, using os.uptime() value
2026-06-02T06:55:00: PM2 warn: [pidusage] We couldn't find uptime from /proc/uptime, using os.uptime() value
2026-06-02T06:55:30: PM2 warn: [pidusage] We couldn't find uptime from /proc/uptime, using os.uptime() value
2026-06-02T06:56:00: PM2 warn: [pidusage] We couldn't find uptime from /proc/uptime, using os.uptime() value
2026-06-02T06:56:30: PM2 warn: [pidusage] We couldn't find uptime from /proc/uptime, using os.uptime() value
2026-06-02T06:57:00: PM2 warn: [pidusage] We couldn't find uptime from /proc/uptime, using os.uptime() value
2026-06-02T06:57:30: PM2 warn: [pidusage] We couldn't find uptime from /proc/uptime, using os.uptime() value
2026-06-02T06:58:00: PM2 warn: [pidusage] We couldn't find uptime from /proc/uptime, using os.uptime() value
2026-06-02T06:58:30: PM2 warn: [pidusage] We couldn't find uptime from /proc/uptime, using os.uptime() value
2026-06-02T06:59:00: PM2 warn: [pidusage] We couldn't find uptime from /proc/uptime, using os.uptime() value
2026-06-02T06:59:30: PM2 warn: [pidusage] We couldn't find uptime from /proc/uptime, using os.uptime() value
2026-06-02T07:00:00: PM2 warn: [pidusage] We couldn't find uptime from /proc/uptime, using os.uptime() value
2026-06-02T07:00:30: PM2 warn: [pidusage] We couldn't find uptime from /proc/uptime, using os.uptime() value
2026-06-02T07:01:00: PM2 warn: [pidusage] We couldn't find uptime from /proc/uptime, using os.uptime() value
2026-06-02T07:01:30: PM2 warn: [pidusage] We couldn't find uptime from /proc/uptime, using os.uptime() value
2026-06-02T07:02:00: PM2 warn: [pidusage] We couldn't find uptime from /proc/uptime, using os.uptime() value
2026-06-02T07:02:30: PM2 warn: [pidusage] We couldn't find uptime from /proc/uptime, using os.uptime() value
2026-06-02T07:03:00: PM2 warn: [pidusage] We couldn't find uptime from /proc/uptime, using os.uptime() value
2026-06-02T07:03:30: PM2 warn: [pidusage] We couldn't find uptime from /proc/uptime, using os.uptime() value
2026-06-02T07:04:00: PM2 warn: [pidusage] We couldn't find uptime from /proc/uptime, using os.uptime() value
2026-06-02T07:04:30: PM2 warn: [pidusage] We couldn't find uptime from /proc/uptime, using os.uptime() value
2026-06-02T07:05:00: PM2 warn: [pidusage] We couldn't find uptime from /proc/uptime, using os.uptime() value
2026-06-02T07:05:30: PM2 warn: [pidusage] We couldn't find uptime from /proc/uptime, using os.uptime() value
2026-06-02T07:06:00: PM2 warn: [pidusage] We couldn't find uptime from /proc/uptime, using os.uptime() value
2026-06-02T07:06:30: PM2 warn: [pidusage] We couldn't find uptime from /proc/uptime, using os.uptime() value
2026-06-02T07:07:00: PM2 warn: [pidusage] We couldn't find uptime from /proc/uptime, using os.uptime() value
2026-06-02T07:07:30: PM2 warn: [pidusage] We couldn't find uptime from /proc/uptime, using os.uptime() value
2026-06-02T07:08:00: PM2 warn: [pidusage] We couldn't find uptime from /proc/uptime, using os.uptime() value
2026-06-02T07:08:30: PM2 warn: [pidusage] We couldn't find uptime from /proc/uptime, using os.uptime() value
2026-06-02T07:09:00: PM2 warn: [pidusage] We couldn't find uptime from /proc/uptime, using os.uptime() value
2026-06-02T07:09:30: PM2 warn: [pidusage] We couldn't find uptime from /proc/uptime, using os.uptime() value
2026-06-02T07:10:00: PM2 warn: [pidusage] We couldn't find uptime from /proc/uptime, using os.uptime() value
2026-06-02T07:10:30: PM2 warn: [pidusage] We couldn't find uptime from /proc/uptime, using os.uptime() value
2026-06-02T07:11:00: PM2 warn: [pidusage] We couldn't find uptime from /proc/uptime, using os.uptime() value
2026-06-02T07:11:30: PM2 warn: [pidusage] We couldn't find uptime from /proc/uptime, using os.uptime() value
2026-06-02T07:12:00: PM2 warn: [pidusage] We couldn't find uptime from /proc/uptime, using os.uptime() value
2026-06-02T07:12:30: PM2 warn: [pidusage] We couldn't find uptime from /proc/uptime, using os.uptime() value
2026-06-02T07:13:00: PM2 warn: [pidusage] We couldn't find uptime from /proc/uptime, using os.uptime() value
2026-06-02T07:13:30: PM2 warn: [pidusage] We couldn't find uptime from /proc/uptime, using os.uptime() value
2026-06-02T07:14:00: PM2 warn: [pidusage] We couldn't find uptime from /proc/uptime, using os.uptime() value
2026-06-02T07:14:30: PM2 warn: [pidusage] We couldn't find uptime from /proc/uptime, using os.uptime() value
2026-06-02T07:15:00: PM2 warn: [pidusage] We couldn't find uptime from /proc/uptime, using os.uptime() value
2026-06-02T07:15:30: PM2 warn: [pidusage] We couldn't find uptime from /proc/uptime, using os.uptime() value
2026-06-02T07:16:00: PM2 warn: [pidusage] We couldn't find uptime from /proc/uptime, using os.uptime() value
2026-06-02T07:16:30: PM2 warn: [pidusage] We couldn't find uptime from /proc/uptime, using os.uptime() value
2026-06-02T07:17:00: PM2 warn: [pidusage] We couldn't find uptime from /proc/uptime, using os.uptime() value
2026-06-02T07:17:30: PM2 warn: [pidusage] We couldn't find uptime from /proc/uptime, using os.uptime() value
2026-06-02T07:18:00: PM2 warn: [pidusage] We couldn't find uptime from /proc/uptime, using os.uptime() value
2026-06-02T07:18:30: PM2 warn: [pidusage] We couldn't find uptime from /proc/uptime, using os.uptime() value
2026-06-02T07:19:00: PM2 warn: [pidusage] We couldn't find uptime from /proc/uptime, using os.uptime() value
2026-06-02T07:19:30: PM2 warn: [pidusage] We couldn't find uptime from /proc/uptime, using os.uptime() value
2026-06-02T07:20:00: PM2 warn: [pidusage] We couldn't find uptime from /proc/uptime, using os.uptime() value
2026-06-02T07:20:30: PM2 warn: [pidusage] We couldn't find uptime from /proc/uptime, using os.uptime() value
2026-06-02T07:21:00: PM2 warn: [pidusage] We couldn't find uptime from /proc/uptime, using os.uptime() value
2026-06-02T07:21:30: PM2 warn: [pidusage] We couldn't find uptime from /proc/uptime, using os.uptime() value
2026-06-02T07:22:00: PM2 warn: [pidusage] We couldn't find uptime from /proc/uptime, using os.uptime() value
2026-06-02T07:22:30: PM2 warn: [pidusage] We couldn't find uptime from /proc/uptime, using os.uptime() value
2026-06-02T07:23:00: PM2 warn: [pidusage] We couldn't find uptime from /proc/uptime, using os.uptime() value
2026-06-02T07:23:30: PM2 warn: [pidusage] We couldn't find uptime from /proc/uptime, using os.uptime() value
2026-06-02T07:24:00: PM2 warn: [pidusage] We couldn't find uptime from /proc/uptime, using os.uptime() value
2026-06-02T07:24:30: PM2 warn: [pidusage] We couldn't find uptime from /proc/uptime, using os.uptime() value
2026-06-02T07:25:00: PM2 warn: [pidusage] We couldn't find uptime from /proc/uptime, using os.uptime() value
2026-06-02T07:25:30: PM2 warn: [pidusage] We couldn't find uptime from /proc/uptime, using os.uptime() value
2026-06-02T07:26:00: PM2 warn: [pidusage] We couldn't find uptime from /proc/uptime, using os.uptime() value
2026-06-02T07:26:30: PM2 warn: [pidusage] We couldn't find uptime from /proc/uptime, using os.uptime() value
2026-06-02T07:27:00: PM2 warn: [pidusage] We couldn't find uptime from /proc/uptime, using os.uptime() value
2026-06-02T07:27:30: PM2 warn: [pidusage] We couldn't find uptime from /proc/uptime, using os.uptime() value
2026-06-02T07:28:00: PM2 warn: [pidusage] We couldn't find uptime from /proc/uptime, using os.uptime() value
2026-06-02T07:28:30: PM2 warn: [pidusage] We couldn't find uptime from /proc/uptime, using os.uptime() value
2026-06-02T07:29:00: PM2 warn: [pidusage] We couldn't find uptime from /proc/uptime, using os.uptime() value
2026-06-02T07:29:30: PM2 warn: [pidusage] We couldn't find uptime from /proc/uptime, using os.uptime() value
2026-06-02T07:30:00: PM2 warn: [pidusage] We couldn't find uptime from /proc/uptime, using os.uptime() value
2026-06-02T07:30:30: PM2 warn: [pidusage] We couldn't find uptime from /proc/uptime, using os.uptime() value
2026-06-02T07:31:00: PM2 warn: [pidusage] We couldn't find uptime from /proc/uptime, using os.uptime() value
2026-06-02T07:31:30: PM2 warn: [pidusage] We couldn't find uptime from /proc/uptime, using os.uptime() value
2026-06-02T07:32:00: PM2 warn: [pidusage] We couldn't find uptime from /proc/uptime, using os.uptime() value
2026-06-02T07:32:30: PM2 warn: [pidusage] We couldn't find uptime from /proc/uptime, using os.uptime() value
2026-06-02T07:33:00: PM2 warn: [pidusage] We couldn't find uptime from /proc/uptime, using os.uptime() value
2026-06-02T07:33:30: PM2 warn: [pidusage] We couldn't find uptime from /proc/uptime, using os.uptime() value
2026-06-02T07:34:00: PM2 warn: [pidusage] We couldn't find uptime from /proc/uptime, using os.uptime() value
2026-06-02T07:34:30: PM2 warn: [pidusage] We couldn't find uptime from /proc/uptime, using os.uptime() value
2026-06-02T07:35:00: PM2 warn: [pidusage] We couldn't find uptime from /proc/uptime, using os.uptime() value
2026-06-02T07:35:30: PM2 warn: [pidusage] We couldn't find uptime from /proc/uptime, using os.uptime() value
2026-06-02T07:36:00: PM2 warn: [pidusage] We couldn't find uptime from /proc/uptime, using os.uptime() value
2026-06-02T07:36:30: PM2 warn: [pidusage] We couldn't find uptime from /proc/uptime, using os.uptime() value
2026-06-02T07:37:00: PM2 warn: [pidusage] We couldn't find uptime from /proc/uptime, using os.uptime() value
2026-06-02T07:37:30: PM2 warn: [pidusage] We couldn't find uptime from /proc/uptime, using os.uptime() value
2026-06-02T07:38:00: PM2 warn: [pidusage] We couldn't find uptime from /proc/uptime, using os.uptime() value
2026-06-02T07:38:30: PM2 warn: [pidusage] We couldn't find uptime from /proc/uptime, using os.uptime() value
2026-06-02T07:39:00: PM2 warn: [pidusage] We couldn't find uptime from /proc/uptime, using os.uptime() value
2026-06-02T07:39:30: PM2 warn: [pidusage] We couldn't find uptime from /proc/uptime, using os.uptime() value
2026-06-02T07:40:00: PM2 warn: [pidusage] We couldn't find uptime from /proc/uptime, using os.uptime() value
2026-06-02T07:40:30: PM2 warn: [pidusage] We couldn't find uptime from /proc/uptime, using os.uptime() value
2026-06-02T07:41:00: PM2 warn: [pidusage] We couldn't find uptime from /proc/uptime, using os.uptime() value
2026-06-02T07:41:30: PM2 warn: [pidusage] We couldn't find uptime from /proc/uptime, using os.uptime() value
2026-06-02T07:42:00: PM2 warn: [pidusage] We couldn't find uptime from /proc/uptime, using os.uptime() value
2026-06-02T07:42:30: PM2 warn: [pidusage] We couldn't find uptime from /proc/uptime, using os.uptime() value
2026-06-02T07:43:00: PM2 warn: [pidusage] We couldn't find uptime from /proc/uptime, using os.uptime() value
2026-06-02T07:43:30: PM2 warn: [pidusage] We couldn't find uptime from /proc/uptime, using os.uptime() value
2026-06-02T07:44:00: PM2 warn: [pidusage] We couldn't find uptime from /proc/uptime, using os.uptime() value
2026-06-02T07:44:30: PM2 warn: [pidusage] We couldn't find uptime from /proc/uptime, using os.uptime() value
2026-06-02T07:45:00: PM2 warn: [pidusage] We couldn't find uptime from /proc/uptime, using os.uptime() value
2026-06-02T07:45:30: PM2 warn: [pidusage] We couldn't find uptime from /proc/uptime, using os.uptime() value
2026-06-02T07:46:00: PM2 warn: [pidusage] We couldn't find uptime from /proc/uptime, using os.uptime() value
2026-06-02T07:46:30: PM2 warn: [pidusage] We couldn't find uptime from /proc/uptime, using os.uptime() value
2026-06-02T07:47:00: PM2 warn: [pidusage] We couldn't find uptime from /proc/uptime, using os.uptime() value
2026-06-02T07:47:30: PM2 warn: [pidusage] We couldn't find uptime from /proc/uptime, using os.uptime() value
2026-06-02T07:48:00: PM2 warn: [pidusage] We couldn't find uptime from /proc/uptime, using os.uptime() value
2026-06-02T07:48:30: PM2 warn: [pidusage] We couldn't find uptime from /proc/uptime, using os.uptime() value
2026-06-02T07:49:00: PM2 warn: [pidusage] We couldn't find uptime from /proc/uptime, using os.uptime() value
2026-06-02T07:49:30: PM2 warn: [pidusage] We couldn't find uptime from /proc/uptime, using os.uptime() value
2026-06-02T07:50:00: PM2 warn: [pidusage] We couldn't find uptime from /proc/uptime, using os.uptime() value
2026-06-02T07:50:30: PM2 warn: [pidusage] We couldn't find uptime from /proc/uptime, using os.uptime() value
2026-06-02T07:51:00: PM2 warn: [pidusage] We couldn't find uptime from /proc/uptime, using os.uptime() value
2026-06-02T07:51:30: PM2 warn: [pidusage] We couldn't find uptime from /proc/uptime, using os.uptime() value
2026-06-02T07:52:00: PM2 warn: [pidusage] We couldn't find uptime from /proc/uptime, using os.uptime() value
2026-06-02T07:52:30: PM2 warn: [pidusage] We couldn't find uptime from /proc/uptime, using os.uptime() value
2026-06-02T07:53:00: PM2 warn: [pidusage] We couldn't find uptime from /proc/uptime, using os.uptime() value
2026-06-02T07:53:30: PM2 warn: [pidusage] We couldn't find uptime from /proc/uptime, using os.uptime() value
2026-06-02T07:54:00: PM2 warn: [pidusage] We couldn't find uptime from /proc/uptime, using os.uptime() value
2026-06-02T07:54:30: PM2 warn: [pidusage] We couldn't find uptime from /proc/uptime, using os.uptime() value
2026-06-02T07:55:00: PM2 warn: [pidusage] We couldn't find uptime from /proc/uptime, using os.uptime() value
2026-06-02T07:55:30: PM2 warn: [pidusage] We couldn't find uptime from /proc/uptime, using os.uptime() value
2026-06-02T07:56:00: PM2 warn: [pidusage] We couldn't find uptime from /proc/uptime, using os.uptime() value
2026-06-02T07:56:30: PM2 warn: [pidusage] We couldn't find uptime from /proc/uptime, using os.uptime() value
2026-06-02T07:57:00: PM2 warn: [pidusage] We couldn't find uptime from /proc/uptime, using os.uptime() value
2026-06-02T07:57:30: PM2 warn: [pidusage] We couldn't find uptime from /proc/uptime, using os.uptime() value
2026-06-02T07:58:00: PM2 warn: [pidusage] We couldn't find uptime from /proc/uptime, using os.uptime() value
2026-06-02T07:58:30: PM2 warn: [pidusage] We couldn't find uptime from /proc/uptime, using os.uptime() value
2026-06-02T07:59:00: PM2 warn: [pidusage] We couldn't find uptime from /proc/uptime, using os.uptime() value
2026-06-02T07:59:30: PM2 warn: [pidusage] We couldn't find uptime from /proc/uptime, using os.uptime() value
2026-06-02T08:00:00: PM2 warn: [pidusage] We couldn't find uptime from /proc/uptime, using os.uptime() value
2026-06-02T08:00:30: PM2 warn: [pidusage] We couldn't find uptime from /proc/uptime, using os.uptime() value
2026-06-02T08:01:00: PM2 warn: [pidusage] We couldn't find uptime from /proc/uptime, using os.uptime() value
2026-06-02T08:01:30: PM2 warn: [pidusage] We couldn't find uptime from /proc/uptime, using os.uptime() value
2026-06-02T08:02:00: PM2 warn: [pidusage] We couldn't find uptime from /proc/uptime, using os.uptime() value
2026-06-02T08:02:30: PM2 warn: [pidusage] We couldn't find uptime from /proc/uptime, using os.uptime() value
2026-06-02T08:03:00: PM2 warn: [pidusage] We couldn't find uptime from /proc/uptime, using os.uptime() value
2026-06-02T08:03:30: PM2 warn: [pidusage] We couldn't find uptime from /proc/uptime, using os.uptime() value
2026-06-02T08:04:00: PM2 warn: [pidusage] We couldn't find uptime from /proc/uptime, using os.uptime() value
2026-06-02T08:04:30: PM2 warn: [pidusage] We couldn't find uptime from /proc/uptime, using os.uptime() value
2026-06-02T08:05:00: PM2 warn: [pidusage] We couldn't find uptime from /proc/uptime, using os.uptime() value
2026-06-02T08:05:30: PM2 warn: [pidusage] We couldn't find uptime from /proc/uptime, using os.uptime() value
2026-06-02T08:06:00: PM2 warn: [pidusage] We couldn't find uptime from /proc/uptime, using os.uptime() value
2026-06-02T08:06:30: PM2 warn: [pidusage] We couldn't find uptime from /proc/uptime, using os.uptime() value
2026-06-02T08:07:00: PM2 warn: [pidusage] We couldn't find uptime from /proc/uptime, using os.uptime() value
2026-06-02T08:07:30: PM2 warn: [pidusage] We couldn't find uptime from /proc/uptime, using os.uptime() value
2026-06-02T08:08:00: PM2 warn: [pidusage] We couldn't find uptime from /proc/uptime, using os.uptime() value
2026-06-02T08:08:30: PM2 warn: [pidusage] We couldn't find uptime from /proc/uptime, using os.uptime() value
2026-06-02T08:09:00: PM2 warn: [pidusage] We couldn't find uptime from /proc/uptime, using os.uptime() value
2026-06-02T08:09:30: PM2 warn: [pidusage] We couldn't find uptime from /proc/uptime, using os.uptime() value
2026-06-02T08:10:00: PM2 warn: [pidusage] We couldn't find uptime from /proc/uptime, using os.uptime() value
2026-06-02T08:10:31: PM2 warn: [pidusage] We couldn't find uptime from /proc/uptime, using os.uptime() value
2026-06-02T08:11:00: PM2 warn: [pidusage] We couldn't find uptime from /proc/uptime, using os.uptime() value
2026-06-02T08:11:30: PM2 warn: [pidusage] We couldn't find uptime from /proc/uptime, using os.uptime() value
2026-06-02T08:12:01: PM2 warn: [pidusage] We couldn't find uptime from /proc/uptime, using os.uptime() value
2026-06-02T08:12:30: PM2 warn: [pidusage] We couldn't find uptime from /proc/uptime, using os.uptime() value
2026-06-02T08:13:00: PM2 warn: [pidusage] We couldn't find uptime from /proc/uptime, using os.uptime() value
2026-06-02T08:13:30: PM2 warn: [pidusage] We couldn't find uptime from /proc/uptime, using os.uptime() value
2026-06-02T08:14:00: PM2 warn: [pidusage] We couldn't find uptime from /proc/uptime, using os.uptime() value
2026-06-02T08:14:30: PM2 warn: [pidusage] We couldn't find uptime from /proc/uptime, using os.uptime() value
2026-06-02T08:15:00: PM2 warn: [pidusage] We couldn't find uptime from /proc/uptime, using os.uptime() value
2026-06-02T08:15:30: PM2 warn: [pidusage] We couldn't find uptime from /proc/uptime, using os.uptime() value
2026-06-02T08:16:00: PM2 warn: [pidusage] We couldn't find uptime from /proc/uptime, using os.uptime() value
2026-06-02T08:16:30: PM2 warn: [pidusage] We couldn't find uptime from /proc/uptime, using os.uptime() value
2026-06-02T08:17:00: PM2 warn: [pidusage] We couldn't find uptime from /proc/uptime, using os.uptime() value
2026-06-02T08:17:30: PM2 warn: [pidusage] We couldn't find uptime from /proc/uptime, using os.uptime() value
2026-06-02T08:18:00: PM2 warn: [pidusage] We couldn't find uptime from /proc/uptime, using os.uptime() value
2026-06-02T08:18:30: PM2 warn: [pidusage] We couldn't find uptime from /proc/uptime, using os.uptime() value
2026-06-02T08:19:00: PM2 warn: [pidusage] We couldn't find uptime from /proc/uptime, using os.uptime() value
2026-06-02T08:19:30: PM2 warn: [pidusage] We couldn't find uptime from /proc/uptime, using os.uptime() value
2026-06-02T08:20:00: PM2 warn: [pidusage] We couldn't find uptime from /proc/uptime, using os.uptime() value
2026-06-02T08:20:30: PM2 warn: [pidusage] We couldn't find uptime from /proc/uptime, using os.uptime() value
2026-06-02T08:21:00: PM2 warn: [pidusage] We couldn't find uptime from /proc/uptime, using os.uptime() value
2026-06-02T08:21:30: PM2 warn: [pidusage] We couldn't find uptime from /proc/uptime, using os.uptime() value
2026-06-02T08:22:00: PM2 warn: [pidusage] We couldn't find uptime from /proc/uptime, using os.uptime() value
2026-06-02T08:22:30: PM2 warn: [pidusage] We couldn't find uptime from /proc/uptime, using os.uptime() value
2026-06-02T08:23:00: PM2 warn: [pidusage] We couldn't find uptime from /proc/uptime, using os.uptime() value
2026-06-02T08:23:30: PM2 warn: [pidusage] We couldn't find uptime from /proc/uptime, using os.uptime() value
2026-06-02T08:24:00: PM2 warn: [pidusage] We couldn't find uptime from /proc/uptime, using os.uptime() value
2026-06-02T08:24:30: PM2 warn: [pidusage] We couldn't find uptime from /proc/uptime, using os.uptime() value
2026-06-02T08:25:00: PM2 warn: [pidusage] We couldn't find uptime from /proc/uptime, using os.uptime() value
2026-06-02T08:25:30: PM2 warn: [pidusage] We couldn't find uptime from /proc/uptime, using os.uptime() value
2026-06-02T08:26:00: PM2 warn: [pidusage] We couldn't find uptime from /proc/uptime, using os.uptime() value
2026-06-02T08:26:30: PM2 warn: [pidusage] We couldn't find uptime from /proc/uptime, using os.uptime() value
2026-06-02T08:27:00: PM2 warn: [pidusage] We couldn't find uptime from /proc/uptime, using os.uptime() value
2026-06-02T08:27:30: PM2 warn: [pidusage] We couldn't find uptime from /proc/uptime, using os.uptime() value
2026-06-02T08:28:00: PM2 warn: [pidusage] We couldn't find uptime from /proc/uptime, using os.uptime() value
2026-06-02T08:28:30: PM2 warn: [pidusage] We couldn't find uptime from /proc/uptime, using os.uptime() value
2026-06-02T08:29:00: PM2 warn: [pidusage] We couldn't find uptime from /proc/uptime, using os.uptime() value
2026-06-02T08:29:30: PM2 warn: [pidusage] We couldn't find uptime from /proc/uptime, using os.uptime() value
2026-06-02T08:30:00: PM2 warn: [pidusage] We couldn't find uptime from /proc/uptime, using os.uptime() value
2026-06-02T08:30:30: PM2 warn: [pidusage] We couldn't find uptime from /proc/uptime, using os.uptime() value
2026-06-02T08:31:00: PM2 warn: [pidusage] We couldn't find uptime from /proc/uptime, using os.uptime() value
2026-06-02T08:31:30: PM2 warn: [pidusage] We couldn't find uptime from /proc/uptime, using os.uptime() value
2026-06-02T08:32:00: PM2 warn: [pidusage] We couldn't find uptime from /proc/uptime, using os.uptime() value
2026-06-02T08:32:30: PM2 warn: [pidusage] We couldn't find uptime from /proc/uptime, using os.uptime() value
2026-06-02T08:33:00: PM2 warn: [pidusage] We couldn't find uptime from /proc/uptime, using os.uptime() value
2026-06-02T08:33:30: PM2 warn: [pidusage] We couldn't find uptime from /proc/uptime, using os.uptime() value
2026-06-02T08:34:00: PM2 warn: [pidusage] We couldn't find uptime from /proc/uptime, using os.uptime() value
2026-06-02T08:34:30: PM2 warn: [pidusage] We couldn't find uptime from /proc/uptime, using os.uptime() value
2026-06-02T08:35:00: PM2 warn: [pidusage] We couldn't find uptime from /proc/uptime, using os.uptime() value
2026-06-02T08:35:30: PM2 warn: [pidusage] We couldn't find uptime from /proc/uptime, using os.uptime() value
2026-06-02T08:36:00: PM2 warn: [pidusage] We couldn't find uptime from /proc/uptime, using os.uptime() value
2026-06-02T08:36:30: PM2 warn: [pidusage] We couldn't find uptime from /proc/uptime, using os.uptime() value
2026-06-02T08:37:00: PM2 warn: [pidusage] We couldn't find uptime from /proc/uptime, using os.uptime() value
2026-06-02T08:37:30: PM2 warn: [pidusage] We couldn't find uptime from /proc/uptime, using os.uptime() value
2026-06-02T08:38:00: PM2 warn: [pidusage] We couldn't find uptime from /proc/uptime, using os.uptime() value
2026-06-02T08:38:30: PM2 warn: [pidusage] We couldn't find uptime from /proc/uptime, using os.uptime() value
2026-06-02T08:39:00: PM2 warn: [pidusage] We couldn't find uptime from /proc/uptime, using os.uptime() value
2026-06-02T08:39:30: PM2 warn: [pidusage] We couldn't find uptime from /proc/uptime, using os.uptime() value
2026-06-02T08:40:00: PM2 warn: [pidusage] We couldn't find uptime from /proc/uptime, using os.uptime() value
2026-06-02T08:40:30: PM2 warn: [pidusage] We couldn't find uptime from /proc/uptime, using os.uptime() value
2026-06-02T08:41:00: PM2 warn: [pidusage] We couldn't find uptime from /proc/uptime, using os.uptime() value
2026-06-02T08:41:30: PM2 warn: [pidusage] We couldn't find uptime from /proc/uptime, using os.uptime() value
2026-06-02T08:42:00: PM2 warn: [pidusage] We couldn't find uptime from /proc/uptime, using os.uptime() value
2026-06-02T08:42:30: PM2 warn: [pidusage] We couldn't find uptime from /proc/uptime, using os.uptime() value
2026-06-02T08:43:00: PM2 warn: [pidusage] We couldn't find uptime from /proc/uptime, using os.uptime() value
2026-06-02T08:43:30: PM2 warn: [pidusage] We couldn't find uptime from /proc/uptime, using os.uptime() value
2026-06-02T08:44:00: PM2 warn: [pidusage] We couldn't find uptime from /proc/uptime, using os.uptime() value
2026-06-02T08:44:30: PM2 warn: [pidusage] We couldn't find uptime from /proc/uptime, using os.uptime() value
2026-06-02T08:45:00: PM2 warn: [pidusage] We couldn't find uptime from /proc/uptime, using os.uptime() value
2026-06-02T08:45:30: PM2 warn: [pidusage] We couldn't find uptime from /proc/uptime, using os.uptime() value
2026-06-02T08:46:00: PM2 warn: [pidusage] We couldn't find uptime from /proc/uptime, using os.uptime() value
2026-06-02T08:46:30: PM2 warn: [pidusage] We couldn't find uptime from /proc/uptime, using os.uptime() value
2026-06-02T08:47:00: PM2 warn: [pidusage] We couldn't find uptime from /proc/uptime, using os.uptime() value
2026-06-02T08:47:30: PM2 warn: [pidusage] We couldn't find uptime from /proc/uptime, using os.uptime() value
2026-06-02T08:48:00: PM2 warn: [pidusage] We couldn't find uptime from /proc/uptime, using os.uptime() value
2026-06-02T08:48:30: PM2 warn: [pidusage] We couldn't find uptime from /proc/uptime, using os.uptime() value
2026-06-02T08:49:00: PM2 warn: [pidusage] We couldn't find uptime from /proc/uptime, using os.uptime() value
2026-06-02T08:49:30: PM2 warn: [pidusage] We couldn't find uptime from /proc/uptime, using os.uptime() value
2026-06-02T08:50:00: PM2 warn: [pidusage] We couldn't find uptime from /proc/uptime, using os.uptime() value
2026-06-02T08:50:30: PM2 warn: [pidusage] We couldn't find uptime from /proc/uptime, using os.uptime() value
2026-06-02T08:51:00: PM2 warn: [pidusage] We couldn't find uptime from /proc/uptime, using os.uptime() value
2026-06-02T08:51:30: PM2 warn: [pidusage] We couldn't find uptime from /proc/uptime, using os.uptime() value
2026-06-02T08:52:00: PM2 warn: [pidusage] We couldn't find uptime from /proc/uptime, using os.uptime() value
2026-06-02T08:52:30: PM2 warn: [pidusage] We couldn't find uptime from /proc/uptime, using os.uptime() value
2026-06-02T08:53:00: PM2 warn: [pidusage] We couldn't find uptime from /proc/uptime, using os.uptime() value
2026-06-02T08:53:30: PM2 warn: [pidusage] We couldn't find uptime from /proc/uptime, using os.uptime() value
2026-06-02T08:54:00: PM2 warn: [pidusage] We couldn't find uptime from /proc/uptime, using os.uptime() value
2026-06-02T08:54:30: PM2 warn: [pidusage] We couldn't find uptime from /proc/uptime, using os.uptime() value
2026-06-02T08:55:00: PM2 warn: [pidusage] We couldn't find uptime from /proc/uptime, using os.uptime() value
2026-06-02T08:55:30: PM2 warn: [pidusage] We couldn't find uptime from /proc/uptime, using os.uptime() value
2026-06-02T08:56:00: PM2 warn: [pidusage] We couldn't find uptime from /proc/uptime, using os.uptime() value
2026-06-02T08:56:30: PM2 warn: [pidusage] We couldn't find uptime from /proc/uptime, using os.uptime() value
2026-06-02T08:57:00: PM2 warn: [pidusage] We couldn't find uptime from /proc/uptime, using os.uptime() value
2026-06-02T08:57:30: PM2 warn: [pidusage] We couldn't find uptime from /proc/uptime, using os.uptime() value
2026-06-02T08:58:00: PM2 warn: [pidusage] We couldn't find uptime from /proc/uptime, using os.uptime() value
2026-06-02T08:58:30: PM2 warn: [pidusage] We couldn't find uptime from /proc/uptime, using os.uptime() value
2026-06-02T08:59:00: PM2 warn: [pidusage] We couldn't find uptime from /proc/uptime, using os.uptime() value
2026-06-02T08:59:30: PM2 warn: [pidusage] We couldn't find uptime from /proc/uptime, using os.uptime() value
2026-06-02T09:00:00: PM2 warn: [pidusage] We couldn't find uptime from /proc/uptime, using os.uptime() value
2026-06-02T09:00:30: PM2 warn: [pidusage] We couldn't find uptime from /proc/uptime, using os.uptime() value
2026-06-02T09:01:00: PM2 warn: [pidusage] We couldn't find uptime from /proc/uptime, using os.uptime() value
2026-06-02T09:01:30: PM2 warn: [pidusage] We couldn't find uptime from /proc/uptime, using os.uptime() value
2026-06-02T09:02:00: PM2 warn: [pidusage] We couldn't find uptime from /proc/uptime, using os.uptime() value
2026-06-02T09:02:30: PM2 warn: [pidusage] We couldn't find uptime from /proc/uptime, using os.uptime() value
2026-06-02T09:03:00: PM2 warn: [pidusage] We couldn't find uptime from /proc/uptime, using os.uptime() value
2026-06-02T09:03:30: PM2 warn: [pidusage] We couldn't find uptime from /proc/uptime, using os.uptime() value
2026-06-02T09:04:00: PM2 warn: [pidusage] We couldn't find uptime from /proc/uptime, using os.uptime() value
2026-06-02T09:04:30: PM2 warn: [pidusage] We couldn't find uptime from /proc/uptime, using os.uptime() value
2026-06-02T09:05:00: PM2 warn: [pidusage] We couldn't find uptime from /proc/uptime, using os.uptime() value
2026-06-02T09:05:30: PM2 warn: [pidusage] We couldn't find uptime from /proc/uptime, using os.uptime() value
2026-06-02T09:06:00: PM2 warn: [pidusage] We couldn't find uptime from /proc/uptime, using os.uptime() value
2026-06-02T09:06:30: PM2 warn: [pidusage] We couldn't find uptime from /proc/uptime, using os.uptime() value
2026-06-02T09:07:00: PM2 warn: [pidusage] We couldn't find uptime from /proc/uptime, using os.uptime() value
2026-06-02T09:07:30: PM2 warn: [pidusage] We couldn't find uptime from /proc/uptime, using os.uptime() value
2026-06-02T09:08:00: PM2 warn: [pidusage] We couldn't find uptime from /proc/uptime, using os.uptime() value
2026-06-02T09:08:30: PM2 warn: [pidusage] We couldn't find uptime from /proc/uptime, using os.uptime() value
2026-06-02T09:09:00: PM2 warn: [pidusage] We couldn't find uptime from /proc/uptime, using os.uptime() value
2026-06-02T09:09:30: PM2 warn: [pidusage] We couldn't find uptime from /proc/uptime, using os.uptime() value
2026-06-02T09:10:00: PM2 warn: [pidusage] We couldn't find uptime from /proc/uptime, using os.uptime() value
2026-06-02T09:10:30: PM2 warn: [pidusage] We couldn't find uptime from /proc/uptime, using os.uptime() value
2026-06-02T09:11:00: PM2 warn: [pidusage] We couldn't find uptime from /proc/uptime, using os.uptime() value
2026-06-02T09:11:30: PM2 warn: [pidusage] We couldn't find uptime from /proc/uptime, using os.uptime() value
2026-06-02T09:12:00: PM2 warn: [pidusage] We couldn't find uptime from /proc/uptime, using os.uptime() value
2026-06-02T09:12:30: PM2 warn: [pidusage] We couldn't find uptime from /proc/uptime, using os.uptime() value
2026-06-02T09:13:00: PM2 warn: [pidusage] We couldn't find uptime from /proc/uptime, using os.uptime() value
2026-06-02T09:13:30: PM2 warn: [pidusage] We couldn't find uptime from /proc/uptime, using os.uptime() value
2026-06-02T09:14:00: PM2 warn: [pidusage] We couldn't find uptime from /proc/uptime, using os.uptime() value
2026-06-02T09:14:30: PM2 warn: [pidusage] We couldn't find uptime from /proc/uptime, using os.uptime() value
2026-06-02T09:15:00: PM2 warn: [pidusage] We couldn't find uptime from /proc/uptime, using os.uptime() value
2026-06-02T09:15:30: PM2 warn: [pidusage] We couldn't find uptime from /proc/uptime, using os.uptime() value
2026-06-02T09:16:00: PM2 warn: [pidusage] We couldn't find uptime from /proc/uptime, using os.uptime() value
2026-06-02T09:16:30: PM2 warn: [pidusage] We couldn't find uptime from /proc/uptime, using os.uptime() value
2026-06-02T09:17:00: PM2 warn: [pidusage] We couldn't find uptime from /proc/uptime, using os.uptime() value
2026-06-02T09:17:30: PM2 warn: [pidusage] We couldn't find uptime from /proc/uptime, using os.uptime() value
2026-06-02T09:18:00: PM2 warn: [pidusage] We couldn't find uptime from /proc/uptime, using os.uptime() value
2026-06-02T09:18:30: PM2 warn: [pidusage] We couldn't find uptime from /proc/uptime, using os.uptime() value
2026-06-02T09:19:00: PM2 warn: [pidusage] We couldn't find uptime from /proc/uptime, using os.uptime() value
2026-06-02T09:19:30: PM2 warn: [pidusage] We couldn't find uptime from /proc/uptime, using os.uptime() value
2026-06-02T09:20:00: PM2 warn: [pidusage] We couldn't find uptime from /proc/uptime, using os.uptime() value
2026-06-02T09:20:30: PM2 warn: [pidusage] We couldn't find uptime from /proc/uptime, using os.uptime() value
2026-06-02T09:21:00: PM2 warn: [pidusage] We couldn't find uptime from /proc/uptime, using os.uptime() value
2026-06-02T09:21:30: PM2 warn: [pidusage] We couldn't find uptime from /proc/uptime, using os.uptime() value
2026-06-02T09:22:00: PM2 warn: [pidusage] We couldn't find uptime from /proc/uptime, using os.uptime() value
2026-06-02T09:22:30: PM2 warn: [pidusage] We couldn't find uptime from /proc/uptime, using os.uptime() value
2026-06-02T09:23:00: PM2 warn: [pidusage] We couldn't find uptime from /proc/uptime, using os.uptime() value
2026-06-02T09:23:30: PM2 warn: [pidusage] We couldn't find uptime from /proc/uptime, using os.uptime() value
2026-06-02T09:24:00: PM2 warn: [pidusage] We couldn't find uptime from /proc/uptime, using os.uptime() value
2026-06-02T09:24:30: PM2 warn: [pidusage] We couldn't find uptime from /proc/uptime, using os.uptime() value
2026-06-02T09:25:00: PM2 warn: [pidusage] We couldn't find uptime from /proc/uptime, using os.uptime() value
2026-06-02T09:25:30: PM2 warn: [pidusage] We couldn't find uptime from /proc/uptime, using os.uptime() value
2026-06-02T09:26:00: PM2 warn: [pidusage] We couldn't find uptime from /proc/uptime, using os.uptime() value
2026-06-02T09:26:30: PM2 warn: [pidusage] We couldn't find uptime from /proc/uptime, using os.uptime() value
2026-06-02T09:27:00: PM2 warn: [pidusage] We couldn't find uptime from /proc/uptime, using os.uptime() value
2026-06-02T09:27:30: PM2 warn: [pidusage] We couldn't find uptime from /proc/uptime, using os.uptime() value
2026-06-02T09:28:00: PM2 warn: [pidusage] We couldn't find uptime from /proc/uptime, using os.uptime() value
2026-06-02T09:28:30: PM2 warn: [pidusage] We couldn't find uptime from /proc/uptime, using os.uptime() value
2026-06-02T09:29:00: PM2 warn: [pidusage] We couldn't find uptime from /proc/uptime, using os.uptime() value
2026-06-02T09:29:30: PM2 warn: [pidusage] We couldn't find uptime from /proc/uptime, using os.uptime() value
2026-06-02T09:30:00: PM2 warn: [pidusage] We couldn't find uptime from /proc/uptime, using os.uptime() value
2026-06-02T09:30:30: PM2 warn: [pidusage] We couldn't find uptime from /proc/uptime, using os.uptime() value
2026-06-02T09:31:00: PM2 warn: [pidusage] We couldn't find uptime from /proc/uptime, using os.uptime() value
2026-06-02T09:31:30: PM2 warn: [pidusage] We couldn't find uptime from /proc/uptime, using os.uptime() value
2026-06-02T09:32:00: PM2 warn: [pidusage] We couldn't find uptime from /proc/uptime, using os.uptime() value
2026-06-02T09:32:30: PM2 warn: [pidusage] We couldn't find uptime from /proc/uptime, using os.uptime() value
2026-06-02T09:33:00: PM2 warn: [pidusage] We couldn't find uptime from /proc/uptime, using os.uptime() value
2026-06-02T09:33:30: PM2 warn: [pidusage] We couldn't find uptime from /proc/uptime, using os.uptime() value
2026-06-02T09:34:00: PM2 warn: [pidusage] We couldn't find uptime from /proc/uptime, using os.uptime() value
2026-06-02T09:34:30: PM2 warn: [pidusage] We couldn't find uptime from /proc/uptime, using os.uptime() value
2026-06-02T09:35:00: PM2 warn: [pidusage] We couldn't find uptime from /proc/uptime, using os.uptime() value
2026-06-02T09:35:30: PM2 warn: [pidusage] We couldn't find uptime from /proc/uptime, using os.uptime() value
2026-06-02T09:36:00: PM2 warn: [pidusage] We couldn't find uptime from /proc/uptime, using os.uptime() value
2026-06-02T09:36:30: PM2 warn: [pidusage] We couldn't find uptime from /proc/uptime, using os.uptime() value
2026-06-02T09:37:00: PM2 warn: [pidusage] We couldn't find uptime from /proc/uptime, using os.uptime() value
2026-06-02T09:37:30: PM2 warn: [pidusage] We couldn't find uptime from /proc/uptime, using os.uptime() value
2026-06-02T09:38:00: PM2 warn: [pidusage] We couldn't find uptime from /proc/uptime, using os.uptime() value
2026-06-02T09:38:30: PM2 warn: [pidusage] We couldn't find uptime from /proc/uptime, using os.uptime() value
2026-06-02T09:39:00: PM2 warn: [pidusage] We couldn't find uptime from /proc/uptime, using os.uptime() value
2026-06-02T09:39:30: PM2 warn: [pidusage] We couldn't find uptime from /proc/uptime, using os.uptime() value
2026-06-02T09:40:00: PM2 warn: [pidusage] We couldn't find uptime from /proc/uptime, using os.uptime() value
2026-06-02T09:40:30: PM2 warn: [pidusage] We couldn't find uptime from /proc/uptime, using os.uptime() value
2026-06-02T09:41:00: PM2 warn: [pidusage] We couldn't find uptime from /proc/uptime, using os.uptime() value
2026-06-02T09:41:30: PM2 warn: [pidusage] We couldn't find uptime from /proc/uptime, using os.uptime() value
2026-06-02T09:42:00: PM2 warn: [pidusage] We couldn't find uptime from /proc/uptime, using os.uptime() value
2026-06-02T09:42:30: PM2 warn: [pidusage] We couldn't find uptime from /proc/uptime, using os.uptime() value
2026-06-02T09:43:00: PM2 warn: [pidusage] We couldn't find uptime from /proc/uptime, using os.uptime() value
2026-06-02T09:43:30: PM2 warn: [pidusage] We couldn't find uptime from /proc/uptime, using os.uptime() value
2026-06-02T09:44:00: PM2 warn: [pidusage] We couldn't find uptime from /proc/uptime, using os.uptime() value
2026-06-02T09:44:30: PM2 warn: [pidusage] We couldn't find uptime from /proc/uptime, using os.uptime() value
2026-06-02T09:45:00: PM2 warn: [pidusage] We couldn't find uptime from /proc/uptime, using os.uptime() value
2026-06-02T09:45:30: PM2 warn: [pidusage] We couldn't find uptime from /proc/uptime, using os.uptime() value
2026-06-02T09:46:00: PM2 warn: [pidusage] We couldn't find uptime from /proc/uptime, using os.uptime() value
2026-06-02T09:46:30: PM2 warn: [pidusage] We couldn't find uptime from /proc/uptime, using os.uptime() value
2026-06-02T09:47:00: PM2 warn: [pidusage] We couldn't find uptime from /proc/uptime, using os.uptime() value
2026-06-02T09:47:30: PM2 warn: [pidusage] We couldn't find uptime from /proc/uptime, using os.uptime() value
2026-06-02T09:48:00: PM2 warn: [pidusage] We couldn't find uptime from /proc/uptime, using os.uptime() value
2026-06-02T09:48:30: PM2 warn: [pidusage] We couldn't find uptime from /proc/uptime, using os.uptime() value
2026-06-02T09:49:00: PM2 warn: [pidusage] We couldn't find uptime from /proc/uptime, using os.uptime() value
2026-06-02T09:49:30: PM2 warn: [pidusage] We couldn't find uptime from /proc/uptime, using os.uptime() value
2026-06-02T09:50:00: PM2 warn: [pidusage] We couldn't find uptime from /proc/uptime, using os.uptime() value
2026-06-02T09:50:30: PM2 warn: [pidusage] We couldn't find uptime from /proc/uptime, using os.uptime() value
2026-06-02T09:51:00: PM2 warn: [pidusage] We couldn't find uptime from /proc/uptime, using os.uptime() value
2026-06-02T09:51:30: PM2 warn: [pidusage] We couldn't find uptime from /proc/uptime, using os.uptime() value
2026-06-02T09:52:00: PM2 warn: [pidusage] We couldn't find uptime from /proc/uptime, using os.uptime() value
2026-06-02T09:52:30: PM2 warn: [pidusage] We couldn't find uptime from /proc/uptime, using os.uptime() value
2026-06-02T09:53:00: PM2 warn: [pidusage] We couldn't find uptime from /proc/uptime, using os.uptime() value
2026-06-02T09:53:30: PM2 warn: [pidusage] We couldn't find uptime from /proc/uptime, using os.uptime() value
2026-06-02T09:54:00: PM2 warn: [pidusage] We couldn't find uptime from /proc/uptime, using os.uptime() value
2026-06-02T09:54:30: PM2 warn: [pidusage] We couldn't find uptime from /proc/uptime, using os.uptime() value
2026-06-02T09:55:00: PM2 warn: [pidusage] We couldn't find uptime from /proc/uptime, using os.uptime() value
2026-06-02T09:55:30: PM2 warn: [pidusage] We couldn't find uptime from /proc/uptime, using os.uptime() value
2026-06-02T09:56:00: PM2 warn: [pidusage] We couldn't find uptime from /proc/uptime, using os.uptime() value
2026-06-02T09:56:30: PM2 warn: [pidusage] We couldn't find uptime from /proc/uptime, using os.uptime() value
2026-06-02T09:57:00: PM2 warn: [pidusage] We couldn't find uptime from /proc/uptime, using os.uptime() value
2026-06-02T09:57:30: PM2 warn: [pidusage] We couldn't find uptime from /proc/uptime, using os.uptime() value
2026-06-02T09:58:00: PM2 warn: [pidusage] We couldn't find uptime from /proc/uptime, using os.uptime() value
2026-06-02T09:58:30: PM2 warn: [pidusage] We couldn't find uptime from /proc/uptime, using os.uptime() value
2026-06-02T09:59:00: PM2 warn: [pidusage] We couldn't find uptime from /proc/uptime, using os.uptime() value
2026-06-02T09:59:30: PM2 warn: [pidusage] We couldn't find uptime from /proc/uptime, using os.uptime() value
2026-06-02T10:00:00: PM2 warn: [pidusage] We couldn't find uptime from /proc/uptime, using os.uptime() value
2026-06-02T10:00:30: PM2 warn: [pidusage] We couldn't find uptime from /proc/uptime, using os.uptime() value
2026-06-02T10:01:00: PM2 warn: [pidusage] We couldn't find uptime from /proc/uptime, using os.uptime() value
2026-06-02T10:01:30: PM2 warn: [pidusage] We couldn't find uptime from /proc/uptime, using os.uptime() value
2026-06-02T10:02:00: PM2 warn: [pidusage] We couldn't find uptime from /proc/uptime, using os.uptime() value
2026-06-02T10:02:30: PM2 warn: [pidusage] We couldn't find uptime from /proc/uptime, using os.uptime() value
2026-06-02T10:03:00: PM2 warn: [pidusage] We couldn't find uptime from /proc/uptime, using os.uptime() value
2026-06-02T10:03:30: PM2 warn: [pidusage] We couldn't find uptime from /proc/uptime, using os.uptime() value
2026-06-02T10:04:00: PM2 warn: [pidusage] We couldn't find uptime from /proc/uptime, using os.uptime() value
2026-06-02T10:04:30: PM2 warn: [pidusage] We couldn't find uptime from /proc/uptime, using os.uptime() value
2026-06-02T10:05:00: PM2 warn: [pidusage] We couldn't find uptime from /proc/uptime, using os.uptime() value
2026-06-02T10:05:30: PM2 warn: [pidusage] We couldn't find uptime from /proc/uptime, using os.uptime() value
2026-06-02T10:06:00: PM2 warn: [pidusage] We couldn't find uptime from /proc/uptime, using os.uptime() value
2026-06-02T10:06:30: PM2 warn: [pidusage] We couldn't find uptime from /proc/uptime, using os.uptime() value
2026-06-02T10:07:00: PM2 warn: [pidusage] We couldn't find uptime from /proc/uptime, using os.uptime() value
2026-06-02T10:07:30: PM2 warn: [pidusage] We couldn't find uptime from /proc/uptime, using os.uptime() value
2026-06-02T10:08:00: PM2 warn: [pidusage] We couldn't find uptime from /proc/uptime, using os.uptime() value
2026-06-02T10:08:30: PM2 warn: [pidusage] We couldn't find uptime from /proc/uptime, using os.uptime() value
2026-06-02T10:09:00: PM2 warn: [pidusage] We couldn't find uptime from /proc/uptime, using os.uptime() value
2026-06-02T10:09:30: PM2 warn: [pidusage] We couldn't find uptime from /proc/uptime, using os.uptime() value
2026-06-02T10:10:00: PM2 warn: [pidusage] We couldn't find uptime from /proc/uptime, using os.uptime() value
2026-06-02T10:10:30: PM2 warn: [pidusage] We couldn't find uptime from /proc/uptime, using os.uptime() value
2026-06-02T10:11:00: PM2 warn: [pidusage] We couldn't find uptime from /proc/uptime, using os.uptime() value
2026-06-02T10:11:30: PM2 warn: [pidusage] We couldn't find uptime from /proc/uptime, using os.uptime() value
2026-06-02T10:12:00: PM2 warn: [pidusage] We couldn't find uptime from /proc/uptime, using os.uptime() value
2026-06-02T10:12:30: PM2 warn: [pidusage] We couldn't find uptime from /proc/uptime, using os.uptime() value
2026-06-02T10:13:00: PM2 warn: [pidusage] We couldn't find uptime from /proc/uptime, using os.uptime() value
2026-06-02T10:13:30: PM2 warn: [pidusage] We couldn't find uptime from /proc/uptime, using os.uptime() value
2026-06-02T10:14:00: PM2 warn: [pidusage] We couldn't find uptime from /proc/uptime, using os.uptime() value
2026-06-02T10:14:30: PM2 warn: [pidusage] We couldn't find uptime from /proc/uptime, using os.uptime() value
2026-06-02T10:15:00: PM2 warn: [pidusage] We couldn't find uptime from /proc/uptime, using os.uptime() value
2026-06-02T10:15:30: PM2 warn: [pidusage] We couldn't find uptime from /proc/uptime, using os.uptime() value
2026-06-02T10:16:00: PM2 warn: [pidusage] We couldn't find uptime from /proc/uptime, using os.uptime() value
2026-06-02T10:16:30: PM2 warn: [pidusage] We couldn't find uptime from /proc/uptime, using os.uptime() value
2026-06-02T10:17:00: PM2 warn: [pidusage] We couldn't find uptime from /proc/uptime, using os.uptime() value
2026-06-02T10:17:30: PM2 warn: [pidusage] We couldn't find uptime from /proc/uptime, using os.uptime() value
2026-06-02T10:18:00: PM2 warn: [pidusage] We couldn't find uptime from /proc/uptime, using os.uptime() value
2026-06-02T10:18:30: PM2 warn: [pidusage] We couldn't find uptime from /proc/uptime, using os.uptime() value
2026-06-02T10:19:00: PM2 warn: [pidusage] We couldn't find uptime from /proc/uptime, using os.uptime() value
2026-06-02T10:19:30: PM2 warn: [pidusage] We couldn't find uptime from /proc/uptime, using os.uptime() value
2026-06-02T10:20:00: PM2 warn: [pidusage] We couldn't find uptime from /proc/uptime, using os.uptime() value
2026-06-02T10:20:30: PM2 warn: [pidusage] We couldn't find uptime from /proc/uptime, using os.uptime() value
2026-06-02T10:21:00: PM2 warn: [pidusage] We couldn't find uptime from /proc/uptime, using os.uptime() value
2026-06-02T10:21:30: PM2 warn: [pidusage] We couldn't find uptime from /proc/uptime, using os.uptime() value
2026-06-02T10:22:00: PM2 warn: [pidusage] We couldn't find uptime from /proc/uptime, using os.uptime() value
2026-06-02T10:22:30: PM2 warn: [pidusage] We couldn't find uptime from /proc/uptime, using os.uptime() value
2026-06-02T10:23:00: PM2 warn: [pidusage] We couldn't find uptime from /proc/uptime, using os.uptime() value
2026-06-02T10:23:30: PM2 warn: [pidusage] We couldn't find uptime from /proc/uptime, using os.uptime() value
2026-06-02T10:24:00: PM2 warn: [pidusage] We couldn't find uptime from /proc/uptime, using os.uptime() value
2026-06-02T10:24:30: PM2 warn: [pidusage] We couldn't find uptime from /proc/uptime, using os.uptime() value
2026-06-02T10:25:00: PM2 warn: [pidusage] We couldn't find uptime from /proc/uptime, using os.uptime() value
2026-06-02T10:25:30: PM2 warn: [pidusage] We couldn't find uptime from /proc/uptime, using os.uptime() value
2026-06-02T10:26:00: PM2 warn: [pidusage] We couldn't find uptime from /proc/uptime, using os.uptime() value
2026-06-02T10:26:30: PM2 warn: [pidusage] We couldn't find uptime from /proc/uptime, using os.uptime() value
2026-06-02T10:27:00: PM2 warn: [pidusage] We couldn't find uptime from /proc/uptime, using os.uptime() value
2026-06-02T10:27:30: PM2 warn: [pidusage] We couldn't find uptime from /proc/uptime, using os.uptime() value
2026-06-02T10:28:00: PM2 warn: [pidusage] We couldn't find uptime from /proc/uptime, using os.uptime() value
2026-06-02T10:28:30: PM2 warn: [pidusage] We couldn't find uptime from /proc/uptime, using os.uptime() value
2026-06-02T10:29:01: PM2 warn: [pidusage] We couldn't find uptime from /proc/uptime, using os.uptime() value
2026-06-02T10:29:30: PM2 warn: [pidusage] We couldn't find uptime from /proc/uptime, using os.uptime() value
2026-06-02T10:30:00: PM2 warn: [pidusage] We couldn't find uptime from /proc/uptime, using os.uptime() value
2026-06-02T10:30:30: PM2 warn: [pidusage] We couldn't find uptime from /proc/uptime, using os.uptime() value
2026-06-02T10:31:00: PM2 warn: [pidusage] We couldn't find uptime from /proc/uptime, using os.uptime() value
2026-06-02T10:31:30: PM2 warn: [pidusage] We couldn't find uptime from /proc/uptime, using os.uptime() value
2026-06-02T10:32:00: PM2 warn: [pidusage] We couldn't find uptime from /proc/uptime, using os.uptime() value
2026-06-02T10:32:30: PM2 warn: [pidusage] We couldn't find uptime from /proc/uptime, using os.uptime() value
2026-06-02T10:33:00: PM2 warn: [pidusage] We couldn't find uptime from /proc/uptime, using os.uptime() value
2026-06-02T10:33:30: PM2 warn: [pidusage] We couldn't find uptime from /proc/uptime, using os.uptime() value
2026-06-02T10:34:00: PM2 warn: [pidusage] We couldn't find uptime from /proc/uptime, using os.uptime() value
2026-06-02T10:34:30: PM2 warn: [pidusage] We couldn't find uptime from /proc/uptime, using os.uptime() value
2026-06-02T10:35:00: PM2 warn: [pidusage] We couldn't find uptime from /proc/uptime, using os.uptime() value
2026-06-02T10:35:30: PM2 warn: [pidusage] We couldn't find uptime from /proc/uptime, using os.uptime() value
2026-06-02T10:36:00: PM2 warn: [pidusage] We couldn't find uptime from /proc/uptime, using os.uptime() value
2026-06-02T10:36:30: PM2 warn: [pidusage] We couldn't find uptime from /proc/uptime, using os.uptime() value
2026-06-02T10:37:00: PM2 warn: [pidusage] We couldn't find uptime from /proc/uptime, using os.uptime() value
2026-06-02T10:37:30: PM2 warn: [pidusage] We couldn't find uptime from /proc/uptime, using os.uptime() value
2026-06-02T10:38:00: PM2 warn: [pidusage] We couldn't find uptime from /proc/uptime, using os.uptime() value
2026-06-02T10:38:30: PM2 warn: [pidusage] We couldn't find uptime from /proc/uptime, using os.uptime() value
2026-06-02T10:39:00: PM2 warn: [pidusage] We couldn't find uptime from /proc/uptime, using os.uptime() value
2026-06-02T10:39:30: PM2 warn: [pidusage] We couldn't find uptime from /proc/uptime, using os.uptime() value
2026-06-02T10:40:00: PM2 warn: [pidusage] We couldn't find uptime from /proc/uptime, using os.uptime() value
2026-06-02T10:40:31: PM2 warn: [pidusage] We couldn't find uptime from /proc/uptime, using os.uptime() value
2026-06-02T10:41:01: PM2 warn: [pidusage] We couldn't find uptime from /proc/uptime, using os.uptime() value
2026-06-02T10:41:31: PM2 warn: [pidusage] We couldn't find uptime from /proc/uptime, using os.uptime() value
2026-06-02T10:42:01: PM2 warn: [pidusage] We couldn't find uptime from /proc/uptime, using os.uptime() value
2026-06-02T10:42:31: PM2 warn: [pidusage] We couldn't find uptime from /proc/uptime, using os.uptime() value
2026-06-02T10:43:01: PM2 warn: [pidusage] We couldn't find uptime from /proc/uptime, using os.uptime() value
2026-06-02T10:43:31: PM2 warn: [pidusage] We couldn't find uptime from /proc/uptime, using os.uptime() value
2026-06-02T10:44:01: PM2 warn: [pidusage] We couldn't find uptime from /proc/uptime, using os.uptime() value
2026-06-02T10:44:31: PM2 warn: [pidusage] We couldn't find uptime from /proc/uptime, using os.uptime() value
2026-06-02T10:45:01: PM2 warn: [pidusage] We couldn't find uptime from /proc/uptime, using os.uptime() value
2026-06-02T10:45:31: PM2 warn: [pidusage] We couldn't find uptime from /proc/uptime, using os.uptime() value
2026-06-02T10:46:01: PM2 warn: [pidusage] We couldn't find uptime from /proc/uptime, using os.uptime() value
2026-06-02T10:46:31: PM2 warn: [pidusage] We couldn't find uptime from /proc/uptime, using os.uptime() value
2026-06-02T10:47:01: PM2 warn: [pidusage] We couldn't find uptime from /proc/uptime, using os.uptime() value
2026-06-02T10:47:31: PM2 warn: [pidusage] We couldn't find uptime from /proc/uptime, using os.uptime() value
2026-06-02T10:48:01: PM2 warn: [pidusage] We couldn't find uptime from /proc/uptime, using os.uptime() value
2026-06-02T10:48:31: PM2 warn: [pidusage] We couldn't find uptime from /proc/uptime, using os.uptime() value
2026-06-02T10:49:01: PM2 warn: [pidusage] We couldn't find uptime from /proc/uptime, using os.uptime() value
2026-06-02T10:49:31: PM2 warn: [pidusage] We couldn't find uptime from /proc/uptime, using os.uptime() value
2026-06-02T10:50:01: PM2 warn: [pidusage] We couldn't find uptime from /proc/uptime, using os.uptime() value
2026-06-02T10:50:31: PM2 warn: [pidusage] We couldn't find uptime from /proc/uptime, using os.uptime() value
2026-06-02T10:51:01: PM2 warn: [pidusage] We couldn't find uptime from /proc/uptime, using os.uptime() value
2026-06-02T10:51:31: PM2 warn: [pidusage] We couldn't find uptime from /proc/uptime, using os.uptime() value
2026-06-02T10:52:01: PM2 warn: [pidusage] We couldn't find uptime from /proc/uptime, using os.uptime() value
2026-06-02T10:52:31: PM2 warn: [pidusage] We couldn't find uptime from /proc/uptime, using os.uptime() value
2026-06-02T10:53:01: PM2 warn: [pidusage] We couldn't find uptime from /proc/uptime, using os.uptime() value
2026-06-02T10:53:31: PM2 warn: [pidusage] We couldn't find uptime from /proc/uptime, using os.uptime() value
2026-06-02T10:54:01: PM2 warn: [pidusage] We couldn't find uptime from /proc/uptime, using os.uptime() value
2026-06-02T10:54:31: PM2 warn: [pidusage] We couldn't find uptime from /proc/uptime, using os.uptime() value
2026-06-02T10:55:01: PM2 warn: [pidusage] We couldn't find uptime from /proc/uptime, using os.uptime() value
2026-06-02T10:55:31: PM2 warn: [pidusage] We couldn't find uptime from /proc/uptime, using os.uptime() value
2026-06-02T10:56:01: PM2 warn: [pidusage] We couldn't find uptime from /proc/uptime, using os.uptime() value
2026-06-02T10:56:31: PM2 warn: [pidusage] We couldn't find uptime from /proc/uptime, using os.uptime() value
2026-06-02T10:57:01: PM2 warn: [pidusage] We couldn't find uptime from /proc/uptime, using os.uptime() value
2026-06-02T10:57:31: PM2 warn: [pidusage] We couldn't find uptime from /proc/uptime, using os.uptime() value
2026-06-02T10:58:01: PM2 warn: [pidusage] We couldn't find uptime from /proc/uptime, using os.uptime() value
2026-06-02T10:58:31: PM2 warn: [pidusage] We couldn't find uptime from /proc/uptime, using os.uptime() value
2026-06-02T10:59:01: PM2 warn: [pidusage] We couldn't find uptime from /proc/uptime, using os.uptime() value
2026-06-02T10:59:31: PM2 warn: [pidusage] We couldn't find uptime from /proc/uptime, using os.uptime() value
2026-06-02T11:00:01: PM2 warn: [pidusage] We couldn't find uptime from /proc/uptime, using os.uptime() value
2026-06-02T11:00:31: PM2 warn: [pidusage] We couldn't find uptime from /proc/uptime, using os.uptime() value
2026-06-02T11:01:01: PM2 warn: [pidusage] We couldn't find uptime from /proc/uptime, using os.uptime() value
2026-06-02T11:01:31: PM2 warn: [pidusage] We couldn't find uptime from /proc/uptime, using os.uptime() value
2026-06-02T11:02:01: PM2 warn: [pidusage] We couldn't find uptime from /proc/uptime, using os.uptime() value
2026-06-02T11:02:31: PM2 warn: [pidusage] We couldn't find uptime from /proc/uptime, using os.uptime() value
2026-06-02T11:03:01: PM2 warn: [pidusage] We couldn't find uptime from /proc/uptime, using os.uptime() value
2026-06-02T11:03:31: PM2 warn: [pidusage] We couldn't find uptime from /proc/uptime, using os.uptime() value
2026-06-02T11:04:01: PM2 warn: [pidusage] We couldn't find uptime from /proc/uptime, using os.uptime() value
2026-06-02T11:04:31: PM2 warn: [pidusage] We couldn't find uptime from /proc/uptime, using os.uptime() value
2026-06-02T11:04:59: PM2 warn: [pidusage] We couldn't find uptime from /proc/uptime, using os.uptime() value
2026-06-02T11:05:29: PM2 warn: [pidusage] We couldn't find uptime from /proc/uptime, using os.uptime() value
2026-06-02T11:05:59: PM2 warn: [pidusage] We couldn't find uptime from /proc/uptime, using os.uptime() value
2026-06-02T11:06:29: PM2 warn: [pidusage] We couldn't find uptime from /proc/uptime, using os.uptime() value
2026-06-02T11:06:59: PM2 warn: [pidusage] We couldn't find uptime from /proc/uptime, using os.uptime() value
2026-06-02T11:07:29: PM2 warn: [pidusage] We couldn't find uptime from /proc/uptime, using os.uptime() value
2026-06-02T11:07:59: PM2 warn: [pidusage] We couldn't find uptime from /proc/uptime, using os.uptime() value
2026-06-02T11:08:29: PM2 warn: [pidusage] We couldn't find uptime from /proc/uptime, using os.uptime() value
2026-06-02T11:08:59: PM2 warn: [pidusage] We couldn't find uptime from /proc/uptime, using os.uptime() value
2026-06-02T11:09:29: PM2 warn: [pidusage] We couldn't find uptime from /proc/uptime, using os.uptime() value
2026-06-02T11:09:59: PM2 warn: [pidusage] We couldn't find uptime from /proc/uptime, using os.uptime() value
2026-06-02T11:10:29: PM2 warn: [pidusage] We couldn't find uptime from /proc/uptime, using os.uptime() value
2026-06-02T11:10:59: PM2 warn: [pidusage] We couldn't find uptime from /proc/uptime, using os.uptime() value
2026-06-02T11:11:29: PM2 warn: [pidusage] We couldn't find uptime from /proc/uptime, using os.uptime() value
2026-06-02T11:11:59: PM2 warn: [pidusage] We couldn't find uptime from /proc/uptime, using os.uptime() value
2026-06-02T11:12:29: PM2 warn: [pidusage] We couldn't find uptime from /proc/uptime, using os.uptime() value
2026-06-02T11:12:59: PM2 warn: [pidusage] We couldn't find uptime from /proc/uptime, using os.uptime() value
2026-06-02T11:13:29: PM2 warn: [pidusage] We couldn't find uptime from /proc/uptime, using os.uptime() value
2026-06-02T11:13:59: PM2 warn: [pidusage] We couldn't find uptime from /proc/uptime, using os.uptime() value
2026-06-02T11:14:29: PM2 warn: [pidusage] We couldn't find uptime from /proc/uptime, using os.uptime() value
2026-06-02T11:14:59: PM2 warn: [pidusage] We couldn't find uptime from /proc/uptime, using os.uptime() value
2026-06-02T11:15:29: PM2 warn: [pidusage] We couldn't find uptime from /proc/uptime, using os.uptime() value
2026-06-02T11:15:59: PM2 warn: [pidusage] We couldn't find uptime from /proc/uptime, using os.uptime() value
2026-06-02T11:16:29: PM2 warn: [pidusage] We couldn't find uptime from /proc/uptime, using os.uptime() value
2026-06-02T11:16:59: PM2 warn: [pidusage] We couldn't find uptime from /proc/uptime, using os.uptime() value
2026-06-02T11:17:29: PM2 warn: [pidusage] We couldn't find uptime from /proc/uptime, using os.uptime() value
2026-06-02T11:17:59: PM2 warn: [pidusage] We couldn't find uptime from /proc/uptime, using os.uptime() value
2026-06-02T11:18:29: PM2 warn: [pidusage] We couldn't find uptime from /proc/uptime, using os.uptime() value
2026-06-02T11:18:59: PM2 warn: [pidusage] We couldn't find uptime from /proc/uptime, using os.uptime() value
2026-06-02T11:19:29: PM2 warn: [pidusage] We couldn't find uptime from /proc/uptime, using os.uptime() value
2026-06-02T11:19:59: PM2 warn: [pidusage] We couldn't find uptime from /proc/uptime, using os.uptime() value
2026-06-02T11:20:29: PM2 warn: [pidusage] We couldn't find uptime from /proc/uptime, using os.uptime() value
2026-06-02T11:20:59: PM2 warn: [pidusage] We couldn't find uptime from /proc/uptime, using os.uptime() value
2026-06-02T11:21:29: PM2 warn: [pidusage] We couldn't find uptime from /proc/uptime, using os.uptime() value
2026-06-02T11:21:59: PM2 warn: [pidusage] We couldn't find uptime from /proc/uptime, using os.uptime() value
2026-06-02T11:22:29: PM2 warn: [pidusage] We couldn't find uptime from /proc/uptime, using os.uptime() value
2026-06-02T11:22:59: PM2 warn: [pidusage] We couldn't find uptime from /proc/uptime, using os.uptime() value
2026-06-02T11:23:29: PM2 warn: [pidusage] We couldn't find uptime from /proc/uptime, using os.uptime() value
2026-06-02T11:23:59: PM2 warn: [pidusage] We couldn't find uptime from /proc/uptime, using os.uptime() value
2026-06-02T11:24:29: PM2 warn: [pidusage] We couldn't find uptime from /proc/uptime, using os.uptime() value
2026-06-02T11:24:59: PM2 warn: [pidusage] We couldn't find uptime from /proc/uptime, using os.uptime() value
2026-06-02T11:25:29: PM2 warn: [pidusage] We couldn't find uptime from /proc/uptime, using os.uptime() value
2026-06-02T11:25:59: PM2 warn: [pidusage] We couldn't find uptime from /proc/uptime, using os.uptime() value
2026-06-02T11:26:29: PM2 warn: [pidusage] We couldn't find uptime from /proc/uptime, using os.uptime() value
2026-06-02T11:26:59: PM2 warn: [pidusage] We couldn't find uptime from /proc/uptime, using os.uptime() value
2026-06-02T11:27:29: PM2 warn: [pidusage] We couldn't find uptime from /proc/uptime, using os.uptime() value
2026-06-02T11:27:59: PM2 warn: [pidusage] We couldn't find uptime from /proc/uptime, using os.uptime() value
2026-06-02T11:28:29: PM2 warn: [pidusage] We couldn't find uptime from /proc/uptime, using os.uptime() value
2026-06-02T11:28:59: PM2 warn: [pidusage] We couldn't find uptime from /proc/uptime, using os.uptime() value
2026-06-02T11:29:29: PM2 warn: [pidusage] We couldn't find uptime from /proc/uptime, using os.uptime() value
2026-06-02T11:29:59: PM2 warn: [pidusage] We couldn't find uptime from /proc/uptime, using os.uptime() value
2026-06-02T11:30:29: PM2 warn: [pidusage] We couldn't find uptime from /proc/uptime, using os.uptime() value
2026-06-02T11:30:59: PM2 warn: [pidusage] We couldn't find uptime from /proc/uptime, using os.uptime() value
2026-06-02T11:31:29: PM2 warn: [pidusage] We couldn't find uptime from /proc/uptime, using os.uptime() value
2026-06-02T11:31:59: PM2 warn: [pidusage] We couldn't find uptime from /proc/uptime, using os.uptime() value
2026-06-02T11:32:29: PM2 warn: [pidusage] We couldn't find uptime from /proc/uptime, using os.uptime() value
2026-06-02T11:32:59: PM2 warn: [pidusage] We couldn't find uptime from /proc/uptime, using os.uptime() value
2026-06-02T11:33:29: PM2 warn: [pidusage] We couldn't find uptime from /proc/uptime, using os.uptime() value
2026-06-02T11:33:59: PM2 warn: [pidusage] We couldn't find uptime from /proc/uptime, using os.uptime() value
2026-06-02T11:34:29: PM2 warn: [pidusage] We couldn't find uptime from /proc/uptime, using os.uptime() value
2026-06-02T11:34:59: PM2 warn: [pidusage] We couldn't find uptime from /proc/uptime, using os.uptime() value
2026-06-02T11:35:29: PM2 warn: [pidusage] We couldn't find uptime from /proc/uptime, using os.uptime() value
2026-06-02T11:35:59: PM2 warn: [pidusage] We couldn't find uptime from /proc/uptime, using os.uptime() value
2026-06-02T11:36:29: PM2 warn: [pidusage] We couldn't find uptime from /proc/uptime, using os.uptime() value
2026-06-02T11:36:59: PM2 warn: [pidusage] We couldn't find uptime from /proc/uptime, using os.uptime() value
2026-06-02T11:37:29: PM2 warn: [pidusage] We couldn't find uptime from /proc/uptime, using os.uptime() value
2026-06-02T11:37:59: PM2 warn: [pidusage] We couldn't find uptime from /proc/uptime, using os.uptime() value
2026-06-02T11:38:29: PM2 warn: [pidusage] We couldn't find uptime from /proc/uptime, using os.uptime() value
2026-06-02T11:38:59: PM2 warn: [pidusage] We couldn't find uptime from /proc/uptime, using os.uptime() value
2026-06-02T11:39:29: PM2 warn: [pidusage] We couldn't find uptime from /proc/uptime, using os.uptime() value
2026-06-02T11:39:59: PM2 warn: [pidusage] We couldn't find uptime from /proc/uptime, using os.uptime() value
2026-06-02T11:40:29: PM2 warn: [pidusage] We couldn't find uptime from /proc/uptime, using os.uptime() value
2026-06-02T11:40:59: PM2 warn: [pidusage] We couldn't find uptime from /proc/uptime, using os.uptime() value
2026-06-02T11:41:29: PM2 warn: [pidusage] We couldn't find uptime from /proc/uptime, using os.uptime() value
2026-06-02T11:41:59: PM2 warn: [pidusage] We couldn't find uptime from /proc/uptime, using os.uptime() value
2026-06-02T11:42:29: PM2 warn: [pidusage] We couldn't find uptime from /proc/uptime, using os.uptime() value
2026-06-02T11:42:59: PM2 warn: [pidusage] We couldn't find uptime from /proc/uptime, using os.uptime() value
2026-06-02T11:43:29: PM2 warn: [pidusage] We couldn't find uptime from /proc/uptime, using os.uptime() value
2026-06-02T11:43:59: PM2 warn: [pidusage] We couldn't find uptime from /proc/uptime, using os.uptime() value
2026-06-02T11:44:29: PM2 warn: [pidusage] We couldn't find uptime from /proc/uptime, using os.uptime() value
2026-06-02T11:44:59: PM2 warn: [pidusage] We couldn't find uptime from /proc/uptime, using os.uptime() value
2026-06-02T11:45:29: PM2 warn: [pidusage] We couldn't find uptime from /proc/uptime, using os.uptime() value
2026-06-02T11:45:59: PM2 warn: [pidusage] We couldn't find uptime from /proc/uptime, using os.uptime() value
2026-06-02T11:46:29: PM2 warn: [pidusage] We couldn't find uptime from /proc/uptime, using os.uptime() value
2026-06-02T11:46:59: PM2 warn: [pidusage] We couldn't find uptime from /proc/uptime, using os.uptime() value
2026-06-02T11:47:29: PM2 warn: [pidusage] We couldn't find uptime from /proc/uptime, using os.uptime() value
2026-06-02T11:47:59: PM2 warn: [pidusage] We couldn't find uptime from /proc/uptime, using os.uptime() value
2026-06-02T11:48:29: PM2 warn: [pidusage] We couldn't find uptime from /proc/uptime, using os.uptime() value
2026-06-02T11:48:59: PM2 warn: [pidusage] We couldn't find uptime from /proc/uptime, using os.uptime() value
2026-06-02T11:49:29: PM2 warn: [pidusage] We couldn't find uptime from /proc/uptime, using os.uptime() value
2026-06-02T11:49:59: PM2 warn: [pidusage] We couldn't find uptime from /proc/uptime, using os.uptime() value
2026-06-02T11:50:29: PM2 warn: [pidusage] We couldn't find uptime from /proc/uptime, using os.uptime() value
2026-06-02T11:50:59: PM2 warn: [pidusage] We couldn't find uptime from /proc/uptime, using os.uptime() value
2026-06-02T11:51:29: PM2 warn: [pidusage] We couldn't find uptime from /proc/uptime, using os.uptime() value
2026-06-02T11:51:59: PM2 warn: [pidusage] We couldn't find uptime from /proc/uptime, using os.uptime() value
2026-06-02T11:52:29: PM2 warn: [pidusage] We couldn't find uptime from /proc/uptime, using os.uptime() value
2026-06-02T11:52:59: PM2 warn: [pidusage] We couldn't find uptime from /proc/uptime, using os.uptime() value
2026-06-02T11:53:29: PM2 warn: [pidusage] We couldn't find uptime from /proc/uptime, using os.uptime() value
2026-06-02T11:53:59: PM2 warn: [pidusage] We couldn't find uptime from /proc/uptime, using os.uptime() value
2026-06-02T11:54:29: PM2 warn: [pidusage] We couldn't find uptime from /proc/uptime, using os.uptime() value
2026-06-02T11:54:59: PM2 warn: [pidusage] We couldn't find uptime from /proc/uptime, using os.uptime() value
2026-06-02T11:55:29: PM2 warn: [pidusage] We couldn't find uptime from /proc/uptime, using os.uptime() value
2026-06-02T11:55:59: PM2 warn: [pidusage] We couldn't find uptime from /proc/uptime, using os.uptime() value
2026-06-02T11:56:29: PM2 warn: [pidusage] We couldn't find uptime from /proc/uptime, using os.uptime() value
2026-06-02T11:56:59: PM2 warn: [pidusage] We couldn't find uptime from /proc/uptime, using os.uptime() value
2026-06-02T11:57:29: PM2 warn: [pidusage] We couldn't find uptime from /proc/uptime, using os.uptime() value
2026-06-02T11:57:59: PM2 warn: [pidusage] We couldn't find uptime from /proc/uptime, using os.uptime() value
2026-06-02T11:58:29: PM2 warn: [pidusage] We couldn't find uptime from /proc/uptime, using os.uptime() value
2026-06-02T11:58:59: PM2 warn: [pidusage] We couldn't find uptime from /proc/uptime, using os.uptime() value
2026-06-02T11:59:29: PM2 warn: [pidusage] We couldn't find uptime from /proc/uptime, using os.uptime() value
2026-06-02T11:59:59: PM2 warn: [pidusage] We couldn't find uptime from /proc/uptime, using os.uptime() value
2026-06-02T12:00:29: PM2 warn: [pidusage] We couldn't find uptime from /proc/uptime, using os.uptime() value
2026-06-02T12:00:59: PM2 warn: [pidusage] We couldn't find uptime from /proc/uptime, using os.uptime() value
2026-06-02T12:01:29: PM2 warn: [pidusage] We couldn't find uptime from /proc/uptime, using os.uptime() value
2026-06-02T12:01:59: PM2 warn: [pidusage] We couldn't find uptime from /proc/uptime, using os.uptime() value
2026-06-02T12:02:29: PM2 warn: [pidusage] We couldn't find uptime from /proc/uptime, using os.uptime() value
2026-06-02T12:02:59: PM2 warn: [pidusage] We couldn't find uptime from /proc/uptime, using os.uptime() value
2026-06-02T12:03:29: PM2 warn: [pidusage] We couldn't find uptime from /proc/uptime, using os.uptime() value
2026-06-02T12:03:59: PM2 warn: [pidusage] We couldn't find uptime from /proc/uptime, using os.uptime() value
2026-06-02T12:04:29: PM2 warn: [pidusage] We couldn't find uptime from /proc/uptime, using os.uptime() value
2026-06-02T12:04:59: PM2 warn: [pidusage] We couldn't find uptime from /proc/uptime, using os.uptime() value
2026-06-02T12:05:29: PM2 warn: [pidusage] We couldn't find uptime from /proc/uptime, using os.uptime() value
2026-06-02T12:05:59: PM2 warn: [pidusage] We couldn't find uptime from /proc/uptime, using os.uptime() value
2026-06-02T12:06:29: PM2 warn: [pidusage] We couldn't find uptime from /proc/uptime, using os.uptime() value
2026-06-02T12:06:59: PM2 warn: [pidusage] We couldn't find uptime from /proc/uptime, using os.uptime() value
2026-06-02T12:07:29: PM2 warn: [pidusage] We couldn't find uptime from /proc/uptime, using os.uptime() value
2026-06-02T12:07:59: PM2 warn: [pidusage] We couldn't find uptime from /proc/uptime, using os.uptime() value
2026-06-02T12:08:29: PM2 warn: [pidusage] We couldn't find uptime from /proc/uptime, using os.uptime() value
2026-06-02T12:08:59: PM2 warn: [pidusage] We couldn't find uptime from /proc/uptime, using os.uptime() value
2026-06-02T12:09:29: PM2 warn: [pidusage] We couldn't find uptime from /proc/uptime, using os.uptime() value
2026-06-02T12:09:59: PM2 warn: [pidusage] We couldn't find uptime from /proc/uptime, using os.uptime() value
2026-06-02T12:10:29: PM2 warn: [pidusage] We couldn't find uptime from /proc/uptime, using os.uptime() value
2026-06-02T12:10:59: PM2 warn: [pidusage] We couldn't find uptime from /proc/uptime, using os.uptime() value
2026-06-02T12:11:29: PM2 warn: [pidusage] We couldn't find uptime from /proc/uptime, using os.uptime() value
2026-06-02T12:11:59: PM2 warn: [pidusage] We couldn't find uptime from /proc/uptime, using os.uptime() value
2026-06-02T12:12:29: PM2 warn: [pidusage] We couldn't find uptime from /proc/uptime, using os.uptime() value
2026-06-02T12:12:59: PM2 warn: [pidusage] We couldn't find uptime from /proc/uptime, using os.uptime() value
2026-06-02T12:13:29: PM2 warn: [pidusage] We couldn't find uptime from /proc/uptime, using os.uptime() value
2026-06-02T12:13:59: PM2 warn: [pidusage] We couldn't find uptime from /proc/uptime, using os.uptime() value
2026-06-02T12:14:29: PM2 warn: [pidusage] We couldn't find uptime from /proc/uptime, using os.uptime() value
2026-06-02T12:14:59: PM2 warn: [pidusage] We couldn't find uptime from /proc/uptime, using os.uptime() value
2026-06-02T12:15:29: PM2 warn: [pidusage] We couldn't find uptime from /proc/uptime, using os.uptime() value
2026-06-02T12:15:59: PM2 warn: [pidusage] We couldn't find uptime from /proc/uptime, using os.uptime() value
2026-06-02T12:16:29: PM2 warn: [pidusage] We couldn't find uptime from /proc/uptime, using os.uptime() value
2026-06-02T12:16:59: PM2 warn: [pidusage] We couldn't find uptime from /proc/uptime, using os.uptime() value
2026-06-02T12:17:29: PM2 warn: [pidusage] We couldn't find uptime from /proc/uptime, using os.uptime() value
2026-06-02T12:17:59: PM2 warn: [pidusage] We couldn't find uptime from /proc/uptime, using os.uptime() value
2026-06-02T12:18:29: PM2 warn: [pidusage] We couldn't find uptime from /proc/uptime, using os.uptime() value
2026-06-02T12:18:59: PM2 warn: [pidusage] We couldn't find uptime from /proc/uptime, using os.uptime() value
2026-06-02T12:19:29: PM2 warn: [pidusage] We couldn't find uptime from /proc/uptime, using os.uptime() value
2026-06-02T12:19:59: PM2 warn: [pidusage] We couldn't find uptime from /proc/uptime, using os.uptime() value
2026-06-02T12:20:29: PM2 warn: [pidusage] We couldn't find uptime from /proc/uptime, using os.uptime() value
2026-06-02T12:20:59: PM2 warn: [pidusage] We couldn't find uptime from /proc/uptime, using os.uptime() value
2026-06-02T12:21:29: PM2 warn: [pidusage] We couldn't find uptime from /proc/uptime, using os.uptime() value
2026-06-02T12:21:59: PM2 warn: [pidusage] We couldn't find uptime from /proc/uptime, using os.uptime() value
2026-06-02T12:22:29: PM2 warn: [pidusage] We couldn't find uptime from /proc/uptime, using os.uptime() value
2026-06-02T12:22:59: PM2 warn: [pidusage] We couldn't find uptime from /proc/uptime, using os.uptime() value
2026-06-02T12:23:29: PM2 warn: [pidusage] We couldn't find uptime from /proc/uptime, using os.uptime() value
2026-06-02T12:23:59: PM2 warn: [pidusage] We couldn't find uptime from /proc/uptime, using os.uptime() value
2026-06-02T12:24:29: PM2 warn: [pidusage] We couldn't find uptime from /proc/uptime, using os.uptime() value
2026-06-02T12:24:59: PM2 warn: [pidusage] We couldn't find uptime from /proc/uptime, using os.uptime() value
2026-06-02T12:25:29: PM2 warn: [pidusage] We couldn't find uptime from /proc/uptime, using os.uptime() value
2026-06-02T12:25:59: PM2 warn: [pidusage] We couldn't find uptime from /proc/uptime, using os.uptime() value
2026-06-02T12:26:29: PM2 warn: [pidusage] We couldn't find uptime from /proc/uptime, using os.uptime() value
2026-06-02T12:26:59: PM2 warn: [pidusage] We couldn't find uptime from /proc/uptime, using os.uptime() value
2026-06-02T12:27:29: PM2 warn: [pidusage] We couldn't find uptime from /proc/uptime, using os.uptime() value
2026-06-02T12:27:59: PM2 warn: [pidusage] We couldn't find uptime from /proc/uptime, using os.uptime() value
2026-06-02T12:28:29: PM2 warn: [pidusage] We couldn't find uptime from /proc/uptime, using os.uptime() value
2026-06-02T12:28:59: PM2 warn: [pidusage] We couldn't find uptime from /proc/uptime, using os.uptime() value
2026-06-02T12:29:29: PM2 warn: [pidusage] We couldn't find uptime from /proc/uptime, using os.uptime() value
2026-06-02T12:29:59: PM2 warn: [pidusage] We couldn't find uptime from /proc/uptime, using os.uptime() value
2026-06-02T12:30:29: PM2 warn: [pidusage] We couldn't find uptime from /proc/uptime, using os.uptime() value
2026-06-02T12:30:59: PM2 warn: [pidusage] We couldn't find uptime from /proc/uptime, using os.uptime() value
2026-06-02T12:31:29: PM2 warn: [pidusage] We couldn't find uptime from /proc/uptime, using os.uptime() value
2026-06-02T12:31:59: PM2 warn: [pidusage] We couldn't find uptime from /proc/uptime, using os.uptime() value
2026-06-02T12:32:29: PM2 warn: [pidusage] We couldn't find uptime from /proc/uptime, using os.uptime() value
2026-06-02T12:32:59: PM2 warn: [pidusage] We couldn't find uptime from /proc/uptime, using os.uptime() value
2026-06-02T12:33:29: PM2 warn: [pidusage] We couldn't find uptime from /proc/uptime, using os.uptime() value
2026-06-02T12:33:59: PM2 warn: [pidusage] We couldn't find uptime from /proc/uptime, using os.uptime() value
2026-06-02T12:34:29: PM2 warn: [pidusage] We couldn't find uptime from /proc/uptime, using os.uptime() value
2026-06-02T12:34:59: PM2 warn: [pidusage] We couldn't find uptime from /proc/uptime, using os.uptime() value
2026-06-02T12:35:29: PM2 warn: [pidusage] We couldn't find uptime from /proc/uptime, using os.uptime() value
2026-06-02T12:35:59: PM2 warn: [pidusage] We couldn't find uptime from /proc/uptime, using os.uptime() value
2026-06-02T12:36:29: PM2 warn: [pidusage] We couldn't find uptime from /proc/uptime, using os.uptime() value
2026-06-02T12:36:59: PM2 warn: [pidusage] We couldn't find uptime from /proc/uptime, using os.uptime() value
2026-06-02T12:37:29: PM2 warn: [pidusage] We couldn't find uptime from /proc/uptime, using os.uptime() value
2026-06-02T12:37:59: PM2 warn: [pidusage] We couldn't find uptime from /proc/uptime, using os.uptime() value
2026-06-02T12:38:29: PM2 warn: [pidusage] We couldn't find uptime from /proc/uptime, using os.uptime() value
2026-06-02T12:38:59: PM2 warn: [pidusage] We couldn't find uptime from /proc/uptime, using os.uptime() value
2026-06-02T12:39:29: PM2 warn: [pidusage] We couldn't find uptime from /proc/uptime, using os.uptime() value
2026-06-02T12:39:59: PM2 warn: [pidusage] We couldn't find uptime from /proc/uptime, using os.uptime() value
2026-06-02T12:40:29: PM2 warn: [pidusage] We couldn't find uptime from /proc/uptime, using os.uptime() value
2026-06-02T12:40:59: PM2 warn: [pidusage] We couldn't find uptime from /proc/uptime, using os.uptime() value
2026-06-02T12:41:29: PM2 warn: [pidusage] We couldn't find uptime from /proc/uptime, using os.uptime() value
2026-06-02T12:41:59: PM2 warn: [pidusage] We couldn't find uptime from /proc/uptime, using os.uptime() value
2026-06-02T12:42:29: PM2 warn: [pidusage] We couldn't find uptime from /proc/uptime, using os.uptime() value
2026-06-02T12:42:59: PM2 warn: [pidusage] We couldn't find uptime from /proc/uptime, using os.uptime() value
2026-06-02T12:43:29: PM2 warn: [pidusage] We couldn't find uptime from /proc/uptime, using os.uptime() value
2026-06-02T12:43:59: PM2 warn: [pidusage] We couldn't find uptime from /proc/uptime, using os.uptime() value
2026-06-02T12:44:29: PM2 warn: [pidusage] We couldn't find uptime from /proc/uptime, using os.uptime() value
2026-06-02T12:44:59: PM2 warn: [pidusage] We couldn't find uptime from /proc/uptime, using os.uptime() value
2026-06-02T12:45:29: PM2 warn: [pidusage] We couldn't find uptime from /proc/uptime, using os.uptime() value
2026-06-02T12:45:59: PM2 warn: [pidusage] We couldn't find uptime from /proc/uptime, using os.uptime() value
2026-06-02T12:46:29: PM2 warn: [pidusage] We couldn't find uptime from /proc/uptime, using os.uptime() value
2026-06-02T12:46:59: PM2 warn: [pidusage] We couldn't find uptime from /proc/uptime, using os.uptime() value
2026-06-02T12:47:29: PM2 warn: [pidusage] We couldn't find uptime from /proc/uptime, using os.uptime() value
2026-06-02T12:47:59: PM2 warn: [pidusage] We couldn't find uptime from /proc/uptime, using os.uptime() value
2026-06-02T12:48:29: PM2 warn: [pidusage] We couldn't find uptime from /proc/uptime, using os.uptime() value
2026-06-02T12:48:59: PM2 warn: [pidusage] We couldn't find uptime from /proc/uptime, using os.uptime() value
2026-06-02T12:49:29: PM2 warn: [pidusage] We couldn't find uptime from /proc/uptime, using os.uptime() value
2026-06-02T12:49:59: PM2 warn: [pidusage] We couldn't find uptime from /proc/uptime, using os.uptime() value
2026-06-02T12:50:29: PM2 warn: [pidusage] We couldn't find uptime from /proc/uptime, using os.uptime() value
2026-06-02T12:50:59: PM2 warn: [pidusage] We couldn't find uptime from /proc/uptime, using os.uptime() value
2026-06-02T12:51:29: PM2 warn: [pidusage] We couldn't find uptime from /proc/uptime, using os.uptime() value
2026-06-02T12:51:59: PM2 warn: [pidusage] We couldn't find uptime from /proc/uptime, using os.uptime() value
2026-06-02T12:52:29: PM2 warn: [pidusage] We couldn't find uptime from /proc/uptime, using os.uptime() value
2026-06-02T12:52:59: PM2 warn: [pidusage] We couldn't find uptime from /proc/uptime, using os.uptime() value
2026-06-02T12:53:29: PM2 warn: [pidusage] We couldn't find uptime from /proc/uptime, using os.uptime() value
2026-06-02T12:53:59: PM2 warn: [pidusage] We couldn't find uptime from /proc/uptime, using os.uptime() value
2026-06-02T12:54:29: PM2 warn: [pidusage] We couldn't find uptime from /proc/uptime, using os.uptime() value
2026-06-02T12:54:59: PM2 warn: [pidusage] We couldn't find uptime from /proc/uptime, using os.uptime() value
2026-06-02T12:55:29: PM2 warn: [pidusage] We couldn't find uptime from /proc/uptime, using os.uptime() value
2026-06-02T12:55:59: PM2 warn: [pidusage] We couldn't find uptime from /proc/uptime, using os.uptime() value
2026-06-02T12:56:29: PM2 warn: [pidusage] We couldn't find uptime from /proc/uptime, using os.uptime() value
2026-06-02T12:56:59: PM2 warn: [pidusage] We couldn't find uptime from /proc/uptime, using os.uptime() value
2026-06-02T12:57:29: PM2 warn: [pidusage] We couldn't find uptime from /proc/uptime, using os.uptime() value
2026-06-02T12:57:59: PM2 warn: [pidusage] We couldn't find uptime from /proc/uptime, using os.uptime() value
2026-06-02T12:58:29: PM2 warn: [pidusage] We couldn't find uptime from /proc/uptime, using os.uptime() value
2026-06-02T12:58:59: PM2 warn: [pidusage] We couldn't find uptime from /proc/uptime, using os.uptime() value
2026-06-02T12:59:29: PM2 warn: [pidusage] We couldn't find uptime from /proc/uptime, using os.uptime() value
2026-06-02T12:59:59: PM2 warn: [pidusage] We couldn't find uptime from /proc/uptime, using os.uptime() value
2026-06-02T13:00:29: PM2 warn: [pidusage] We couldn't find uptime from /proc/uptime, using os.uptime() value
2026-06-02T13:00:59: PM2 warn: [pidusage] We couldn't find uptime from /proc/uptime, using os.uptime() value
2026-06-02T13:01:29: PM2 warn: [pidusage] We couldn't find uptime from /proc/uptime, using os.uptime() value
2026-06-02T13:01:59: PM2 warn: [pidusage] We couldn't find uptime from /proc/uptime, using os.uptime() value
2026-06-02T13:02:29: PM2 warn: [pidusage] We couldn't find uptime from /proc/uptime, using os.uptime() value
2026-06-02T13:02:59: PM2 warn: [pidusage] We couldn't find uptime from /proc/uptime, using os.uptime() value
2026-06-02T13:03:29: PM2 warn: [pidusage] We couldn't find uptime from /proc/uptime, using os.uptime() value
2026-06-02T13:03:59: PM2 warn: [pidusage] We couldn't find uptime from /proc/uptime, using os.uptime() value
2026-06-02T13:04:29: PM2 warn: [pidusage] We couldn't find uptime from /proc/uptime, using os.uptime() value
2026-06-02T13:04:59: PM2 warn: [pidusage] We couldn't find uptime from /proc/uptime, using os.uptime() value
2026-06-02T13:05:29: PM2 warn: [pidusage] We couldn't find uptime from /proc/uptime, using os.uptime() value
2026-06-02T13:05:59: PM2 warn: [pidusage] We couldn't find uptime from /proc/uptime, using os.uptime() value
2026-06-02T13:06:29: PM2 warn: [pidusage] We couldn't find uptime from /proc/uptime, using os.uptime() value
2026-06-02T13:06:59: PM2 warn: [pidusage] We couldn't find uptime from /proc/uptime, using os.uptime() value
2026-06-02T13:07:29: PM2 warn: [pidusage] We couldn't find uptime from /proc/uptime, using os.uptime() value
2026-06-02T13:07:59: PM2 warn: [pidusage] We couldn't find uptime from /proc/uptime, using os.uptime() value
2026-06-02T13:08:29: PM2 warn: [pidusage] We couldn't find uptime from /proc/uptime, using os.uptime() value
2026-06-02T13:08:59: PM2 warn: [pidusage] We couldn't find uptime from /proc/uptime, using os.uptime() value
2026-06-02T13:09:29: PM2 warn: [pidusage] We couldn't find uptime from /proc/uptime, using os.uptime() value
2026-06-02T13:09:59: PM2 warn: [pidusage] We couldn't find uptime from /proc/uptime, using os.uptime() value
2026-06-02T13:10:29: PM2 warn: [pidusage] We couldn't find uptime from /proc/uptime, using os.uptime() value
2026-06-02T13:10:59: PM2 warn: [pidusage] We couldn't find uptime from /proc/uptime, using os.uptime() value
2026-06-02T13:11:29: PM2 warn: [pidusage] We couldn't find uptime from /proc/uptime, using os.uptime() value
2026-06-02T13:11:59: PM2 warn: [pidusage] We couldn't find uptime from /proc/uptime, using os.uptime() value
2026-06-02T13:12:29: PM2 warn: [pidusage] We couldn't find uptime from /proc/uptime, using os.uptime() value
2026-06-02T13:12:59: PM2 warn: [pidusage] We couldn't find uptime from /proc/uptime, using os.uptime() value
2026-06-02T13:13:29: PM2 warn: [pidusage] We couldn't find uptime from /proc/uptime, using os.uptime() value
2026-06-02T13:13:59: PM2 warn: [pidusage] We couldn't find uptime from /proc/uptime, using os.uptime() value
2026-06-02T13:14:29: PM2 warn: [pidusage] We couldn't find uptime from /proc/uptime, using os.uptime() value
2026-06-02T13:14:59: PM2 warn: [pidusage] We couldn't find uptime from /proc/uptime, using os.uptime() value
2026-06-02T13:15:29: PM2 warn: [pidusage] We couldn't find uptime from /proc/uptime, using os.uptime() value
2026-06-02T13:15:59: PM2 warn: [pidusage] We couldn't find uptime from /proc/uptime, using os.uptime() value
2026-06-02T13:16:29: PM2 warn: [pidusage] We couldn't find uptime from /proc/uptime, using os.uptime() value
2026-06-02T13:16:59: PM2 warn: [pidusage] We couldn't find uptime from /proc/uptime, using os.uptime() value
2026-06-02T13:17:29: PM2 warn: [pidusage] We couldn't find uptime from /proc/uptime, using os.uptime() value
2026-06-02T13:17:59: PM2 warn: [pidusage] We couldn't find uptime from /proc/uptime, using os.uptime() value
2026-06-02T13:18:29: PM2 warn: [pidusage] We couldn't find uptime from /proc/uptime, using os.uptime() value
2026-06-02T13:18:59: PM2 warn: [pidusage] We couldn't find uptime from /proc/uptime, using os.uptime() value
2026-06-02T13:19:29: PM2 warn: [pidusage] We couldn't find uptime from /proc/uptime, using os.uptime() value
2026-06-02T13:19:59: PM2 warn: [pidusage] We couldn't find uptime from /proc/uptime, using os.uptime() value
2026-06-02T13:20:29: PM2 warn: [pidusage] We couldn't find uptime from /proc/uptime, using os.uptime() value
2026-06-02T13:20:59: PM2 warn: [pidusage] We couldn't find uptime from /proc/uptime, using os.uptime() value
2026-06-02T13:21:29: PM2 warn: [pidusage] We couldn't find uptime from /proc/uptime, using os.uptime() value
2026-06-02T13:21:59: PM2 warn: [pidusage] We couldn't find uptime from /proc/uptime, using os.uptime() value
2026-06-02T13:22:29: PM2 warn: [pidusage] We couldn't find uptime from /proc/uptime, using os.uptime() value
2026-06-02T13:22:59: PM2 warn: [pidusage] We couldn't find uptime from /proc/uptime, using os.uptime() value
2026-06-02T13:23:29: PM2 warn: [pidusage] We couldn't find uptime from /proc/uptime, using os.uptime() value
2026-06-02T13:23:59: PM2 warn: [pidusage] We couldn't find uptime from /proc/uptime, using os.uptime() value
2026-06-02T13:24:29: PM2 warn: [pidusage] We couldn't find uptime from /proc/uptime, using os.uptime() value
2026-06-02T13:24:59: PM2 warn: [pidusage] We couldn't find uptime from /proc/uptime, using os.uptime() value
2026-06-02T13:25:29: PM2 warn: [pidusage] We couldn't find uptime from /proc/uptime, using os.uptime() value
2026-06-02T13:25:59: PM2 warn: [pidusage] We couldn't find uptime from /proc/uptime, using os.uptime() value
2026-06-02T13:26:29: PM2 warn: [pidusage] We couldn't find uptime from /proc/uptime, using os.uptime() value
2026-06-02T13:26:59: PM2 warn: [pidusage] We couldn't find uptime from /proc/uptime, using os.uptime() value
2026-06-02T13:27:29: PM2 warn: [pidusage] We couldn't find uptime from /proc/uptime, using os.uptime() value
2026-06-02T13:27:59: PM2 warn: [pidusage] We couldn't find uptime from /proc/uptime, using os.uptime() value
2026-06-02T13:28:29: PM2 warn: [pidusage] We couldn't find uptime from /proc/uptime, using os.uptime() value
2026-06-02T13:28:59: PM2 warn: [pidusage] We couldn't find uptime from /proc/uptime, using os.uptime() value
2026-06-02T13:29:29: PM2 warn: [pidusage] We couldn't find uptime from /proc/uptime, using os.uptime() value
2026-06-02T13:29:59: PM2 warn: [pidusage] We couldn't find uptime from /proc/uptime, using os.uptime() value
2026-06-02T13:30:29: PM2 warn: [pidusage] We couldn't find uptime from /proc/uptime, using os.uptime() value
2026-06-02T13:30:59: PM2 warn: [pidusage] We couldn't find uptime from /proc/uptime, using os.uptime() value
2026-06-02T13:31:29: PM2 warn: [pidusage] We couldn't find uptime from /proc/uptime, using os.uptime() value
2026-06-02T13:31:59: PM2 warn: [pidusage] We couldn't find uptime from /proc/uptime, using os.uptime() value
2026-06-02T13:32:29: PM2 warn: [pidusage] We couldn't find uptime from /proc/uptime, using os.uptime() value
2026-06-02T13:32:59: PM2 warn: [pidusage] We couldn't find uptime from /proc/uptime, using os.uptime() value
2026-06-02T13:33:29: PM2 warn: [pidusage] We couldn't find uptime from /proc/uptime, using os.uptime() value
2026-06-02T13:33:59: PM2 warn: [pidusage] We couldn't find uptime from /proc/uptime, using os.uptime() value
2026-06-02T13:34:29: PM2 warn: [pidusage] We couldn't find uptime from /proc/uptime, using os.uptime() value
2026-06-02T13:34:59: PM2 warn: [pidusage] We couldn't find uptime from /proc/uptime, using os.uptime() value
2026-06-02T13:35:29: PM2 warn: [pidusage] We couldn't find uptime from /proc/uptime, using os.uptime() value
2026-06-02T13:35:59: PM2 warn: [pidusage] We couldn't find uptime from /proc/uptime, using os.uptime() value
2026-06-02T13:36:29: PM2 warn: [pidusage] We couldn't find uptime from /proc/uptime, using os.uptime() value
2026-06-02T13:36:59: PM2 warn: [pidusage] We couldn't find uptime from /proc/uptime, using os.uptime() value
2026-06-02T13:37:29: PM2 warn: [pidusage] We couldn't find uptime from /proc/uptime, using os.uptime() value
2026-06-02T13:37:59: PM2 warn: [pidusage] We couldn't find uptime from /proc/uptime, using os.uptime() value
2026-06-02T13:38:29: PM2 warn: [pidusage] We couldn't find uptime from /proc/uptime, using os.uptime() value
2026-06-02T13:38:59: PM2 warn: [pidusage] We couldn't find uptime from /proc/uptime, using os.uptime() value
2026-06-02T13:39:29: PM2 warn: [pidusage] We couldn't find uptime from /proc/uptime, using os.uptime() value
2026-06-02T13:39:59: PM2 warn: [pidusage] We couldn't find uptime from /proc/uptime, using os.uptime() value
2026-06-02T13:40:29: PM2 warn: [pidusage] We couldn't find uptime from /proc/uptime, using os.uptime() value
2026-06-02T13:40:59: PM2 warn: [pidusage] We couldn't find uptime from /proc/uptime, using os.uptime() value
2026-06-02T13:41:29: PM2 warn: [pidusage] We couldn't find uptime from /proc/uptime, using os.uptime() value
2026-06-02T13:41:59: PM2 warn: [pidusage] We couldn't find uptime from /proc/uptime, using os.uptime() value
2026-06-02T13:42:29: PM2 warn: [pidusage] We couldn't find uptime from /proc/uptime, using os.uptime() value
2026-06-02T13:42:59: PM2 warn: [pidusage] We couldn't find uptime from /proc/uptime, using os.uptime() value
2026-06-02T13:43:29: PM2 warn: [pidusage] We couldn't find uptime from /proc/uptime, using os.uptime() value
2026-06-02T13:43:59: PM2 warn: [pidusage] We couldn't find uptime from /proc/uptime, using os.uptime() value
2026-06-02T13:44:29: PM2 warn: [pidusage] We couldn't find uptime from /proc/uptime, using os.uptime() value
2026-06-02T13:44:59: PM2 warn: [pidusage] We couldn't find uptime from /proc/uptime, using os.uptime() value
2026-06-02T13:45:29: PM2 warn: [pidusage] We couldn't find uptime from /proc/uptime, using os.uptime() value
2026-06-02T13:45:59: PM2 warn: [pidusage] We couldn't find uptime from /proc/uptime, using os.uptime() value
2026-06-02T13:46:29: PM2 warn: [pidusage] We couldn't find uptime from /proc/uptime, using os.uptime() value
2026-06-02T13:46:59: PM2 warn: [pidusage] We couldn't find uptime from /proc/uptime, using os.uptime() value
2026-06-02T13:47:29: PM2 warn: [pidusage] We couldn't find uptime from /proc/uptime, using os.uptime() value
2026-06-02T13:47:59: PM2 warn: [pidusage] We couldn't find uptime from /proc/uptime, using os.uptime() value
2026-06-02T13:48:29: PM2 warn: [pidusage] We couldn't find uptime from /proc/uptime, using os.uptime() value
2026-06-02T13:48:59: PM2 warn: [pidusage] We couldn't find uptime from /proc/uptime, using os.uptime() value
2026-06-02T13:49:29: PM2 warn: [pidusage] We couldn't find uptime from /proc/uptime, using os.uptime() value
2026-06-02T13:49:59: PM2 warn: [pidusage] We couldn't find uptime from /proc/uptime, using os.uptime() value
2026-06-02T13:50:29: PM2 warn: [pidusage] We couldn't find uptime from /proc/uptime, using os.uptime() value
2026-06-02T13:50:59: PM2 warn: [pidusage] We couldn't find uptime from /proc/uptime, using os.uptime() value
2026-06-02T13:51:29: PM2 warn: [pidusage] We couldn't find uptime from /proc/uptime, using os.uptime() value
2026-06-02T13:51:59: PM2 warn: [pidusage] We couldn't find uptime from /proc/uptime, using os.uptime() value
2026-06-02T13:52:29: PM2 warn: [pidusage] We couldn't find uptime from /proc/uptime, using os.uptime() value
2026-06-02T13:52:59: PM2 warn: [pidusage] We couldn't find uptime from /proc/uptime, using os.uptime() value
2026-06-02T13:53:29: PM2 warn: [pidusage] We couldn't find uptime from /proc/uptime, using os.uptime() value
2026-06-02T13:53:59: PM2 warn: [pidusage] We couldn't find uptime from /proc/uptime, using os.uptime() value
2026-06-02T13:54:29: PM2 warn: [pidusage] We couldn't find uptime from /proc/uptime, using os.uptime() value
2026-06-02T13:54:59: PM2 warn: [pidusage] We couldn't find uptime from /proc/uptime, using os.uptime() value
2026-06-02T13:55:29: PM2 warn: [pidusage] We couldn't find uptime from /proc/uptime, using os.uptime() value
2026-06-02T13:55:59: PM2 warn: [pidusage] We couldn't find uptime from /proc/uptime, using os.uptime() value
2026-06-02T13:56:29: PM2 warn: [pidusage] We couldn't find uptime from /proc/uptime, using os.uptime() value
2026-06-02T13:56:59: PM2 warn: [pidusage] We couldn't find uptime from /proc/uptime, using os.uptime() value
2026-06-02T13:57:29: PM2 warn: [pidusage] We couldn't find uptime from /proc/uptime, using os.uptime() value
2026-06-02T13:57:59: PM2 warn: [pidusage] We couldn't find uptime from /proc/uptime, using os.uptime() value
2026-06-02T13:58:29: PM2 warn: [pidusage] We couldn't find uptime from /proc/uptime, using os.uptime() value
2026-06-02T13:58:59: PM2 warn: [pidusage] We couldn't find uptime from /proc/uptime, using os.uptime() value
2026-06-02T13:59:29: PM2 warn: [pidusage] We couldn't find uptime from /proc/uptime, using os.uptime() value
2026-06-02T13:59:59: PM2 warn: [pidusage] We couldn't find uptime from /proc/uptime, using os.uptime() value
2026-06-02T14:00:29: PM2 warn: [pidusage] We couldn't find uptime from /proc/uptime, using os.uptime() value
2026-06-02T14:00:59: PM2 warn: [pidusage] We couldn't find uptime from /proc/uptime, using os.uptime() value
2026-06-02T14:01:29: PM2 warn: [pidusage] We couldn't find uptime from /proc/uptime, using os.uptime() value
2026-06-02T14:01:59: PM2 warn: [pidusage] We couldn't find uptime from /proc/uptime, using os.uptime() value
2026-06-02T14:02:29: PM2 warn: [pidusage] We couldn't find uptime from /proc/uptime, using os.uptime() value
2026-06-02T14:02:59: PM2 warn: [pidusage] We couldn't find uptime from /proc/uptime, using os.uptime() value
2026-06-02T14:03:29: PM2 warn: [pidusage] We couldn't find uptime from /proc/uptime, using os.uptime() value
2026-06-02T14:03:59: PM2 warn: [pidusage] We couldn't find uptime from /proc/uptime, using os.uptime() value
2026-06-02T14:04:29: PM2 warn: [pidusage] We couldn't find uptime from /proc/uptime, using os.uptime() value
2026-06-02T14:04:59: PM2 warn: [pidusage] We couldn't find uptime from /proc/uptime, using os.uptime() value
2026-06-02T14:05:29: PM2 warn: [pidusage] We couldn't find uptime from /proc/uptime, using os.uptime() value
2026-06-02T14:05:59: PM2 warn: [pidusage] We couldn't find uptime from /proc/uptime, using os.uptime() value
2026-06-02T14:06:29: PM2 warn: [pidusage] We couldn't find uptime from /proc/uptime, using os.uptime() value
2026-06-02T14:06:59: PM2 warn: [pidusage] We couldn't find uptime from /proc/uptime, using os.uptime() value
2026-06-02T14:07:29: PM2 warn: [pidusage] We couldn't find uptime from /proc/uptime, using os.uptime() value
2026-06-02T14:07:59: PM2 warn: [pidusage] We couldn't find uptime from /proc/uptime, using os.uptime() value
2026-06-02T14:08:29: PM2 warn: [pidusage] We couldn't find uptime from /proc/uptime, using os.uptime() value
2026-06-02T14:08:59: PM2 warn: [pidusage] We couldn't find uptime from /proc/uptime, using os.uptime() value
2026-06-02T14:09:29: PM2 warn: [pidusage] We couldn't find uptime from /proc/uptime, using os.uptime() value
2026-06-02T14:09:59: PM2 warn: [pidusage] We couldn't find uptime from /proc/uptime, using os.uptime() value
2026-06-02T14:10:29: PM2 warn: [pidusage] We couldn't find uptime from /proc/uptime, using os.uptime() value
2026-06-02T14:10:59: PM2 warn: [pidusage] We couldn't find uptime from /proc/uptime, using os.uptime() value
2026-06-02T14:11:29: PM2 warn: [pidusage] We couldn't find uptime from /proc/uptime, using os.uptime() value
2026-06-02T14:11:59: PM2 warn: [pidusage] We couldn't find uptime from /proc/uptime, using os.uptime() value
2026-06-02T14:12:29: PM2 warn: [pidusage] We couldn't find uptime from /proc/uptime, using os.uptime() value
2026-06-02T14:12:59: PM2 warn: [pidusage] We couldn't find uptime from /proc/uptime, using os.uptime() value
2026-06-02T14:13:29: PM2 warn: [pidusage] We couldn't find uptime from /proc/uptime, using os.uptime() value
2026-06-02T14:13:59: PM2 warn: [pidusage] We couldn't find uptime from /proc/uptime, using os.uptime() value
2026-06-02T14:14:29: PM2 warn: [pidusage] We couldn't find uptime from /proc/uptime, using os.uptime() value
2026-06-02T14:14:59: PM2 warn: [pidusage] We couldn't find uptime from /proc/uptime, using os.uptime() value
2026-06-02T14:15:29: PM2 warn: [pidusage] We couldn't find uptime from /proc/uptime, using os.uptime() value
2026-06-02T14:15:59: PM2 warn: [pidusage] We couldn't find uptime from /proc/uptime, using os.uptime() value
2026-06-02T14:16:29: PM2 warn: [pidusage] We couldn't find uptime from /proc/uptime, using os.uptime() value
2026-06-02T14:16:59: PM2 warn: [pidusage] We couldn't find uptime from /proc/uptime, using os.uptime() value
2026-06-02T14:17:29: PM2 warn: [pidusage] We couldn't find uptime from /proc/uptime, using os.uptime() value
2026-06-02T14:17:59: PM2 warn: [pidusage] We couldn't find uptime from /proc/uptime, using os.uptime() value
2026-06-02T14:18:29: PM2 warn: [pidusage] We couldn't find uptime from /proc/uptime, using os.uptime() value
2026-06-02T14:18:59: PM2 warn: [pidusage] We couldn't find uptime from /proc/uptime, using os.uptime() value
2026-06-02T14:19:29: PM2 warn: [pidusage] We couldn't find uptime from /proc/uptime, using os.uptime() value
2026-06-02T14:19:59: PM2 warn: [pidusage] We couldn't find uptime from /proc/uptime, using os.uptime() value
2026-06-02T14:20:29: PM2 warn: [pidusage] We couldn't find uptime from /proc/uptime, using os.uptime() value
2026-06-02T14:20:59: PM2 warn: [pidusage] We couldn't find uptime from /proc/uptime, using os.uptime() value
2026-06-02T14:21:29: PM2 warn: [pidusage] We couldn't find uptime from /proc/uptime, using os.uptime() value
2026-06-02T14:21:59: PM2 warn: [pidusage] We couldn't find uptime from /proc/uptime, using os.uptime() value
2026-06-02T14:22:29: PM2 warn: [pidusage] We couldn't find uptime from /proc/uptime, using os.uptime() value
2026-06-02T14:22:59: PM2 warn: [pidusage] We couldn't find uptime from /proc/uptime, using os.uptime() value
2026-06-02T14:23:29: PM2 warn: [pidusage] We couldn't find uptime from /proc/uptime, using os.uptime() value
2026-06-02T14:23:59: PM2 warn: [pidusage] We couldn't find uptime from /proc/uptime, using os.uptime() value
2026-06-02T14:24:29: PM2 warn: [pidusage] We couldn't find uptime from /proc/uptime, using os.uptime() value
2026-06-02T14:24:59: PM2 warn: [pidusage] We couldn't find uptime from /proc/uptime, using os.uptime() value
2026-06-02T14:25:29: PM2 warn: [pidusage] We couldn't find uptime from /proc/uptime, using os.uptime() value
2026-06-02T14:25:59: PM2 warn: [pidusage] We couldn't find uptime from /proc/uptime, using os.uptime() value
2026-06-02T14:26:29: PM2 warn: [pidusage] We couldn't find uptime from /proc/uptime, using os.uptime() value
2026-06-02T14:26:59: PM2 warn: [pidusage] We couldn't find uptime from /proc/uptime, using os.uptime() value
2026-06-02T14:27:29: PM2 warn: [pidusage] We couldn't find uptime from /proc/uptime, using os.uptime() value
2026-06-02T14:27:59: PM2 warn: [pidusage] We couldn't find uptime from /proc/uptime, using os.uptime() value
2026-06-02T14:28:29: PM2 warn: [pidusage] We couldn't find uptime from /proc/uptime, using os.uptime() value
2026-06-02T14:28:59: PM2 warn: [pidusage] We couldn't find uptime from /proc/uptime, using os.uptime() value
2026-06-02T14:29:29: PM2 warn: [pidusage] We couldn't find uptime from /proc/uptime, using os.uptime() value
2026-06-02T14:29:59: PM2 warn: [pidusage] We couldn't find uptime from /proc/uptime, using os.uptime() value
2026-06-02T14:30:29: PM2 warn: [pidusage] We couldn't find uptime from /proc/uptime, using os.uptime() value
2026-06-02T14:30:59: PM2 warn: [pidusage] We couldn't find uptime from /proc/uptime, using os.uptime() value
2026-06-02T14:31:29: PM2 warn: [pidusage] We couldn't find uptime from /proc/uptime, using os.uptime() value
2026-06-02T14:31:59: PM2 warn: [pidusage] We couldn't find uptime from /proc/uptime, using os.uptime() value
2026-06-02T14:32:29: PM2 warn: [pidusage] We couldn't find uptime from /proc/uptime, using os.uptime() value
2026-06-02T14:32:59: PM2 warn: [pidusage] We couldn't find uptime from /proc/uptime, using os.uptime() value
2026-06-02T14:33:29: PM2 warn: [pidusage] We couldn't find uptime from /proc/uptime, using os.uptime() value
2026-06-02T14:33:59: PM2 warn: [pidusage] We couldn't find uptime from /proc/uptime, using os.uptime() value
2026-06-02T14:34:29: PM2 warn: [pidusage] We couldn't find uptime from /proc/uptime, using os.uptime() value
2026-06-02T14:34:59: PM2 warn: [pidusage] We couldn't find uptime from /proc/uptime, using os.uptime() value
2026-06-02T14:35:29: PM2 warn: [pidusage] We couldn't find uptime from /proc/uptime, using os.uptime() value
2026-06-02T14:35:59: PM2 warn: [pidusage] We couldn't find uptime from /proc/uptime, using os.uptime() value
2026-06-02T14:36:29: PM2 warn: [pidusage] We couldn't find uptime from /proc/uptime, using os.uptime() value
2026-06-02T14:36:59: PM2 warn: [pidusage] We couldn't find uptime from /proc/uptime, using os.uptime() value
2026-06-02T14:37:29: PM2 warn: [pidusage] We couldn't find uptime from /proc/uptime, using os.uptime() value
2026-06-02T14:37:59: PM2 warn: [pidusage] We couldn't find uptime from /proc/uptime, using os.uptime() value
2026-06-02T14:38:29: PM2 warn: [pidusage] We couldn't find uptime from /proc/uptime, using os.uptime() value
2026-06-02T14:38:59: PM2 warn: [pidusage] We couldn't find uptime from /proc/uptime, using os.uptime() value
2026-06-02T14:39:29: PM2 warn: [pidusage] We couldn't find uptime from /proc/uptime, using os.uptime() value
2026-06-02T14:39:59: PM2 warn: [pidusage] We couldn't find uptime from /proc/uptime, using os.uptime() value
2026-06-02T14:40:29: PM2 warn: [pidusage] We couldn't find uptime from /proc/uptime, using os.uptime() value
2026-06-02T14:40:59: PM2 warn: [pidusage] We couldn't find uptime from /proc/uptime, using os.uptime() value
2026-06-02T14:41:29: PM2 warn: [pidusage] We couldn't find uptime from /proc/uptime, using os.uptime() value
2026-06-02T14:41:59: PM2 warn: [pidusage] We couldn't find uptime from /proc/uptime, using os.uptime() value
2026-06-02T14:42:29: PM2 warn: [pidusage] We couldn't find uptime from /proc/uptime, using os.uptime() value
2026-06-02T14:42:59: PM2 warn: [pidusage] We couldn't find uptime from /proc/uptime, using os.uptime() value
2026-06-02T14:43:29: PM2 warn: [pidusage] We couldn't find uptime from /proc/uptime, using os.uptime() value
2026-06-02T14:43:59: PM2 warn: [pidusage] We couldn't find uptime from /proc/uptime, using os.uptime() value
2026-06-02T14:44:29: PM2 warn: [pidusage] We couldn't find uptime from /proc/uptime, using os.uptime() value
2026-06-02T14:44:59: PM2 warn: [pidusage] We couldn't find uptime from /proc/uptime, using os.uptime() value
2026-06-02T14:45:29: PM2 warn: [pidusage] We couldn't find uptime from /proc/uptime, using os.uptime() value
2026-06-02T14:45:59: PM2 warn: [pidusage] We couldn't find uptime from /proc/uptime, using os.uptime() value
2026-06-02T14:46:29: PM2 warn: [pidusage] We couldn't find uptime from /proc/uptime, using os.uptime() value
2026-06-02T14:46:59: PM2 warn: [pidusage] We couldn't find uptime from /proc/uptime, using os.uptime() value
2026-06-02T14:47:29: PM2 warn: [pidusage] We couldn't find uptime from /proc/uptime, using os.uptime() value
2026-06-02T14:47:59: PM2 warn: [pidusage] We couldn't find uptime from /proc/uptime, using os.uptime() value
2026-06-02T14:48:29: PM2 warn: [pidusage] We couldn't find uptime from /proc/uptime, using os.uptime() value
2026-06-02T14:48:59: PM2 warn: [pidusage] We couldn't find uptime from /proc/uptime, using os.uptime() value
2026-06-02T14:49:29: PM2 warn: [pidusage] We couldn't find uptime from /proc/uptime, using os.uptime() value
2026-06-02T14:49:59: PM2 warn: [pidusage] We couldn't find uptime from /proc/uptime, using os.uptime() value
2026-06-02T14:50:29: PM2 warn: [pidusage] We couldn't find uptime from /proc/uptime, using os.uptime() value
2026-06-02T14:50:59: PM2 warn: [pidusage] We couldn't find uptime from /proc/uptime, using os.uptime() value
2026-06-02T14:51:29: PM2 warn: [pidusage] We couldn't find uptime from /proc/uptime, using os.uptime() value
2026-06-02T14:51:59: PM2 warn: [pidusage] We couldn't find uptime from /proc/uptime, using os.uptime() value
2026-06-02T14:52:29: PM2 warn: [pidusage] We couldn't find uptime from /proc/uptime, using os.uptime() value
2026-06-02T14:52:59: PM2 warn: [pidusage] We couldn't find uptime from /proc/uptime, using os.uptime() value
2026-06-02T14:53:29: PM2 warn: [pidusage] We couldn't find uptime from /proc/uptime, using os.uptime() value
2026-06-02T14:53:59: PM2 warn: [pidusage] We couldn't find uptime from /proc/uptime, using os.uptime() value
2026-06-02T14:54:29: PM2 warn: [pidusage] We couldn't find uptime from /proc/uptime, using os.uptime() value
2026-06-02T14:54:59: PM2 warn: [pidusage] We couldn't find uptime from /proc/uptime, using os.uptime() value
2026-06-02T14:55:29: PM2 warn: [pidusage] We couldn't find uptime from /proc/uptime, using os.uptime() value
2026-06-02T14:55:59: PM2 warn: [pidusage] We couldn't find uptime from /proc/uptime, using os.uptime() value
2026-06-02T14:56:29: PM2 warn: [pidusage] We couldn't find uptime from /proc/uptime, using os.uptime() value
2026-06-02T14:56:59: PM2 warn: [pidusage] We couldn't find uptime from /proc/uptime, using os.uptime() value
2026-06-02T14:57:29: PM2 warn: [pidusage] We couldn't find uptime from /proc/uptime, using os.uptime() value
2026-06-02T14:57:59: PM2 warn: [pidusage] We couldn't find uptime from /proc/uptime, using os.uptime() value
2026-06-02T14:58:29: PM2 warn: [pidusage] We couldn't find uptime from /proc/uptime, using os.uptime() value
2026-06-02T14:58:59: PM2 warn: [pidusage] We couldn't find uptime from /proc/uptime, using os.uptime() value
2026-06-02T14:59:29: PM2 warn: [pidusage] We couldn't find uptime from /proc/uptime, using os.uptime() value
2026-06-02T14:59:59: PM2 warn: [pidusage] We couldn't find uptime from /proc/uptime, using os.uptime() value
2026-06-02T15:00:29: PM2 warn: [pidusage] We couldn't find uptime from /proc/uptime, using os.uptime() value
2026-06-02T15:00:59: PM2 warn: [pidusage] We couldn't find uptime from /proc/uptime, using os.uptime() value
2026-06-02T15:01:29: PM2 warn: [pidusage] We couldn't find uptime from /proc/uptime, using os.uptime() value
2026-06-02T15:01:59: PM2 warn: [pidusage] We couldn't find uptime from /proc/uptime, using os.uptime() value
2026-06-02T15:02:29: PM2 warn: [pidusage] We couldn't find uptime from /proc/uptime, using os.uptime() value
2026-06-02T15:02:59: PM2 warn: [pidusage] We couldn't find uptime from /proc/uptime, using os.uptime() value
2026-06-02T15:03:29: PM2 warn: [pidusage] We couldn't find uptime from /proc/uptime, using os.uptime() value
2026-06-02T15:03:59: PM2 warn: [pidusage] We couldn't find uptime from /proc/uptime, using os.uptime() value
2026-06-02T15:04:29: PM2 warn: [pidusage] We couldn't find uptime from /proc/uptime, using os.uptime() value
2026-06-02T15:04:59: PM2 warn: [pidusage] We couldn't find uptime from /proc/uptime, using os.uptime() value
2026-06-02T15:05:29: PM2 warn: [pidusage] We couldn't find uptime from /proc/uptime, using os.uptime() value
2026-06-02T15:05:59: PM2 warn: [pidusage] We couldn't find uptime from /proc/uptime, using os.uptime() value
2026-06-02T15:06:29: PM2 warn: [pidusage] We couldn't find uptime from /proc/uptime, using os.uptime() value
2026-06-02T15:06:59: PM2 warn: [pidusage] We couldn't find uptime from /proc/uptime, using os.uptime() value
2026-06-02T15:07:29: PM2 warn: [pidusage] We couldn't find uptime from /proc/uptime, using os.uptime() value
2026-06-02T15:07:59: PM2 warn: [pidusage] We couldn't find uptime from /proc/uptime, using os.uptime() value
2026-06-02T15:08:29: PM2 warn: [pidusage] We couldn't find uptime from /proc/uptime, using os.uptime() value
2026-06-02T15:08:59: PM2 warn: [pidusage] We couldn't find uptime from /proc/uptime, using os.uptime() value
2026-06-02T15:09:29: PM2 warn: [pidusage] We couldn't find uptime from /proc/uptime, using os.uptime() value
2026-06-02T15:09:59: PM2 warn: [pidusage] We couldn't find uptime from /proc/uptime, using os.uptime() value
2026-06-02T15:10:29: PM2 warn: [pidusage] We couldn't find uptime from /proc/uptime, using os.uptime() value
2026-06-02T15:10:59: PM2 warn: [pidusage] We couldn't find uptime from /proc/uptime, using os.uptime() value
2026-06-02T15:11:29: PM2 warn: [pidusage] We couldn't find uptime from /proc/uptime, using os.uptime() value
2026-06-02T15:11:59: PM2 warn: [pidusage] We couldn't find uptime from /proc/uptime, using os.uptime() value
2026-06-02T15:12:29: PM2 warn: [pidusage] We couldn't find uptime from /proc/uptime, using os.uptime() value
2026-06-02T15:12:59: PM2 warn: [pidusage] We couldn't find uptime from /proc/uptime, using os.uptime() value
2026-06-02T15:13:29: PM2 warn: [pidusage] We couldn't find uptime from /proc/uptime, using os.uptime() value
2026-06-02T15:13:59: PM2 warn: [pidusage] We couldn't find uptime from /proc/uptime, using os.uptime() value
2026-06-02T15:14:29: PM2 warn: [pidusage] We couldn't find uptime from /proc/uptime, using os.uptime() value
2026-06-02T15:14:59: PM2 warn: [pidusage] We couldn't find uptime from /proc/uptime, using os.uptime() value
2026-06-02T15:15:29: PM2 warn: [pidusage] We couldn't find uptime from /proc/uptime, using os.uptime() value
2026-06-02T15:15:59: PM2 warn: [pidusage] We couldn't find uptime from /proc/uptime, using os.uptime() value
2026-06-02T15:16:29: PM2 warn: [pidusage] We couldn't find uptime from /proc/uptime, using os.uptime() value
2026-06-02T15:16:59: PM2 warn: [pidusage] We couldn't find uptime from /proc/uptime, using os.uptime() value
2026-06-02T15:17:29: PM2 warn: [pidusage] We couldn't find uptime from /proc/uptime, using os.uptime() value
2026-06-02T15:17:59: PM2 warn: [pidusage] We couldn't find uptime from /proc/uptime, using os.uptime() value
2026-06-02T15:18:29: PM2 warn: [pidusage] We couldn't find uptime from /proc/uptime, using os.uptime() value
2026-06-02T15:18:59: PM2 warn: [pidusage] We couldn't find uptime from /proc/uptime, using os.uptime() value
2026-06-02T15:19:29: PM2 warn: [pidusage] We couldn't find uptime from /proc/uptime, using os.uptime() value
2026-06-02T15:19:59: PM2 warn: [pidusage] We couldn't find uptime from /proc/uptime, using os.uptime() value
2026-06-02T15:20:29: PM2 warn: [pidusage] We couldn't find uptime from /proc/uptime, using os.uptime() value
2026-06-02T15:20:59: PM2 warn: [pidusage] We couldn't find uptime from /proc/uptime, using os.uptime() value
2026-06-02T15:21:29: PM2 warn: [pidusage] We couldn't find uptime from /proc/uptime, using os.uptime() value
2026-06-02T15:21:59: PM2 warn: [pidusage] We couldn't find uptime from /proc/uptime, using os.uptime() value
2026-06-02T15:22:29: PM2 warn: [pidusage] We couldn't find uptime from /proc/uptime, using os.uptime() value
2026-06-02T15:22:59: PM2 warn: [pidusage] We couldn't find uptime from /proc/uptime, using os.uptime() value
2026-06-02T15:23:29: PM2 warn: [pidusage] We couldn't find uptime from /proc/uptime, using os.uptime() value
2026-06-02T15:23:59: PM2 warn: [pidusage] We couldn't find uptime from /proc/uptime, using os.uptime() value
2026-06-02T15:24:29: PM2 warn: [pidusage] We couldn't find uptime from /proc/uptime, using os.uptime() value
2026-06-02T15:24:59: PM2 warn: [pidusage] We couldn't find uptime from /proc/uptime, using os.uptime() value
2026-06-02T15:25:29: PM2 warn: [pidusage] We couldn't find uptime from /proc/uptime, using os.uptime() value
2026-06-02T15:25:59: PM2 warn: [pidusage] We couldn't find uptime from /proc/uptime, using os.uptime() value
2026-06-02T15:26:29: PM2 warn: [pidusage] We couldn't find uptime from /proc/uptime, using os.uptime() value
2026-06-02T15:26:59: PM2 warn: [pidusage] We couldn't find uptime from /proc/uptime, using os.uptime() value
2026-06-02T15:27:29: PM2 warn: [pidusage] We couldn't find uptime from /proc/uptime, using os.uptime() value
2026-06-02T15:27:59: PM2 warn: [pidusage] We couldn't find uptime from /proc/uptime, using os.uptime() value
2026-06-02T15:28:29: PM2 warn: [pidusage] We couldn't find uptime from /proc/uptime, using os.uptime() value
2026-06-02T15:28:59: PM2 warn: [pidusage] We couldn't find uptime from /proc/uptime, using os.uptime() value
2026-06-02T15:29:29: PM2 warn: [pidusage] We couldn't find uptime from /proc/uptime, using os.uptime() value
2026-06-02T15:29:59: PM2 warn: [pidusage] We couldn't find uptime from /proc/uptime, using os.uptime() value
2026-06-02T15:30:29: PM2 warn: [pidusage] We couldn't find uptime from /proc/uptime, using os.uptime() value
2026-06-02T15:30:59: PM2 warn: [pidusage] We couldn't find uptime from /proc/uptime, using os.uptime() value
2026-06-02T15:31:29: PM2 warn: [pidusage] We couldn't find uptime from /proc/uptime, using os.uptime() value
2026-06-02T15:31:59: PM2 warn: [pidusage] We couldn't find uptime from /proc/uptime, using os.uptime() value
2026-06-02T15:32:29: PM2 warn: [pidusage] We couldn't find uptime from /proc/uptime, using os.uptime() value
2026-06-02T15:32:59: PM2 warn: [pidusage] We couldn't find uptime from /proc/uptime, using os.uptime() value
2026-06-02T15:33:29: PM2 warn: [pidusage] We couldn't find uptime from /proc/uptime, using os.uptime() value
2026-06-02T15:33:59: PM2 warn: [pidusage] We couldn't find uptime from /proc/uptime, using os.uptime() value
2026-06-02T15:34:29: PM2 warn: [pidusage] We couldn't find uptime from /proc/uptime, using os.uptime() value
2026-06-02T15:34:59: PM2 warn: [pidusage] We couldn't find uptime from /proc/uptime, using os.uptime() value
2026-06-02T15:35:29: PM2 warn: [pidusage] We couldn't find uptime from /proc/uptime, using os.uptime() value
2026-06-02T15:35:59: PM2 warn: [pidusage] We couldn't find uptime from /proc/uptime, using os.uptime() value
2026-06-02T15:36:29: PM2 warn: [pidusage] We couldn't find uptime from /proc/uptime, using os.uptime() value
2026-06-02T15:36:59: PM2 warn: [pidusage] We couldn't find uptime from /proc/uptime, using os.uptime() value
2026-06-02T15:37:29: PM2 warn: [pidusage] We couldn't find uptime from /proc/uptime, using os.uptime() value
2026-06-02T15:37:59: PM2 warn: [pidusage] We couldn't find uptime from /proc/uptime, using os.uptime() value
2026-06-02T15:38:29: PM2 warn: [pidusage] We couldn't find uptime from /proc/uptime, using os.uptime() value
2026-06-02T15:38:59: PM2 warn: [pidusage] We couldn't find uptime from /proc/uptime, using os.uptime() value
2026-06-02T15:39:29: PM2 warn: [pidusage] We couldn't find uptime from /proc/uptime, using os.uptime() value
2026-06-02T15:39:59: PM2 warn: [pidusage] We couldn't find uptime from /proc/uptime, using os.uptime() value
2026-06-02T15:40:29: PM2 warn: [pidusage] We couldn't find uptime from /proc/uptime, using os.uptime() value
2026-06-02T15:40:59: PM2 warn: [pidusage] We couldn't find uptime from /proc/uptime, using os.uptime() value
2026-06-02T15:41:29: PM2 warn: [pidusage] We couldn't find uptime from /proc/uptime, using os.uptime() value
2026-06-02T15:41:59: PM2 warn: [pidusage] We couldn't find uptime from /proc/uptime, using os.uptime() value
2026-06-02T15:42:29: PM2 warn: [pidusage] We couldn't find uptime from /proc/uptime, using os.uptime() value
2026-06-02T15:42:59: PM2 warn: [pidusage] We couldn't find uptime from /proc/uptime, using os.uptime() value
2026-06-02T15:43:29: PM2 warn: [pidusage] We couldn't find uptime from /proc/uptime, using os.uptime() value
2026-06-02T15:43:59: PM2 warn: [pidusage] We couldn't find uptime from /proc/uptime, using os.uptime() value
2026-06-02T15:44:29: PM2 warn: [pidusage] We couldn't find uptime from /proc/uptime, using os.uptime() value
2026-06-02T15:44:59: PM2 warn: [pidusage] We couldn't find uptime from /proc/uptime, using os.uptime() value
2026-06-02T15:45:29: PM2 warn: [pidusage] We couldn't find uptime from /proc/uptime, using os.uptime() value
2026-06-02T15:45:59: PM2 warn: [pidusage] We couldn't find uptime from /proc/uptime, using os.uptime() value
2026-06-02T15:46:29: PM2 warn: [pidusage] We couldn't find uptime from /proc/uptime, using os.uptime() value
2026-06-02T15:46:59: PM2 warn: [pidusage] We couldn't find uptime from /proc/uptime, using os.uptime() value
2026-06-02T15:47:29: PM2 warn: [pidusage] We couldn't find uptime from /proc/uptime, using os.uptime() value
2026-06-02T15:47:59: PM2 warn: [pidusage] We couldn't find uptime from /proc/uptime, using os.uptime() value
2026-06-02T15:48:29: PM2 warn: [pidusage] We couldn't find uptime from /proc/uptime, using os.uptime() value
2026-06-02T15:48:59: PM2 warn: [pidusage] We couldn't find uptime from /proc/uptime, using os.uptime() value
2026-06-02T15:49:29: PM2 warn: [pidusage] We couldn't find uptime from /proc/uptime, using os.uptime() value
2026-06-02T15:49:59: PM2 warn: [pidusage] We couldn't find uptime from /proc/uptime, using os.uptime() value
2026-06-02T15:50:29: PM2 warn: [pidusage] We couldn't find uptime from /proc/uptime, using os.uptime() value
2026-06-02T15:50:59: PM2 warn: [pidusage] We couldn't find uptime from /proc/uptime, using os.uptime() value
2026-06-02T15:51:29: PM2 warn: [pidusage] We couldn't find uptime from /proc/uptime, using os.uptime() value
2026-06-02T15:51:59: PM2 warn: [pidusage] We couldn't find uptime from /proc/uptime, using os.uptime() value
2026-06-02T15:52:29: PM2 warn: [pidusage] We couldn't find uptime from /proc/uptime, using os.uptime() value
2026-06-02T15:52:59: PM2 warn: [pidusage] We couldn't find uptime from /proc/uptime, using os.uptime() value
2026-06-02T15:53:29: PM2 warn: [pidusage] We couldn't find uptime from /proc/uptime, using os.uptime() value
2026-06-02T15:53:59: PM2 warn: [pidusage] We couldn't find uptime from /proc/uptime, using os.uptime() value
2026-06-02T15:54:29: PM2 warn: [pidusage] We couldn't find uptime from /proc/uptime, using os.uptime() value
2026-06-02T15:54:59: PM2 warn: [pidusage] We couldn't find uptime from /proc/uptime, using os.uptime() value
2026-06-02T15:55:29: PM2 warn: [pidusage] We couldn't find uptime from /proc/uptime, using os.uptime() value
2026-06-02T15:55:59: PM2 warn: [pidusage] We couldn't find uptime from /proc/uptime, using os.uptime() value
2026-06-02T15:56:29: PM2 warn: [pidusage] We couldn't find uptime from /proc/uptime, using os.uptime() value
2026-06-02T15:56:59: PM2 warn: [pidusage] We couldn't find uptime from /proc/uptime, using os.uptime() value
2026-06-02T15:57:29: PM2 warn: [pidusage] We couldn't find uptime from /proc/uptime, using os.uptime() value
2026-06-02T15:57:59: PM2 warn: [pidusage] We couldn't find uptime from /proc/uptime, using os.uptime() value
2026-06-02T15:58:29: PM2 warn: [pidusage] We couldn't find uptime from /proc/uptime, using os.uptime() value
2026-06-02T15:58:59: PM2 warn: [pidusage] We couldn't find uptime from /proc/uptime, using os.uptime() value
2026-06-02T15:59:29: PM2 warn: [pidusage] We couldn't find uptime from /proc/uptime, using os.uptime() value
2026-06-02T15:59:59: PM2 warn: [pidusage] We couldn't find uptime from /proc/uptime, using os.uptime() value
2026-06-02T16:00:29: PM2 warn: [pidusage] We couldn't find uptime from /proc/uptime, using os.uptime() value
2026-06-02T16:00:59: PM2 warn: [pidusage] We couldn't find uptime from /proc/uptime, using os.uptime() value
2026-06-02T16:01:29: PM2 warn: [pidusage] We couldn't find uptime from /proc/uptime, using os.uptime() value
2026-06-02T16:01:59: PM2 warn: [pidusage] We couldn't find uptime from /proc/uptime, using os.uptime() value
2026-06-02T16:02:29: PM2 warn: [pidusage] We couldn't find uptime from /proc/uptime, using os.uptime() value
2026-06-02T16:02:59: PM2 warn: [pidusage] We couldn't find uptime from /proc/uptime, using os.uptime() value
2026-06-02T16:03:29: PM2 warn: [pidusage] We couldn't find uptime from /proc/uptime, using os.uptime() value
2026-06-02T16:03:59: PM2 warn: [pidusage] We couldn't find uptime from /proc/uptime, using os.uptime() value
2026-06-02T16:04:29: PM2 warn: [pidusage] We couldn't find uptime from /proc/uptime, using os.uptime() value
2026-06-02T16:04:59: PM2 warn: [pidusage] We couldn't find uptime from /proc/uptime, using os.uptime() value
2026-06-02T16:05:29: PM2 warn: [pidusage] We couldn't find uptime from /proc/uptime, using os.uptime() value
2026-06-02T16:05:59: PM2 warn: [pidusage] We couldn't find uptime from /proc/uptime, using os.uptime() value
2026-06-02T16:06:29: PM2 warn: [pidusage] We couldn't find uptime from /proc/uptime, using os.uptime() value
2026-06-02T16:06:59: PM2 warn: [pidusage] We couldn't find uptime from /proc/uptime, using os.uptime() value
2026-06-02T16:07:29: PM2 warn: [pidusage] We couldn't find uptime from /proc/uptime, using os.uptime() value
2026-06-02T16:07:59: PM2 warn: [pidusage] We couldn't find uptime from /proc/uptime, using os.uptime() value
2026-06-02T16:08:29: PM2 warn: [pidusage] We couldn't find uptime from /proc/uptime, using os.uptime() value
2026-06-02T16:08:59: PM2 warn: [pidusage] We couldn't find uptime from /proc/uptime, using os.uptime() value
2026-06-02T16:09:29: PM2 warn: [pidusage] We couldn't find uptime from /proc/uptime, using os.uptime() value
2026-06-02T16:09:59: PM2 warn: [pidusage] We couldn't find uptime from /proc/uptime, using os.uptime() value
2026-06-02T16:10:29: PM2 warn: [pidusage] We couldn't find uptime from /proc/uptime, using os.uptime() value
2026-06-02T16:10:59: PM2 warn: [pidusage] We couldn't find uptime from /proc/uptime, using os.uptime() value
2026-06-02T16:11:29: PM2 warn: [pidusage] We couldn't find uptime from /proc/uptime, using os.uptime() value
2026-06-02T16:11:59: PM2 warn: [pidusage] We couldn't find uptime from /proc/uptime, using os.uptime() value
2026-06-02T16:12:29: PM2 warn: [pidusage] We couldn't find uptime from /proc/uptime, using os.uptime() value
2026-06-02T16:12:59: PM2 warn: [pidusage] We couldn't find uptime from /proc/uptime, using os.uptime() value
2026-06-02T16:13:29: PM2 warn: [pidusage] We couldn't find uptime from /proc/uptime, using os.uptime() value
2026-06-02T16:13:59: PM2 warn: [pidusage] We couldn't find uptime from /proc/uptime, using os.uptime() value
2026-06-02T16:14:29: PM2 warn: [pidusage] We couldn't find uptime from /proc/uptime, using os.uptime() value
2026-06-02T16:14:59: PM2 warn: [pidusage] We couldn't find uptime from /proc/uptime, using os.uptime() value
2026-06-02T16:15:29: PM2 warn: [pidusage] We couldn't find uptime from /proc/uptime, using os.uptime() value
2026-06-02T16:15:59: PM2 warn: [pidusage] We couldn't find uptime from /proc/uptime, using os.uptime() value
2026-06-02T16:16:29: PM2 warn: [pidusage] We couldn't find uptime from /proc/uptime, using os.uptime() value
2026-06-02T16:16:59: PM2 warn: [pidusage] We couldn't find uptime from /proc/uptime, using os.uptime() value
2026-06-02T16:17:29: PM2 warn: [pidusage] We couldn't find uptime from /proc/uptime, using os.uptime() value
2026-06-02T16:17:59: PM2 warn: [pidusage] We couldn't find uptime from /proc/uptime, using os.uptime() value
2026-06-02T16:18:29: PM2 warn: [pidusage] We couldn't find uptime from /proc/uptime, using os.uptime() value
2026-06-02T16:18:59: PM2 warn: [pidusage] We couldn't find uptime from /proc/uptime, using os.uptime() value
2026-06-02T16:19:29: PM2 warn: [pidusage] We couldn't find uptime from /proc/uptime, using os.uptime() value
2026-06-02T16:19:59: PM2 warn: [pidusage] We couldn't find uptime from /proc/uptime, using os.uptime() value
2026-06-02T16:20:29: PM2 warn: [pidusage] We couldn't find uptime from /proc/uptime, using os.uptime() value
2026-06-02T16:20:59: PM2 warn: [pidusage] We couldn't find uptime from /proc/uptime, using os.uptime() value
2026-06-02T16:21:29: PM2 warn: [pidusage] We couldn't find uptime from /proc/uptime, using os.uptime() value
2026-06-02T16:21:59: PM2 warn: [pidusage] We couldn't find uptime from /proc/uptime, using os.uptime() value
2026-06-02T16:22:29: PM2 warn: [pidusage] We couldn't find uptime from /proc/uptime, using os.uptime() value
2026-06-02T16:22:59: PM2 warn: [pidusage] We couldn't find uptime from /proc/uptime, using os.uptime() value
2026-06-02T16:23:29: PM2 warn: [pidusage] We couldn't find uptime from /proc/uptime, using os.uptime() value
2026-06-02T16:23:59: PM2 warn: [pidusage] We couldn't find uptime from /proc/uptime, using os.uptime() value
2026-06-02T16:24:29: PM2 warn: [pidusage] We couldn't find uptime from /proc/uptime, using os.uptime() value
2026-06-02T16:24:59: PM2 warn: [pidusage] We couldn't find uptime from /proc/uptime, using os.uptime() value
2026-06-02T16:25:29: PM2 warn: [pidusage] We couldn't find uptime from /proc/uptime, using os.uptime() value
2026-06-02T16:25:59: PM2 warn: [pidusage] We couldn't find uptime from /proc/uptime, using os.uptime() value
2026-06-02T16:26:29: PM2 warn: [pidusage] We couldn't find uptime from /proc/uptime, using os.uptime() value
2026-06-02T16:26:59: PM2 warn: [pidusage] We couldn't find uptime from /proc/uptime, using os.uptime() value
2026-06-02T16:27:29: PM2 warn: [pidusage] We couldn't find uptime from /proc/uptime, using os.uptime() value
2026-06-02T16:27:59: PM2 warn: [pidusage] We couldn't find uptime from /proc/uptime, using os.uptime() value
2026-06-02T16:28:29: PM2 warn: [pidusage] We couldn't find uptime from /proc/uptime, using os.uptime() value
2026-06-02T16:28:59: PM2 warn: [pidusage] We couldn't find uptime from /proc/uptime, using os.uptime() value
2026-06-02T16:29:29: PM2 warn: [pidusage] We couldn't find uptime from /proc/uptime, using os.uptime() value
2026-06-02T16:29:59: PM2 warn: [pidusage] We couldn't find uptime from /proc/uptime, using os.uptime() value
2026-06-02T16:30:29: PM2 warn: [pidusage] We couldn't find uptime from /proc/uptime, using os.uptime() value
2026-06-02T16:30:59: PM2 warn: [pidusage] We couldn't find uptime from /proc/uptime, using os.uptime() value
2026-06-02T16:31:29: PM2 warn: [pidusage] We couldn't find uptime from /proc/uptime, using os.uptime() value
2026-06-02T16:31:59: PM2 warn: [pidusage] We couldn't find uptime from /proc/uptime, using os.uptime() value
2026-06-02T16:32:29: PM2 warn: [pidusage] We couldn't find uptime from /proc/uptime, using os.uptime() value
2026-06-02T16:32:59: PM2 warn: [pidusage] We couldn't find uptime from /proc/uptime, using os.uptime() value
2026-06-02T16:33:29: PM2 warn: [pidusage] We couldn't find uptime from /proc/uptime, using os.uptime() value
2026-06-02T16:33:59: PM2 warn: [pidusage] We couldn't find uptime from /proc/uptime, using os.uptime() value
2026-06-02T16:34:29: PM2 warn: [pidusage] We couldn't find uptime from /proc/uptime, using os.uptime() value
2026-06-02T16:34:59: PM2 warn: [pidusage] We couldn't find uptime from /proc/uptime, using os.uptime() value
2026-06-02T16:35:29: PM2 warn: [pidusage] We couldn't find uptime from /proc/uptime, using os.uptime() value
2026-06-02T16:35:59: PM2 warn: [pidusage] We couldn't find uptime from /proc/uptime, using os.uptime() value
2026-06-02T16:36:29: PM2 warn: [pidusage] We couldn't find uptime from /proc/uptime, using os.uptime() value
2026-06-02T16:36:59: PM2 warn: [pidusage] We couldn't find uptime from /proc/uptime, using os.uptime() value
2026-06-02T16:37:29: PM2 warn: [pidusage] We couldn't find uptime from /proc/uptime, using os.uptime() value
2026-06-02T16:37:59: PM2 warn: [pidusage] We couldn't find uptime from /proc/uptime, using os.uptime() value
2026-06-02T16:38:29: PM2 warn: [pidusage] We couldn't find uptime from /proc/uptime, using os.uptime() value
2026-06-02T16:38:59: PM2 warn: [pidusage] We couldn't find uptime from /proc/uptime, using os.uptime() value
2026-06-02T16:39:29: PM2 warn: [pidusage] We couldn't find uptime from /proc/uptime, using os.uptime() value
2026-06-02T16:39:59: PM2 warn: [pidusage] We couldn't find uptime from /proc/uptime, using os.uptime() value
2026-06-02T16:40:29: PM2 warn: [pidusage] We couldn't find uptime from /proc/uptime, using os.uptime() value
2026-06-02T16:40:59: PM2 warn: [pidusage] We couldn't find uptime from /proc/uptime, using os.uptime() value
2026-06-02T16:41:29: PM2 warn: [pidusage] We couldn't find uptime from /proc/uptime, using os.uptime() value
2026-06-02T16:41:59: PM2 warn: [pidusage] We couldn't find uptime from /proc/uptime, using os.uptime() value
2026-06-02T16:42:29: PM2 warn: [pidusage] We couldn't find uptime from /proc/uptime, using os.uptime() value
2026-06-02T16:42:59: PM2 warn: [pidusage] We couldn't find uptime from /proc/uptime, using os.uptime() value
2026-06-02T16:43:29: PM2 warn: [pidusage] We couldn't find uptime from /proc/uptime, using os.uptime() value
2026-06-02T16:43:59: PM2 warn: [pidusage] We couldn't find uptime from /proc/uptime, using os.uptime() value
2026-06-02T16:44:29: PM2 warn: [pidusage] We couldn't find uptime from /proc/uptime, using os.uptime() value
2026-06-02T16:44:59: PM2 warn: [pidusage] We couldn't find uptime from /proc/uptime, using os.uptime() value
2026-06-02T16:45:29: PM2 warn: [pidusage] We couldn't find uptime from /proc/uptime, using os.uptime() value
2026-06-02T16:45:59: PM2 warn: [pidusage] We couldn't find uptime from /proc/uptime, using os.uptime() value
2026-06-02T16:46:29: PM2 warn: [pidusage] We couldn't find uptime from /proc/uptime, using os.uptime() value
2026-06-02T16:46:59: PM2 warn: [pidusage] We couldn't find uptime from /proc/uptime, using os.uptime() value
2026-06-02T16:47:29: PM2 warn: [pidusage] We couldn't find uptime from /proc/uptime, using os.uptime() value
2026-06-02T16:47:59: PM2 warn: [pidusage] We couldn't find uptime from /proc/uptime, using os.uptime() value
2026-06-02T16:48:29: PM2 warn: [pidusage] We couldn't find uptime from /proc/uptime, using os.uptime() value
2026-06-02T16:49:00: PM2 warn: [pidusage] We couldn't find uptime from /proc/uptime, using os.uptime() value
2026-06-02T16:49:29: PM2 warn: [pidusage] We couldn't find uptime from /proc/uptime, using os.uptime() value
2026-06-02T16:49:59: PM2 warn: [pidusage] We couldn't find uptime from /proc/uptime, using os.uptime() value
2026-06-02T16:50:29: PM2 warn: [pidusage] We couldn't find uptime from /proc/uptime, using os.uptime() value
2026-06-02T16:50:59: PM2 warn: [pidusage] We couldn't find uptime from /proc/uptime, using os.uptime() value
2026-06-02T16:51:29: PM2 warn: [pidusage] We couldn't find uptime from /proc/uptime, using os.uptime() value
2026-06-02T16:51:59: PM2 warn: [pidusage] We couldn't find uptime from /proc/uptime, using os.uptime() value
2026-06-02T16:52:29: PM2 warn: [pidusage] We couldn't find uptime from /proc/uptime, using os.uptime() value
2026-06-02T16:52:59: PM2 warn: [pidusage] We couldn't find uptime from /proc/uptime, using os.uptime() value
2026-06-02T16:53:29: PM2 warn: [pidusage] We couldn't find uptime from /proc/uptime, using os.uptime() value
2026-06-02T16:53:59: PM2 warn: [pidusage] We couldn't find uptime from /proc/uptime, using os.uptime() value
2026-06-02T16:54:29: PM2 warn: [pidusage] We couldn't find uptime from /proc/uptime, using os.uptime() value
2026-06-02T16:54:59: PM2 warn: [pidusage] We couldn't find uptime from /proc/uptime, using os.uptime() value
2026-06-02T16:55:29: PM2 warn: [pidusage] We couldn't find uptime from /proc/uptime, using os.uptime() value
2026-06-02T16:55:59: PM2 warn: [pidusage] We couldn't find uptime from /proc/uptime, using os.uptime() value
2026-06-02T16:56:29: PM2 warn: [pidusage] We couldn't find uptime from /proc/uptime, using os.uptime() value
2026-06-02T16:56:59: PM2 warn: [pidusage] We couldn't find uptime from /proc/uptime, using os.uptime() value
2026-06-02T16:57:29: PM2 warn: [pidusage] We couldn't find uptime from /proc/uptime, using os.uptime() value
2026-06-02T16:57:59: PM2 warn: [pidusage] We couldn't find uptime from /proc/uptime, using os.uptime() value
2026-06-02T16:58:29: PM2 warn: [pidusage] We couldn't find uptime from /proc/uptime, using os.uptime() value
2026-06-02T16:58:59: PM2 warn: [pidusage] We couldn't find uptime from /proc/uptime, using os.uptime() value
2026-06-02T16:59:29: PM2 warn: [pidusage] We couldn't find uptime from /proc/uptime, using os.uptime() value
2026-06-02T17:00:00: PM2 warn: [pidusage] We couldn't find uptime from /proc/uptime, using os.uptime() value
2026-06-02T17:00:29: PM2 warn: [pidusage] We couldn't find uptime from /proc/uptime, using os.uptime() value
2026-06-02T17:01:00: PM2 warn: [pidusage] We couldn't find uptime from /proc/uptime, using os.uptime() value
2026-06-02T17:01:30: PM2 warn: [pidusage] We couldn't find uptime from /proc/uptime, using os.uptime() value
2026-06-02T17:02:00: PM2 warn: [pidusage] We couldn't find uptime from /proc/uptime, using os.uptime() value
2026-06-02T17:02:30: PM2 warn: [pidusage] We couldn't find uptime from /proc/uptime, using os.uptime() value
2026-06-02T17:03:00: PM2 warn: [pidusage] We couldn't find uptime from /proc/uptime, using os.uptime() value
2026-06-02T17:03:30: PM2 warn: [pidusage] We couldn't find uptime from /proc/uptime, using os.uptime() value
2026-06-02T17:04:00: PM2 warn: [pidusage] We couldn't find uptime from /proc/uptime, using os.uptime() value
2026-06-02T17:04:30: PM2 warn: [pidusage] We couldn't find uptime from /proc/uptime, using os.uptime() value
2026-06-02T17:05:00: PM2 warn: [pidusage] We couldn't find uptime from /proc/uptime, using os.uptime() value
2026-06-02T17:05:30: PM2 warn: [pidusage] We couldn't find uptime from /proc/uptime, using os.uptime() value
2026-06-02T17:06:00: PM2 warn: [pidusage] We couldn't find uptime from /proc/uptime, using os.uptime() value
2026-06-02T17:06:30: PM2 warn: [pidusage] We couldn't find uptime from /proc/uptime, using os.uptime() value
2026-06-02T17:07:00: PM2 warn: [pidusage] We couldn't find uptime from /proc/uptime, using os.uptime() value
2026-06-02T17:07:30: PM2 warn: [pidusage] We couldn't find uptime from /proc/uptime, using os.uptime() value
2026-06-02T17:08:00: PM2 warn: [pidusage] We couldn't find uptime from /proc/uptime, using os.uptime() value
2026-06-02T17:08:30: PM2 warn: [pidusage] We couldn't find uptime from /proc/uptime, using os.uptime() value
2026-06-02T17:09:00: PM2 warn: [pidusage] We couldn't find uptime from /proc/uptime, using os.uptime() value
2026-06-02T17:09:30: PM2 warn: [pidusage] We couldn't find uptime from /proc/uptime, using os.uptime() value
2026-06-02T17:10:00: PM2 warn: [pidusage] We couldn't find uptime from /proc/uptime, using os.uptime() value
2026-06-02T17:10:30: PM2 warn: [pidusage] We couldn't find uptime from /proc/uptime, using os.uptime() value
2026-06-02T17:11:00: PM2 warn: [pidusage] We couldn't find uptime from /proc/uptime, using os.uptime() value
2026-06-02T17:11:30: PM2 warn: [pidusage] We couldn't find uptime from /proc/uptime, using os.uptime() value
2026-06-02T17:12:00: PM2 warn: [pidusage] We couldn't find uptime from /proc/uptime, using os.uptime() value
2026-06-02T17:12:30: PM2 warn: [pidusage] We couldn't find uptime from /proc/uptime, using os.uptime() value
2026-06-02T17:13:00: PM2 warn: [pidusage] We couldn't find uptime from /proc/uptime, using os.uptime() value
2026-06-02T17:13:30: PM2 warn: [pidusage] We couldn't find uptime from /proc/uptime, using os.uptime() value
2026-06-02T17:14:00: PM2 warn: [pidusage] We couldn't find uptime from /proc/uptime, using os.uptime() value
2026-06-02T17:14:30: PM2 warn: [pidusage] We couldn't find uptime from /proc/uptime, using os.uptime() value
2026-06-02T17:15:00: PM2 warn: [pidusage] We couldn't find uptime from /proc/uptime, using os.uptime() value
2026-06-02T17:15:30: PM2 warn: [pidusage] We couldn't find uptime from /proc/uptime, using os.uptime() value
2026-06-02T17:16:00: PM2 warn: [pidusage] We couldn't find uptime from /proc/uptime, using os.uptime() value
2026-06-02T17:16:30: PM2 warn: [pidusage] We couldn't find uptime from /proc/uptime, using os.uptime() value
2026-06-02T17:17:00: PM2 warn: [pidusage] We couldn't find uptime from /proc/uptime, using os.uptime() value
2026-06-02T17:17:30: PM2 warn: [pidusage] We couldn't find uptime from /proc/uptime, using os.uptime() value
2026-06-02T17:18:00: PM2 warn: [pidusage] We couldn't find uptime from /proc/uptime, using os.uptime() value
2026-06-02T17:18:30: PM2 warn: [pidusage] We couldn't find uptime from /proc/uptime, using os.uptime() value
2026-06-02T17:19:00: PM2 warn: [pidusage] We couldn't find uptime from /proc/uptime, using os.uptime() value
2026-06-02T17:19:30: PM2 warn: [pidusage] We couldn't find uptime from /proc/uptime, using os.uptime() value
2026-06-02T17:20:00: PM2 warn: [pidusage] We couldn't find uptime from /proc/uptime, using os.uptime() value
2026-06-02T17:20:30: PM2 warn: [pidusage] We couldn't find uptime from /proc/uptime, using os.uptime() value
2026-06-02T17:21:00: PM2 warn: [pidusage] We couldn't find uptime from /proc/uptime, using os.uptime() value
2026-06-02T17:21:30: PM2 warn: [pidusage] We couldn't find uptime from /proc/uptime, using os.uptime() value
2026-06-02T17:22:00: PM2 warn: [pidusage] We couldn't find uptime from /proc/uptime, using os.uptime() value
2026-06-02T17:22:30: PM2 warn: [pidusage] We couldn't find uptime from /proc/uptime, using os.uptime() value
2026-06-02T17:23:00: PM2 warn: [pidusage] We couldn't find uptime from /proc/uptime, using os.uptime() value
2026-06-02T17:23:30: PM2 warn: [pidusage] We couldn't find uptime from /proc/uptime, using os.uptime() value
2026-06-02T17:24:00: PM2 warn: [pidusage] We couldn't find uptime from /proc/uptime, using os.uptime() value
2026-06-02T17:24:30: PM2 warn: [pidusage] We couldn't find uptime from /proc/uptime, using os.uptime() value
2026-06-02T17:25:00: PM2 warn: [pidusage] We couldn't find uptime from /proc/uptime, using os.uptime() value
2026-06-02T17:25:30: PM2 warn: [pidusage] We couldn't find uptime from /proc/uptime, using os.uptime() value
2026-06-02T17:26:00: PM2 warn: [pidusage] We couldn't find uptime from /proc/uptime, using os.uptime() value
2026-06-02T17:26:30: PM2 warn: [pidusage] We couldn't find uptime from /proc/uptime, using os.uptime() value
2026-06-02T17:27:00: PM2 warn: [pidusage] We couldn't find uptime from /proc/uptime, using os.uptime() value
2026-06-02T17:27:30: PM2 warn: [pidusage] We couldn't find uptime from /proc/uptime, using os.uptime() value
2026-06-02T17:28:00: PM2 warn: [pidusage] We couldn't find uptime from /proc/uptime, using os.uptime() value
2026-06-02T17:28:30: PM2 warn: [pidusage] We couldn't find uptime from /proc/uptime, using os.uptime() value
2026-06-02T17:29:00: PM2 warn: [pidusage] We couldn't find uptime from /proc/uptime, using os.uptime() value
2026-06-02T17:29:30: PM2 warn: [pidusage] We couldn't find uptime from /proc/uptime, using os.uptime() value
2026-06-02T17:30:00: PM2 warn: [pidusage] We couldn't find uptime from /proc/uptime, using os.uptime() value
2026-06-02T17:30:30: PM2 warn: [pidusage] We couldn't find uptime from /proc/uptime, using os.uptime() value
2026-06-02T17:31:00: PM2 warn: [pidusage] We couldn't find uptime from /proc/uptime, using os.uptime() value
2026-06-02T17:31:30: PM2 warn: [pidusage] We couldn't find uptime from /proc/uptime, using os.uptime() value
2026-06-02T17:32:00: PM2 warn: [pidusage] We couldn't find uptime from /proc/uptime, using os.uptime() value
2026-06-02T17:32:30: PM2 warn: [pidusage] We couldn't find uptime from /proc/uptime, using os.uptime() value
2026-06-02T17:33:00: PM2 warn: [pidusage] We couldn't find uptime from /proc/uptime, using os.uptime() value
2026-06-02T17:33:30: PM2 warn: [pidusage] We couldn't find uptime from /proc/uptime, using os.uptime() value
2026-06-02T17:34:00: PM2 warn: [pidusage] We couldn't find uptime from /proc/uptime, using os.uptime() value
2026-06-02T17:34:30: PM2 warn: [pidusage] We couldn't find uptime from /proc/uptime, using os.uptime() value
2026-06-02T17:35:00: PM2 warn: [pidusage] We couldn't find uptime from /proc/uptime, using os.uptime() value
2026-06-02T17:35:30: PM2 warn: [pidusage] We couldn't find uptime from /proc/uptime, using os.uptime() value
2026-06-02T17:36:00: PM2 warn: [pidusage] We couldn't find uptime from /proc/uptime, using os.uptime() value
2026-06-02T17:36:30: PM2 warn: [pidusage] We couldn't find uptime from /proc/uptime, using os.uptime() value
2026-06-02T17:37:00: PM2 warn: [pidusage] We couldn't find uptime from /proc/uptime, using os.uptime() value
2026-06-02T17:37:30: PM2 warn: [pidusage] We couldn't find uptime from /proc/uptime, using os.uptime() value
2026-06-02T17:38:00: PM2 warn: [pidusage] We couldn't find uptime from /proc/uptime, using os.uptime() value
2026-06-02T17:38:30: PM2 warn: [pidusage] We couldn't find uptime from /proc/uptime, using os.uptime() value
2026-06-02T17:39:00: PM2 warn: [pidusage] We couldn't find uptime from /proc/uptime, using os.uptime() value
2026-06-02T17:39:30: PM2 warn: [pidusage] We couldn't find uptime from /proc/uptime, using os.uptime() value
2026-06-02T17:40:00: PM2 warn: [pidusage] We couldn't find uptime from /proc/uptime, using os.uptime() value
2026-06-02T17:40:30: PM2 warn: [pidusage] We couldn't find uptime from /proc/uptime, using os.uptime() value
2026-06-02T17:41:00: PM2 warn: [pidusage] We couldn't find uptime from /proc/uptime, using os.uptime() value
2026-06-02T17:41:30: PM2 warn: [pidusage] We couldn't find uptime from /proc/uptime, using os.uptime() value
2026-06-02T17:42:00: PM2 warn: [pidusage] We couldn't find uptime from /proc/uptime, using os.uptime() value
2026-06-02T17:42:30: PM2 warn: [pidusage] We couldn't find uptime from /proc/uptime, using os.uptime() value
2026-06-02T17:43:00: PM2 warn: [pidusage] We couldn't find uptime from /proc/uptime, using os.uptime() value
2026-06-02T17:43:30: PM2 warn: [pidusage] We couldn't find uptime from /proc/uptime, using os.uptime() value
2026-06-02T17:44:00: PM2 warn: [pidusage] We couldn't find uptime from /proc/uptime, using os.uptime() value
2026-06-02T17:44:30: PM2 warn: [pidusage] We couldn't find uptime from /proc/uptime, using os.uptime() value
2026-06-02T17:45:00: PM2 warn: [pidusage] We couldn't find uptime from /proc/uptime, using os.uptime() value
2026-06-02T17:45:30: PM2 warn: [pidusage] We couldn't find uptime from /proc/uptime, using os.uptime() value
2026-06-02T17:46:00: PM2 warn: [pidusage] We couldn't find uptime from /proc/uptime, using os.uptime() value
2026-06-02T17:46:30: PM2 warn: [pidusage] We couldn't find uptime from /proc/uptime, using os.uptime() value
2026-06-02T17:47:00: PM2 warn: [pidusage] We couldn't find uptime from /proc/uptime, using os.uptime() value
2026-06-02T17:47:30: PM2 warn: [pidusage] We couldn't find uptime from /proc/uptime, using os.uptime() value
2026-06-02T17:48:00: PM2 warn: [pidusage] We couldn't find uptime from /proc/uptime, using os.uptime() value
2026-06-02T17:48:30: PM2 warn: [pidusage] We couldn't find uptime from /proc/uptime, using os.uptime() value
2026-06-02T17:49:00: PM2 warn: [pidusage] We couldn't find uptime from /proc/uptime, using os.uptime() value
2026-06-02T17:49:30: PM2 warn: [pidusage] We couldn't find uptime from /proc/uptime, using os.uptime() value
2026-06-02T17:50:00: PM2 warn: [pidusage] We couldn't find uptime from /proc/uptime, using os.uptime() value
2026-06-02T17:50:30: PM2 warn: [pidusage] We couldn't find uptime from /proc/uptime, using os.uptime() value
2026-06-02T17:51:00: PM2 warn: [pidusage] We couldn't find uptime from /proc/uptime, using os.uptime() value
2026-06-02T17:51:30: PM2 warn: [pidusage] We couldn't find uptime from /proc/uptime, using os.uptime() value
2026-06-02T17:52:00: PM2 warn: [pidusage] We couldn't find uptime from /proc/uptime, using os.uptime() value
2026-06-02T17:52:30: PM2 warn: [pidusage] We couldn't find uptime from /proc/uptime, using os.uptime() value
2026-06-02T17:53:00: PM2 warn: [pidusage] We couldn't find uptime from /proc/uptime, using os.uptime() value
2026-06-02T17:53:30: PM2 warn: [pidusage] We couldn't find uptime from /proc/uptime, using os.uptime() value
2026-06-02T17:54:00: PM2 warn: [pidusage] We couldn't find uptime from /proc/uptime, using os.uptime() value
2026-06-02T17:54:30: PM2 warn: [pidusage] We couldn't find uptime from /proc/uptime, using os.uptime() value
2026-06-02T17:55:00: PM2 warn: [pidusage] We couldn't find uptime from /proc/uptime, using os.uptime() value
2026-06-02T17:55:30: PM2 warn: [pidusage] We couldn't find uptime from /proc/uptime, using os.uptime() value
2026-06-02T17:56:00: PM2 warn: [pidusage] We couldn't find uptime from /proc/uptime, using os.uptime() value
2026-06-02T17:56:30: PM2 warn: [pidusage] We couldn't find uptime from /proc/uptime, using os.uptime() value
2026-06-02T17:57:00: PM2 warn: [pidusage] We couldn't find uptime from /proc/uptime, using os.uptime() value
2026-06-02T17:57:30: PM2 warn: [pidusage] We couldn't find uptime from /proc/uptime, using os.uptime() value
2026-06-02T17:58:00: PM2 warn: [pidusage] We couldn't find uptime from /proc/uptime, using os.uptime() value
2026-06-02T17:58:30: PM2 warn: [pidusage] We couldn't find uptime from /proc/uptime, using os.uptime() value
2026-06-02T17:59:00: PM2 warn: [pidusage] We couldn't find uptime from /proc/uptime, using os.uptime() value
2026-06-02T17:59:30: PM2 warn: [pidusage] We couldn't find uptime from /proc/uptime, using os.uptime() value
2026-06-02T18:00:00: PM2 warn: [pidusage] We couldn't find uptime from /proc/uptime, using os.uptime() value
2026-06-02T18:00:30: PM2 warn: [pidusage] We couldn't find uptime from /proc/uptime, using os.uptime() value
2026-06-02T18:01:00: PM2 warn: [pidusage] We couldn't find uptime from /proc/uptime, using os.uptime() value
2026-06-02T18:01:30: PM2 warn: [pidusage] We couldn't find uptime from /proc/uptime, using os.uptime() value
2026-06-02T18:02:00: PM2 warn: [pidusage] We couldn't find uptime from /proc/uptime, using os.uptime() value
2026-06-02T18:02:30: PM2 warn: [pidusage] We couldn't find uptime from /proc/uptime, using os.uptime() value
2026-06-02T18:03:00: PM2 warn: [pidusage] We couldn't find uptime from /proc/uptime, using os.uptime() value
2026-06-02T18:03:30: PM2 warn: [pidusage] We couldn't find uptime from /proc/uptime, using os.uptime() value
2026-06-02T18:04:00: PM2 warn: [pidusage] We couldn't find uptime from /proc/uptime, using os.uptime() value
2026-06-02T18:04:30: PM2 warn: [pidusage] We couldn't find uptime from /proc/uptime, using os.uptime() value
2026-06-02T18:05:00: PM2 warn: [pidusage] We couldn't find uptime from /proc/uptime, using os.uptime() value
2026-06-02T18:05:30: PM2 warn: [pidusage] We couldn't find uptime from /proc/uptime, using os.uptime() value
2026-06-02T18:06:00: PM2 warn: [pidusage] We couldn't find uptime from /proc/uptime, using os.uptime() value
2026-06-02T18:06:30: PM2 warn: [pidusage] We couldn't find uptime from /proc/uptime, using os.uptime() value
2026-06-02T18:07:00: PM2 warn: [pidusage] We couldn't find uptime from /proc/uptime, using os.uptime() value
2026-06-02T18:07:30: PM2 warn: [pidusage] We couldn't find uptime from /proc/uptime, using os.uptime() value
